PERF {"pid":77016,"phase":"lock-wait","start_ns":1789219402817433000,"ns":86375}
PERF {"pid":77016,"phase":"git:for-each-ref","start_ns":1789219402817571000,"ns":8418500}
PERF {"pid":77016,"phase":"git:cat-file","start_ns":1789219402826041000,"ns":8421583}
PERF {"pid":77016,"phase":"git:ls-tree","start_ns":1789219402834524000,"ns":7563542}
PERF {"pid":77016,"phase":"git:cat-file","start_ns":1789219402842158000,"ns":13139042}
PERF {"pid":77016,"phase":"read","start_ns":1789219402817569000,"ns":54401333}
PERF {"pid":77016,"phase":"encode-before","start_ns":1789219402872021000,"ns":8329167}
PERF {"pid":77016,"phase":"encode-after","start_ns":1789219402880442000,"ns":7889375}
PERF {"pid":77016,"phase":"git:cat-file","start_ns":1789219402890511000,"ns":10974042}
PERF {"pid":77016,"phase":"git:rev-parse","start_ns":1789219402901818000,"ns":8015292}
PERF {"pid":77016,"phase":"git:rev-parse","start_ns":1789219402909890000,"ns":7845833}
PERF {"pid":77016,"phase":"git:rev-parse","start_ns":1789219402917809000,"ns":7929584}
PERF {"pid":77016,"phase":"git:rev-parse","start_ns":1789219402925810000,"ns":8389958}
PERF {"pid":77016,"phase":"git:rev-parse","start_ns":1789219402934243000,"ns":8108542}
PERF {"pid":77016,"phase":"git:rev-parse","start_ns":1789219402942417000,"ns":8293791}
PERF {"pid":77016,"phase":"git:rev-parse","start_ns":1789219402950747000,"ns":7353958}
PERF {"pid":77016,"phase":"git:rev-parse","start_ns":1789219402958147000,"ns":7579833}
PERF {"pid":77016,"phase":"git:rev-parse","start_ns":1789219402965818000,"ns":8128417}
PERF {"pid":77016,"phase":"git:rev-parse","start_ns":1789219402974036000,"ns":7194625}
PERF {"pid":77016,"phase":"git:rev-parse","start_ns":1789219402981286000,"ns":7610958}
PERF {"pid":77016,"phase":"git:rev-parse","start_ns":1789219402988960000,"ns":7566417}
PERF {"pid":77016,"phase":"git:rev-parse","start_ns":1789219402996584000,"ns":7111208}
PERF {"pid":77016,"phase":"git:rev-parse","start_ns":1789219403003738000,"ns":8454875}
PERF {"pid":77016,"phase":"git:rev-parse","start_ns":1789219403012234000,"ns":7927208}
PERF {"pid":77016,"phase":"git:rev-parse","start_ns":1789219403020203000,"ns":7427250}
PERF {"pid":77016,"phase":"git:rev-parse","start_ns":1789219403027679000,"ns":7851208}
PERF {"pid":77016,"phase":"git:rev-parse","start_ns":1789219403035590000,"ns":7464709}
PERF {"pid":77016,"phase":"git:rev-parse","start_ns":1789219403043093000,"ns":8023375}
PERF {"pid":77016,"phase":"git:rev-parse","start_ns":1789219403051161000,"ns":7971834}
PERF {"pid":77016,"phase":"git:rev-parse","start_ns":1789219403059173000,"ns":7693417}
PERF {"pid":77016,"phase":"git:rev-parse","start_ns":1789219403066909000,"ns":8104125}
PERF {"pid":77016,"phase":"git:rev-parse","start_ns":1789219403075059000,"ns":8041541}
PERF {"pid":77016,"phase":"git:rev-parse","start_ns":1789219403083144000,"ns":7274708}
PERF {"pid":77016,"phase":"git:rev-parse","start_ns":1789219403090489000,"ns":7624083}
PERF {"pid":77016,"phase":"git:rev-parse","start_ns":1789219403098196000,"ns":7074333}
PERF {"pid":77016,"phase":"git:rev-parse","start_ns":1789219403105312000,"ns":7983959}
PERF {"pid":77016,"phase":"git:rev-parse","start_ns":1789219403113344000,"ns":6754209}
PERF {"pid":77016,"phase":"git:rev-parse","start_ns":1789219403120133000,"ns":8717750}
PERF {"pid":77016,"phase":"git:rev-parse","start_ns":1789219403128897000,"ns":8105958}
PERF {"pid":77016,"phase":"git:rev-parse","start_ns":1789219403137051000,"ns":7470500}
PERF {"pid":77016,"phase":"git:rev-parse","start_ns":1789219403144602000,"ns":7327375}
PERF {"pid":77016,"phase":"git:rev-parse","start_ns":1789219403151971000,"ns":7691875}
PERF {"pid":77016,"phase":"git:rev-parse","start_ns":1789219403159697000,"ns":7595292}
PERF {"pid":77016,"phase":"git:rev-parse","start_ns":1789219403167324000,"ns":7421708}
PERF {"pid":77016,"phase":"git:rev-parse","start_ns":1789219403174783000,"ns":7927834}
PERF {"pid":77016,"phase":"git:rev-parse","start_ns":1789219403182751000,"ns":6895916}
PERF {"pid":77016,"phase":"git:rev-parse","start_ns":1789219403189689000,"ns":7949750}
PERF {"pid":77016,"phase":"git:rev-parse","start_ns":1789219403197675000,"ns":7605333}
PERF {"pid":77016,"phase":"git:rev-parse","start_ns":1789219403205355000,"ns":7392083}
PERF {"pid":77016,"phase":"git:rev-parse","start_ns":1789219403212790000,"ns":7590333}
PERF {"pid":77016,"phase":"git:rev-parse","start_ns":1789219403220424000,"ns":8068834}
PERF {"pid":77016,"phase":"git:rev-parse","start_ns":1789219403228522000,"ns":7594542}
PERF {"pid":77016,"phase":"git:rev-parse","start_ns":1789219403236174000,"ns":7226792}
PERF {"pid":77016,"phase":"git:rev-parse","start_ns":1789219403243441000,"ns":7437708}
PERF {"pid":77016,"phase":"git:rev-parse","start_ns":1789219403250915000,"ns":8194000}
PERF {"pid":77016,"phase":"git:rev-parse","start_ns":1789219403259143000,"ns":7713291}
PERF {"pid":77016,"phase":"git:rev-parse","start_ns":1789219403266892000,"ns":8119041}
PERF {"pid":77016,"phase":"git:rev-parse","start_ns":1789219403275048000,"ns":7329000}
PERF {"pid":77016,"phase":"git:rev-parse","start_ns":1789219403282437000,"ns":7425625}
PERF {"pid":77016,"phase":"git:rev-parse","start_ns":1789219403289903000,"ns":8112375}
PERF {"pid":77016,"phase":"git:rev-parse","start_ns":1789219403298038000,"ns":7798167}
PERF {"pid":77016,"phase":"git:rev-parse","start_ns":1789219403305883000,"ns":7581500}
PERF {"pid":77016,"phase":"git:rev-parse","start_ns":1789219403313508000,"ns":7913833}
PERF {"pid":77016,"phase":"git:rev-parse","start_ns":1789219403321480000,"ns":7097208}
PERF {"pid":77016,"phase":"git:rev-parse","start_ns":1789219403328612000,"ns":6772375}
PERF {"pid":77016,"phase":"git:rev-parse","start_ns":1789219403335417000,"ns":7897917}
PERF {"pid":77016,"phase":"git:rev-parse","start_ns":1789219403343344000,"ns":7700833}
PERF {"pid":77016,"phase":"git:rev-parse","start_ns":1789219403351080000,"ns":7685958}
PERF {"pid":77016,"phase":"git:rev-parse","start_ns":1789219403358801000,"ns":7839875}
PERF {"pid":77016,"phase":"git:rev-parse","start_ns":1789219403366671000,"ns":7165583}
PERF {"pid":77016,"phase":"git:rev-parse","start_ns":1789219403373879000,"ns":7345708}
PERF {"pid":77016,"phase":"git:rev-parse","start_ns":1789219403381268000,"ns":7513292}
PERF {"pid":77016,"phase":"git:rev-parse","start_ns":1789219403388823000,"ns":7403666}
PERF {"pid":77016,"phase":"git:rev-parse","start_ns":1789219403396261000,"ns":6868459}
PERF {"pid":77016,"phase":"git:rev-parse","start_ns":1789219403403217000,"ns":7983209}
PERF {"pid":77016,"phase":"git:rev-parse","start_ns":1789219403411243000,"ns":7476250}
PERF {"pid":77016,"phase":"git:rev-parse","start_ns":1789219403418806000,"ns":7581125}
PERF {"pid":77016,"phase":"git:rev-parse","start_ns":1789219403426419000,"ns":7791917}
PERF {"pid":77016,"phase":"git:rev-parse","start_ns":1789219403434241000,"ns":7500208}
PERF {"pid":77016,"phase":"git:rev-parse","start_ns":1789219403441777000,"ns":8061125}
PERF {"pid":77016,"phase":"git:rev-parse","start_ns":1789219403449871000,"ns":6763875}
PERF {"pid":77016,"phase":"git:rev-parse","start_ns":1789219403456672000,"ns":7645958}
PERF {"pid":77016,"phase":"git:rev-parse","start_ns":1789219403464381000,"ns":7408541}
PERF {"pid":77016,"phase":"git:rev-parse","start_ns":1789219403471856000,"ns":6838458}
PERF {"pid":77016,"phase":"git:rev-parse","start_ns":1789219403478766000,"ns":7620208}
PERF {"pid":77016,"phase":"git:rev-parse","start_ns":1789219403486456000,"ns":7355542}
PERF {"pid":77016,"phase":"git:rev-parse","start_ns":1789219403493842000,"ns":7375250}
PERF {"pid":77016,"phase":"git:rev-parse","start_ns":1789219403501261000,"ns":7782625}
PERF {"pid":77016,"phase":"git:rev-parse","start_ns":1789219403509081000,"ns":7491875}
PERF {"pid":77016,"phase":"git:rev-parse","start_ns":1789219403520085000,"ns":7455458}
PERF {"pid":77016,"phase":"git:rev-parse","start_ns":1789219403529658000,"ns":6438417}
PERF {"pid":77016,"phase":"git:rev-parse","start_ns":1789219403537731000,"ns":6907625}
PERF {"pid":77016,"phase":"git:rev-parse","start_ns":1789219403544707000,"ns":7201791}
PERF {"pid":77016,"phase":"git:rev-parse","start_ns":1789219403551941000,"ns":7615166}
PERF {"pid":77016,"phase":"git:rev-parse","start_ns":1789219403559589000,"ns":7650625}
PERF {"pid":77016,"phase":"git:rev-parse","start_ns":1789219403567281000,"ns":7114292}
PERF {"pid":77016,"phase":"git:rev-parse","start_ns":1789219403574434000,"ns":8186292}
PERF {"pid":77016,"phase":"git:rev-parse","start_ns":1789219403582664000,"ns":8155292}
PERF {"pid":77016,"phase":"git:rev-parse","start_ns":1789219403590857000,"ns":7746209}
PERF {"pid":77016,"phase":"git:rev-parse","start_ns":1789219403598643000,"ns":6749750}
PERF {"pid":77016,"phase":"git:rev-parse","start_ns":1789219403605431000,"ns":7605083}
PERF {"pid":77016,"phase":"git:rev-parse","start_ns":1789219403613070000,"ns":7320000}
PERF {"pid":77016,"phase":"git:rev-parse","start_ns":1789219403620445000,"ns":7426708}
PERF {"pid":77016,"phase":"git:rev-parse","start_ns":1789219403627961000,"ns":7748500}
PERF {"pid":77016,"phase":"git:rev-parse","start_ns":1789219403635802000,"ns":7328250}
PERF {"pid":77016,"phase":"git:rev-parse","start_ns":1789219403643169000,"ns":7781833}
PERF {"pid":77016,"phase":"git:rev-parse","start_ns":1789219403650985000,"ns":8457333}
PERF {"pid":77016,"phase":"git:rev-parse","start_ns":1789219403659472000,"ns":7675583}
PERF {"pid":77016,"phase":"git:rev-parse","start_ns":1789219403667181000,"ns":8494125}
PERF {"pid":77016,"phase":"git:rev-parse","start_ns":1789219403675744000,"ns":9867209}
PERF {"pid":77016,"phase":"git:rev-parse","start_ns":1789219403685727000,"ns":8374416}
PERF {"pid":77016,"phase":"git:rev-parse","start_ns":1789219403694179000,"ns":8153500}
PERF {"pid":77016,"phase":"git:rev-parse","start_ns":1789219403702369000,"ns":7334833}
PERF {"pid":77016,"phase":"git:rev-parse","start_ns":1789219403709738000,"ns":7569750}
PERF {"pid":77016,"phase":"git:rev-parse","start_ns":1789219403717338000,"ns":7666916}
PERF {"pid":77016,"phase":"git:rev-parse","start_ns":1789219403725042000,"ns":7091917}
PERF {"pid":77016,"phase":"git:rev-parse","start_ns":1789219403732170000,"ns":7720667}
PERF {"pid":77016,"phase":"git:rev-parse","start_ns":1789219403739935000,"ns":7392667}
PERF {"pid":77016,"phase":"git:rev-parse","start_ns":1789219403747365000,"ns":7665125}
PERF {"pid":77016,"phase":"git:rev-parse","start_ns":1789219403755110000,"ns":7093167}
PERF {"pid":77016,"phase":"git:rev-parse","start_ns":1789219403762240000,"ns":7297791}
PERF {"pid":77016,"phase":"git:rev-parse","start_ns":1789219403769580000,"ns":8126125}
PERF {"pid":77016,"phase":"git:rev-parse","start_ns":1789219403777740000,"ns":7414042}
PERF {"pid":77016,"phase":"git:rev-parse","start_ns":1789219403785194000,"ns":8415708}
PERF {"pid":77016,"phase":"git:rev-parse","start_ns":1789219403793673000,"ns":7635000}
PERF {"pid":77016,"phase":"git:rev-parse","start_ns":1789219403801338000,"ns":8529792}
PERF {"pid":77016,"phase":"git:rev-parse","start_ns":1789219403809900000,"ns":7507542}
PERF {"pid":77016,"phase":"git:rev-parse","start_ns":1789219403817447000,"ns":8314917}
PERF {"pid":77016,"phase":"git:rev-parse","start_ns":1789219403825799000,"ns":7540208}
PERF {"pid":77016,"phase":"git:rev-parse","start_ns":1789219403833384000,"ns":8248542}
PERF {"pid":77016,"phase":"git:rev-parse","start_ns":1789219403841676000,"ns":7650791}
PERF {"pid":77016,"phase":"git:rev-parse","start_ns":1789219403849362000,"ns":6608750}
PERF {"pid":77016,"phase":"git:rev-parse","start_ns":1789219403856023000,"ns":6955500}
PERF {"pid":77016,"phase":"git:rev-parse","start_ns":1789219403863017000,"ns":8363917}
PERF {"pid":77016,"phase":"git:rev-parse","start_ns":1789219403871422000,"ns":8544167}
PERF {"pid":77016,"phase":"git:rev-parse","start_ns":1789219403880008000,"ns":7891625}
PERF {"pid":77016,"phase":"git:rev-parse","start_ns":1789219403887936000,"ns":8056666}
PERF {"pid":77016,"phase":"git:rev-parse","start_ns":1789219403896034000,"ns":8597125}
PERF {"pid":77016,"phase":"git:rev-parse","start_ns":1789219403904664000,"ns":8184875}
PERF {"pid":77016,"phase":"git:rev-parse","start_ns":1789219403912891000,"ns":8614792}
PERF {"pid":77016,"phase":"git:rev-parse","start_ns":1789219403921540000,"ns":8274875}
PERF {"pid":77016,"phase":"git:rev-parse","start_ns":1789219403929852000,"ns":8531125}
PERF {"pid":77016,"phase":"git:rev-parse","start_ns":1789219403938433000,"ns":10929000}
PERF {"pid":77016,"phase":"git:rev-parse","start_ns":1789219403949432000,"ns":8121666}
PERF {"pid":77016,"phase":"git:rev-parse","start_ns":1789219403957663000,"ns":7771125}
PERF {"pid":77016,"phase":"git:rev-parse","start_ns":1789219403965472000,"ns":7190208}
PERF {"pid":77016,"phase":"git:rev-parse","start_ns":1789219403972690000,"ns":8038250}
PERF {"pid":77016,"phase":"git:rev-parse","start_ns":1789219403980759000,"ns":8086375}
PERF {"pid":77016,"phase":"git:rev-parse","start_ns":1789219403988890000,"ns":8194292}
PERF {"pid":77016,"phase":"git:rev-parse","start_ns":1789219403997124000,"ns":8959333}
PERF {"pid":77016,"phase":"git:rev-parse","start_ns":1789219404006118000,"ns":7729625}
PERF {"pid":77016,"phase":"git:rev-parse","start_ns":1789219404013889000,"ns":7918166}
PERF {"pid":77016,"phase":"git:rev-parse","start_ns":1789219404021854000,"ns":7774541}
PERF {"pid":77016,"phase":"git:rev-parse","start_ns":1789219404029674000,"ns":8019209}
PERF {"pid":77016,"phase":"git:rev-parse","start_ns":1789219404037724000,"ns":7488834}
PERF {"pid":77016,"phase":"git:rev-parse","start_ns":1789219404045264000,"ns":7652375}
PERF {"pid":77016,"phase":"git:rev-parse","start_ns":1789219404052981000,"ns":8904167}
PERF {"pid":77016,"phase":"git:rev-parse","start_ns":1789219404061952000,"ns":8313833}
PERF {"pid":77016,"phase":"git:rev-parse","start_ns":1789219404070326000,"ns":7354458}
PERF {"pid":77016,"phase":"git:rev-parse","start_ns":1789219404077748000,"ns":7378833}
PERF {"pid":77016,"phase":"git:rev-parse","start_ns":1789219404085164000,"ns":7670875}
PERF {"pid":77016,"phase":"git:rev-parse","start_ns":1789219404092871000,"ns":7412833}
PERF {"pid":77016,"phase":"git:rev-parse","start_ns":1789219404100324000,"ns":8197209}
PERF {"pid":77016,"phase":"git:rev-parse","start_ns":1789219404108558000,"ns":6921791}
PERF {"pid":77016,"phase":"git:rev-parse","start_ns":1789219404115550000,"ns":6433750}
PERF {"pid":77016,"phase":"git:rev-parse","start_ns":1789219404122020000,"ns":8789792}
PERF {"pid":77016,"phase":"git:rev-parse","start_ns":1789219404130850000,"ns":7325042}
PERF {"pid":77016,"phase":"git:rev-parse","start_ns":1789219404138222000,"ns":8851042}
PERF {"pid":77016,"phase":"git:rev-parse","start_ns":1789219404147116000,"ns":7657542}
PERF {"pid":77016,"phase":"git:rev-parse","start_ns":1789219404154924000,"ns":7930375}
PERF {"pid":77016,"phase":"git:rev-parse","start_ns":1789219404162891000,"ns":7984792}
PERF {"pid":77016,"phase":"git:rev-parse","start_ns":1789219404170910000,"ns":8258792}
PERF {"pid":77016,"phase":"git:rev-parse","start_ns":1789219404179193000,"ns":7751834}
PERF {"pid":77016,"phase":"git:rev-parse","start_ns":1789219404186996000,"ns":7359583}
PERF {"pid":77016,"phase":"git:rev-parse","start_ns":1789219404194402000,"ns":7408084}
PERF {"pid":77016,"phase":"git:rev-parse","start_ns":1789219404201871000,"ns":7543083}
PERF {"pid":77016,"phase":"git:rev-parse","start_ns":1789219404209470000,"ns":7516458}
PERF {"pid":77016,"phase":"git:rev-parse","start_ns":1789219404217031000,"ns":6468292}
PERF {"pid":77016,"phase":"git:rev-parse","start_ns":1789219404223532000,"ns":6962417}
PERF {"pid":77016,"phase":"git:rev-parse","start_ns":1789219404230535000,"ns":7650708}
PERF {"pid":77016,"phase":"git:rev-parse","start_ns":1789219404238221000,"ns":7558250}
PERF {"pid":77016,"phase":"git:rev-parse","start_ns":1789219404245837000,"ns":7699666}
PERF {"pid":77016,"phase":"git:rev-parse","start_ns":1789219404253609000,"ns":7513292}
PERF {"pid":77016,"phase":"git:rev-parse","start_ns":1789219404261171000,"ns":7857584}
PERF {"pid":77016,"phase":"git:rev-parse","start_ns":1789219404269119000,"ns":7385250}
PERF {"pid":77016,"phase":"git:rev-parse","start_ns":1789219404276564000,"ns":7443083}
PERF {"pid":77016,"phase":"git:rev-parse","start_ns":1789219404284109000,"ns":6918958}
PERF {"pid":77016,"phase":"git:rev-parse","start_ns":1789219404291067000,"ns":6967917}
PERF {"pid":77016,"phase":"git:rev-parse","start_ns":1789219404298064000,"ns":7938083}
PERF {"pid":77016,"phase":"git:rev-parse","start_ns":1789219404306050000,"ns":7379500}
PERF {"pid":77016,"phase":"git:rev-parse","start_ns":1789219404313467000,"ns":7508000}
PERF {"pid":77016,"phase":"git:rev-parse","start_ns":1789219404321016000,"ns":7630667}
PERF {"pid":77016,"phase":"git:rev-parse","start_ns":1789219404328687000,"ns":8340667}
PERF {"pid":77016,"phase":"git:rev-parse","start_ns":1789219404337062000,"ns":7447625}
PERF {"pid":77016,"phase":"git:rev-parse","start_ns":1789219404344571000,"ns":7752125}
PERF {"pid":77016,"phase":"git:rev-parse","start_ns":1789219404352398000,"ns":9236125}
PERF {"pid":77016,"phase":"git:rev-parse","start_ns":1789219404361681000,"ns":7789250}
PERF {"pid":77016,"phase":"git:rev-parse","start_ns":1789219404369528000,"ns":7790000}
PERF {"pid":77016,"phase":"git:rev-parse","start_ns":1789219404377363000,"ns":8556750}
PERF {"pid":77016,"phase":"git:rev-parse","start_ns":1789219404385947000,"ns":7742875}
PERF {"pid":77016,"phase":"git:rev-parse","start_ns":1789219404393736000,"ns":8218625}
PERF {"pid":77016,"phase":"git:rev-parse","start_ns":1789219404401979000,"ns":7971917}
PERF {"pid":77016,"phase":"git:rev-parse","start_ns":1789219404409999000,"ns":8851500}
PERF {"pid":77016,"phase":"git:rev-parse","start_ns":1789219404418883000,"ns":9253083}
PERF {"pid":77016,"phase":"git:rev-parse","start_ns":1789219404428194000,"ns":8186917}
PERF {"pid":77016,"phase":"git:rev-parse","start_ns":1789219404436426000,"ns":8395166}
PERF {"pid":77016,"phase":"git:rev-parse","start_ns":1789219404444868000,"ns":8086750}
PERF {"pid":77016,"phase":"git:rev-parse","start_ns":1789219404453010000,"ns":7845625}
PERF {"pid":77016,"phase":"git:rev-parse","start_ns":1789219404460908000,"ns":8122458}
PERF {"pid":77016,"phase":"git:rev-parse","start_ns":1789219404469078000,"ns":7355375}
PERF {"pid":77016,"phase":"git:rev-parse","start_ns":1789219404476479000,"ns":8993833}
PERF {"pid":77016,"phase":"git:rev-parse","start_ns":1789219404485541000,"ns":7631792}
PERF {"pid":77016,"phase":"git:rev-parse","start_ns":1789219404493224000,"ns":7016625}
PERF {"pid":77016,"phase":"git:rev-parse","start_ns":1789219404500326000,"ns":7912625}
PERF {"pid":77016,"phase":"git:rev-parse","start_ns":1789219404508341000,"ns":7386541}
PERF {"pid":77016,"phase":"git:rev-parse","start_ns":1789219404515775000,"ns":8202708}
PERF {"pid":77016,"phase":"git:rev-parse","start_ns":1789219404524024000,"ns":7020292}
PERF {"pid":77016,"phase":"git:rev-parse","start_ns":1789219404531078000,"ns":7291166}
PERF {"pid":77016,"phase":"git:rev-parse","start_ns":1789219404538408000,"ns":7335833}
PERF {"pid":77016,"phase":"git:rev-parse","start_ns":1789219404545797000,"ns":7918209}
PERF {"pid":77016,"phase":"git:rev-parse","start_ns":1789219404553758000,"ns":7061875}
PERF {"pid":77016,"phase":"git:rev-parse","start_ns":1789219404560867000,"ns":6989375}
PERF {"pid":77016,"phase":"git:rev-parse","start_ns":1789219404567894000,"ns":7401209}
PERF {"pid":77016,"phase":"git:rev-parse","start_ns":1789219404575337000,"ns":6283750}
PERF {"pid":77016,"phase":"git:rev-parse","start_ns":1789219404581657000,"ns":6819416}
PERF {"pid":77016,"phase":"git:rev-parse","start_ns":1789219404588517000,"ns":7024333}
PERF {"pid":77016,"phase":"git:rev-parse","start_ns":1789219404595592000,"ns":6766834}
PERF {"pid":77016,"phase":"git:rev-parse","start_ns":1789219404602437000,"ns":7800875}
PERF {"pid":77016,"phase":"git:rev-parse","start_ns":1789219404610339000,"ns":6928959}
PERF {"pid":77016,"phase":"git:rev-parse","start_ns":1789219404617328000,"ns":7127917}
PERF {"pid":77016,"phase":"git:rev-parse","start_ns":1789219404624491000,"ns":7613750}
PERF {"pid":77016,"phase":"git:rev-parse","start_ns":1789219404632143000,"ns":6228000}
PERF {"pid":77016,"phase":"git:rev-parse","start_ns":1789219404638408000,"ns":7354791}
PERF {"pid":77016,"phase":"git:rev-parse","start_ns":1789219404645804000,"ns":6987125}
PERF {"pid":77016,"phase":"git:rev-parse","start_ns":1789219404652825000,"ns":7771458}
PERF {"pid":77016,"phase":"git:rev-parse","start_ns":1789219404660636000,"ns":8038625}
PERF {"pid":77016,"phase":"git:rev-parse","start_ns":1789219404668746000,"ns":8065834}
PERF {"pid":77016,"phase":"git:rev-parse","start_ns":1789219404676847000,"ns":7822167}
PERF {"pid":77016,"phase":"git:rev-parse","start_ns":1789219404684705000,"ns":7790917}
PERF {"pid":77016,"phase":"git:rev-parse","start_ns":1789219404692548000,"ns":8011375}
PERF {"pid":77016,"phase":"git:rev-parse","start_ns":1789219404700589000,"ns":8445458}
PERF {"pid":77016,"phase":"git:rev-parse","start_ns":1789219404709082000,"ns":9174875}
PERF {"pid":77016,"phase":"git:rev-parse","start_ns":1789219404718286000,"ns":8035167}
PERF {"pid":77016,"phase":"git:rev-parse","start_ns":1789219404726356000,"ns":7837875}
PERF {"pid":77016,"phase":"git:rev-parse","start_ns":1789219404734229000,"ns":7811500}
PERF {"pid":77016,"phase":"git:rev-parse","start_ns":1789219404742085000,"ns":7801291}
PERF {"pid":77016,"phase":"git:rev-parse","start_ns":1789219404749927000,"ns":7403000}
PERF {"pid":77016,"phase":"git:rev-parse","start_ns":1789219404757410000,"ns":8458709}
PERF {"pid":77016,"phase":"git:rev-parse","start_ns":1789219404765910000,"ns":7952209}
PERF {"pid":77016,"phase":"git:rev-parse","start_ns":1789219404773900000,"ns":7177292}
PERF {"pid":77016,"phase":"git:rev-parse","start_ns":1789219404781136000,"ns":7938458}
PERF {"pid":77016,"phase":"git:rev-parse","start_ns":1789219404789130000,"ns":7705750}
PERF {"pid":77016,"phase":"git:rev-parse","start_ns":1789219404796892000,"ns":6990666}
PERF {"pid":77016,"phase":"git:rev-parse","start_ns":1789219404803934000,"ns":7570833}
PERF {"pid":77016,"phase":"git:rev-parse","start_ns":1789219404811565000,"ns":8201167}
PERF {"pid":77016,"phase":"git:rev-parse","start_ns":1789219404819856000,"ns":7234458}
PERF {"pid":77016,"phase":"git:rev-parse","start_ns":1789219404827130000,"ns":7706666}
PERF {"pid":77016,"phase":"git:rev-parse","start_ns":1789219404834866000,"ns":8087750}
PERF {"pid":77016,"phase":"git:rev-parse","start_ns":1789219404842990000,"ns":8103417}
PERF {"pid":77016,"phase":"git:rev-parse","start_ns":1789219404851132000,"ns":8115791}
PERF {"pid":77016,"phase":"git:rev-parse","start_ns":1789219404859288000,"ns":8239167}
PERF {"pid":77016,"phase":"git:rev-parse","start_ns":1789219404867561000,"ns":8616833}
PERF {"pid":77016,"phase":"git:rev-parse","start_ns":1789219404876213000,"ns":8358042}
PERF {"pid":77016,"phase":"git:rev-parse","start_ns":1789219404884610000,"ns":8445209}
PERF {"pid":77016,"phase":"git:rev-parse","start_ns":1789219404893092000,"ns":7361666}
PERF {"pid":77016,"phase":"git:rev-parse","start_ns":1789219404900497000,"ns":8271500}
PERF {"pid":77016,"phase":"git:rev-parse","start_ns":1789219404908801000,"ns":7855416}
PERF {"pid":77016,"phase":"git:rev-parse","start_ns":1789219404916702000,"ns":8924000}
PERF {"pid":77016,"phase":"git:rev-parse","start_ns":1789219404925664000,"ns":7706083}
PERF {"pid":77016,"phase":"git:rev-parse","start_ns":1789219404933413000,"ns":8593500}
PERF {"pid":77016,"phase":"git:rev-parse","start_ns":1789219404942045000,"ns":8533375}
PERF {"pid":77016,"phase":"git:rev-parse","start_ns":1789219404950626000,"ns":8543792}
PERF {"pid":77016,"phase":"git:rev-parse","start_ns":1789219404959201000,"ns":8171500}
PERF {"pid":77016,"phase":"git:rev-parse","start_ns":1789219404967415000,"ns":7880458}
PERF {"pid":77016,"phase":"git:rev-parse","start_ns":1789219404975340000,"ns":7753208}
PERF {"pid":77016,"phase":"git:rev-parse","start_ns":1789219404983142000,"ns":8823375}
PERF {"pid":77016,"phase":"git:rev-parse","start_ns":1789219404992058000,"ns":18396334}
PERF {"pid":77016,"phase":"git:rev-parse","start_ns":1789219405010502000,"ns":23378250}
PERF {"pid":77016,"phase":"git:rev-parse","start_ns":1789219405033959000,"ns":15930792}
PERF {"pid":77016,"phase":"git:rev-parse","start_ns":1789219405049939000,"ns":8174375}
PERF {"pid":77016,"phase":"git:rev-parse","start_ns":1789219405058157000,"ns":8117792}
PERF {"pid":77016,"phase":"git:rev-parse","start_ns":1789219405066312000,"ns":7599875}
PERF {"pid":77016,"phase":"git:rev-parse","start_ns":1789219405073965000,"ns":8423541}
PERF {"pid":77016,"phase":"git:rev-parse","start_ns":1789219405082461000,"ns":7931292}
PERF {"pid":77016,"phase":"git:rev-parse","start_ns":1789219405090436000,"ns":8297083}
PERF {"pid":77016,"phase":"git:rev-parse","start_ns":1789219405098771000,"ns":7039875}
PERF {"pid":77016,"phase":"git:rev-parse","start_ns":1789219405105851000,"ns":8980417}
PERF {"pid":77016,"phase":"git:rev-parse","start_ns":1789219405114889000,"ns":7820666}
PERF {"pid":77016,"phase":"git:rev-parse","start_ns":1789219405122822000,"ns":8280083}
PERF {"pid":77016,"phase":"git:rev-parse","start_ns":1789219405131165000,"ns":8747000}
PERF {"pid":77016,"phase":"git:rev-parse","start_ns":1789219405139949000,"ns":7695208}
PERF {"pid":77016,"phase":"git:rev-parse","start_ns":1789219405147688000,"ns":7812916}
PERF {"pid":77016,"phase":"git:rev-parse","start_ns":1789219405155569000,"ns":7572250}
PERF {"pid":77016,"phase":"git:rev-parse","start_ns":1789219405163198000,"ns":7280416}
PERF {"pid":77016,"phase":"git:rev-parse","start_ns":1789219405170545000,"ns":8079375}
PERF {"pid":77016,"phase":"git:rev-parse","start_ns":1789219405178715000,"ns":8074583}
PERF {"pid":77016,"phase":"git:rev-parse","start_ns":1789219405186922000,"ns":7620458}
PERF {"pid":77016,"phase":"git:rev-parse","start_ns":1789219405194587000,"ns":7019375}
PERF {"pid":77016,"phase":"git:rev-parse","start_ns":1789219405201644000,"ns":8056208}
PERF {"pid":77016,"phase":"git:rev-parse","start_ns":1789219405209737000,"ns":7937791}
PERF {"pid":77016,"phase":"git:rev-parse","start_ns":1789219405217713000,"ns":7858792}
PERF {"pid":77016,"phase":"git:rev-parse","start_ns":1789219405225609000,"ns":7094000}
PERF {"pid":77016,"phase":"git:rev-parse","start_ns":1789219405232744000,"ns":7478833}
PERF {"pid":77016,"phase":"git:rev-parse","start_ns":1789219405240283000,"ns":7801375}
PERF {"pid":77016,"phase":"git:rev-parse","start_ns":1789219405248149000,"ns":7109042}
PERF {"pid":77016,"phase":"git:rev-parse","start_ns":1789219405255358000,"ns":6650208}
PERF {"pid":77016,"phase":"git:rev-parse","start_ns":1789219405262099000,"ns":7527959}
PERF {"pid":77016,"phase":"git:rev-parse","start_ns":1789219405269691000,"ns":7786375}
PERF {"pid":77016,"phase":"git:rev-parse","start_ns":1789219405277514000,"ns":7403792}
PERF {"pid":77016,"phase":"git:rev-parse","start_ns":1789219405284954000,"ns":7642875}
PERF {"pid":77016,"phase":"git:rev-parse","start_ns":1789219405292666000,"ns":7569416}
PERF {"pid":77016,"phase":"git:rev-parse","start_ns":1789219405300275000,"ns":7487458}
PERF {"pid":77016,"phase":"git:rev-parse","start_ns":1789219405307810000,"ns":7651834}
PERF {"pid":77016,"phase":"git:rev-parse","start_ns":1789219405315509000,"ns":6890625}
PERF {"pid":77016,"phase":"git:rev-parse","start_ns":1789219405322436000,"ns":9265292}
PERF {"pid":77016,"phase":"git:rev-parse","start_ns":1789219405331745000,"ns":8367667}
PERF {"pid":77016,"phase":"git:rev-parse","start_ns":1789219405340168000,"ns":8415000}
PERF {"pid":77016,"phase":"git:rev-parse","start_ns":1789219405348630000,"ns":7045084}
PERF {"pid":77016,"phase":"git:rev-parse","start_ns":1789219405355728000,"ns":7777208}
PERF {"pid":77016,"phase":"git:rev-parse","start_ns":1789219405363546000,"ns":8085833}
PERF {"pid":77016,"phase":"git:rev-parse","start_ns":1789219405371682000,"ns":7872083}
PERF {"pid":77016,"phase":"git:rev-parse","start_ns":1789219405379601000,"ns":8756333}
PERF {"pid":77016,"phase":"git:rev-parse","start_ns":1789219405388399000,"ns":8640833}
PERF {"pid":77016,"phase":"git:rev-parse","start_ns":1789219405397093000,"ns":7880458}
PERF {"pid":77016,"phase":"git:rev-parse","start_ns":1789219405405025000,"ns":8908500}
PERF {"pid":77016,"phase":"git:rev-parse","start_ns":1789219405413971000,"ns":7918833}
PERF {"pid":77016,"phase":"git:rev-parse","start_ns":1789219405422000000,"ns":7451292}
PERF {"pid":77016,"phase":"git:rev-parse","start_ns":1789219405429494000,"ns":7901709}
PERF {"pid":77016,"phase":"git:rev-parse","start_ns":1789219405437435000,"ns":7732083}
PERF {"pid":77016,"phase":"git:rev-parse","start_ns":1789219405445237000,"ns":8029584}
PERF {"pid":77016,"phase":"git:rev-parse","start_ns":1789219405453310000,"ns":7748834}
PERF {"pid":77016,"phase":"git:rev-parse","start_ns":1789219405461118000,"ns":6116458}
PERF {"pid":77016,"phase":"git:rev-parse","start_ns":1789219405467280000,"ns":9830000}
PERF {"pid":77016,"phase":"git:rev-parse","start_ns":1789219405477156000,"ns":7202666}
PERF {"pid":77016,"phase":"git:rev-parse","start_ns":1789219405484389000,"ns":7767208}
PERF {"pid":77016,"phase":"git:rev-parse","start_ns":1789219405492196000,"ns":7849917}
PERF {"pid":77016,"phase":"git:rev-parse","start_ns":1789219405500082000,"ns":8101375}
PERF {"pid":77016,"phase":"git:rev-parse","start_ns":1789219405508221000,"ns":7720958}
PERF {"pid":77016,"phase":"git:rev-parse","start_ns":1789219405515995000,"ns":7891250}
PERF {"pid":77016,"phase":"git:rev-parse","start_ns":1789219405523930000,"ns":7073250}
PERF {"pid":77016,"phase":"git:rev-parse","start_ns":1789219405531068000,"ns":7668084}
PERF {"pid":77016,"phase":"git:rev-parse","start_ns":1789219405538798000,"ns":8399916}
PERF {"pid":77016,"phase":"git:rev-parse","start_ns":1789219405547242000,"ns":6332625}
PERF {"pid":77016,"phase":"git:rev-parse","start_ns":1789219405553646000,"ns":7836792}
PERF {"pid":77016,"phase":"git:rev-parse","start_ns":1789219405561562000,"ns":6380750}
PERF {"pid":77016,"phase":"git:rev-parse","start_ns":1789219405567979000,"ns":8164292}
PERF {"pid":77016,"phase":"git:rev-parse","start_ns":1789219405576188000,"ns":7091792}
PERF {"pid":77016,"phase":"git:rev-parse","start_ns":1789219405583319000,"ns":6963083}
PERF {"pid":77016,"phase":"git:rev-parse","start_ns":1789219405590387000,"ns":7238583}
PERF {"pid":77016,"phase":"git:rev-parse","start_ns":1789219405597658000,"ns":5892458}
PERF {"pid":77016,"phase":"git:rev-parse","start_ns":1789219405603607000,"ns":7774541}
PERF {"pid":77016,"phase":"git:rev-parse","start_ns":1789219405611417000,"ns":6258084}
PERF {"pid":77016,"phase":"git:rev-parse","start_ns":1789219405617709000,"ns":7718959}
PERF {"pid":77016,"phase":"git:rev-parse","start_ns":1789219405625468000,"ns":6799417}
PERF {"pid":77016,"phase":"git:rev-parse","start_ns":1789219405632306000,"ns":6923375}
PERF {"pid":77016,"phase":"git:rev-parse","start_ns":1789219405639336000,"ns":8387625}
PERF {"pid":77016,"phase":"git:rev-parse","start_ns":1789219405647761000,"ns":8759125}
PERF {"pid":77016,"phase":"git:rev-parse","start_ns":1789219405656564000,"ns":9450708}
PERF {"pid":77016,"phase":"git:rev-parse","start_ns":1789219405666070000,"ns":8965166}
PERF {"pid":77016,"phase":"git:rev-parse","start_ns":1789219405675071000,"ns":11141166}
PERF {"pid":77016,"phase":"git:rev-parse","start_ns":1789219405686254000,"ns":8455666}
PERF {"pid":77016,"phase":"git:rev-parse","start_ns":1789219405694771000,"ns":9742916}
PERF {"pid":77016,"phase":"git:rev-parse","start_ns":1789219405704580000,"ns":9640791}
PERF {"pid":77016,"phase":"git:rev-parse","start_ns":1789219405714360000,"ns":8405000}
PERF {"pid":77016,"phase":"git:rev-parse","start_ns":1789219405722790000,"ns":7931208}
PERF {"pid":77016,"phase":"git:rev-parse","start_ns":1789219405730755000,"ns":8897958}
PERF {"pid":77016,"phase":"git:rev-parse","start_ns":1789219405739692000,"ns":8665291}
PERF {"pid":77016,"phase":"git:rev-parse","start_ns":1789219405748449000,"ns":8999875}
PERF {"pid":77016,"phase":"git:rev-parse","start_ns":1789219405757503000,"ns":6547125}
PERF {"pid":77016,"phase":"git:rev-parse","start_ns":1789219405764090000,"ns":8201375}
PERF {"pid":77016,"phase":"git:rev-parse","start_ns":1789219405772339000,"ns":7614209}
PERF {"pid":77016,"phase":"git:rev-parse","start_ns":1789219405780000000,"ns":7421375}
PERF {"pid":77016,"phase":"git:rev-parse","start_ns":1789219405787488000,"ns":7005541}
PERF {"pid":77016,"phase":"git:rev-parse","start_ns":1789219405794528000,"ns":8065458}
PERF {"pid":77016,"phase":"git:rev-parse","start_ns":1789219405802651000,"ns":8135166}
PERF {"pid":77016,"phase":"git:rev-parse","start_ns":1789219405810825000,"ns":7665500}
PERF {"pid":77016,"phase":"git:rev-parse","start_ns":1789219405818560000,"ns":7383000}
PERF {"pid":77016,"phase":"git:rev-parse","start_ns":1789219405826000000,"ns":6703000}
PERF {"pid":77016,"phase":"git:rev-parse","start_ns":1789219405832753000,"ns":7135708}
PERF {"pid":77016,"phase":"git:rev-parse","start_ns":1789219405839925000,"ns":7433292}
PERF {"pid":77016,"phase":"git:rev-parse","start_ns":1789219405847399000,"ns":6745959}
PERF {"pid":77016,"phase":"git:rev-parse","start_ns":1789219405854225000,"ns":7701667}
PERF {"pid":77016,"phase":"git:rev-parse","start_ns":1789219405861962000,"ns":8115625}
PERF {"pid":77016,"phase":"git:rev-parse","start_ns":1789219405870147000,"ns":8512167}
PERF {"pid":77016,"phase":"git:rev-parse","start_ns":1789219405878696000,"ns":7033834}
PERF {"pid":77016,"phase":"git:rev-parse","start_ns":1789219405885762000,"ns":7222625}
PERF {"pid":77016,"phase":"git:rev-parse","start_ns":1789219405893017000,"ns":7299667}
PERF {"pid":77016,"phase":"git:rev-parse","start_ns":1789219405900374000,"ns":7765625}
PERF {"pid":77016,"phase":"git:rev-parse","start_ns":1789219405908173000,"ns":7783791}
PERF {"pid":77016,"phase":"git:rev-parse","start_ns":1789219405916001000,"ns":7738125}
PERF {"pid":77016,"phase":"git:rev-parse","start_ns":1789219405923786000,"ns":8664583}
PERF {"pid":77016,"phase":"git:rev-parse","start_ns":1789219405932509000,"ns":8485000}
PERF {"pid":77016,"phase":"git:rev-parse","start_ns":1789219405941100000,"ns":8472833}
PERF {"pid":77016,"phase":"git:rev-parse","start_ns":1789219405949608000,"ns":7470750}
PERF {"pid":77016,"phase":"git:rev-parse","start_ns":1789219405957126000,"ns":8244833}
PERF {"pid":77016,"phase":"git:rev-parse","start_ns":1789219405965410000,"ns":7947500}
PERF {"pid":77016,"phase":"git:rev-parse","start_ns":1789219405973430000,"ns":7599000}
PERF {"pid":77016,"phase":"git:rev-parse","start_ns":1789219405981117000,"ns":7654833}
PERF {"pid":77016,"phase":"git:rev-parse","start_ns":1789219405988821000,"ns":6953750}
PERF {"pid":77016,"phase":"git:rev-parse","start_ns":1789219405995810000,"ns":7984416}
PERF {"pid":77016,"phase":"git:rev-parse","start_ns":1789219406003834000,"ns":8129375}
PERF {"pid":77016,"phase":"git:rev-parse","start_ns":1789219406012001000,"ns":8390833}
PERF {"pid":77016,"phase":"git:rev-parse","start_ns":1789219406020449000,"ns":8126709}
PERF {"pid":77016,"phase":"git:rev-parse","start_ns":1789219406028615000,"ns":7835250}
PERF {"pid":77016,"phase":"git:rev-parse","start_ns":1789219406036493000,"ns":7666458}
PERF {"pid":77016,"phase":"git:rev-parse","start_ns":1789219406044214000,"ns":7582750}
PERF {"pid":77016,"phase":"git:rev-parse","start_ns":1789219406051856000,"ns":7911333}
PERF {"pid":77016,"phase":"git:rev-parse","start_ns":1789219406059813000,"ns":9031458}
PERF {"pid":77016,"phase":"git:rev-parse","start_ns":1789219406068889000,"ns":7709500}
PERF {"pid":77016,"phase":"git:rev-parse","start_ns":1789219406076766000,"ns":8802250}
PERF {"pid":77016,"phase":"git:rev-parse","start_ns":1789219406085607000,"ns":7535250}
PERF {"pid":77016,"phase":"git:rev-parse","start_ns":1789219406093192000,"ns":8128375}
PERF {"pid":77016,"phase":"git:rev-parse","start_ns":1789219406101376000,"ns":7705125}
PERF {"pid":77016,"phase":"git:rev-parse","start_ns":1789219406109135000,"ns":7835625}
PERF {"pid":77016,"phase":"git:rev-parse","start_ns":1789219406117009000,"ns":7425875}
PERF {"pid":77016,"phase":"git:rev-parse","start_ns":1789219406124480000,"ns":7469417}
PERF {"pid":77016,"phase":"git:rev-parse","start_ns":1789219406131981000,"ns":7396917}
PERF {"pid":77016,"phase":"git:rev-parse","start_ns":1789219406139416000,"ns":7779125}
PERF {"pid":77016,"phase":"git:rev-parse","start_ns":1789219406147228000,"ns":7939167}
PERF {"pid":77016,"phase":"git:rev-parse","start_ns":1789219406155206000,"ns":7707000}
PERF {"pid":77016,"phase":"git:rev-parse","start_ns":1789219406162952000,"ns":7798250}
PERF {"pid":77016,"phase":"git:rev-parse","start_ns":1789219406170798000,"ns":8665292}
PERF {"pid":77016,"phase":"git:rev-parse","start_ns":1789219406179518000,"ns":8886000}
PERF {"pid":77016,"phase":"git:rev-parse","start_ns":1789219406188440000,"ns":8125500}
PERF {"pid":77016,"phase":"git:rev-parse","start_ns":1789219406196614000,"ns":8035625}
PERF {"pid":77016,"phase":"git:rev-parse","start_ns":1789219406204688000,"ns":8448250}
PERF {"pid":77016,"phase":"git:rev-parse","start_ns":1789219406213224000,"ns":8804417}
PERF {"pid":77016,"phase":"git:rev-parse","start_ns":1789219406222062000,"ns":8255584}
PERF {"pid":77016,"phase":"git:rev-parse","start_ns":1789219406230352000,"ns":7774792}
PERF {"pid":77016,"phase":"git:rev-parse","start_ns":1789219406238167000,"ns":8519250}
PERF {"pid":77016,"phase":"git:rev-parse","start_ns":1789219406246804000,"ns":7906292}
PERF {"pid":77016,"phase":"git:rev-parse","start_ns":1789219406254771000,"ns":6618042}
PERF {"pid":77016,"phase":"git:rev-parse","start_ns":1789219406261475000,"ns":7428791}
PERF {"pid":77016,"phase":"git:rev-parse","start_ns":1789219406268982000,"ns":7431167}
PERF {"pid":77016,"phase":"git:rev-parse","start_ns":1789219406276469000,"ns":7876542}
PERF {"pid":77016,"phase":"git:rev-parse","start_ns":1789219406284390000,"ns":6991250}
PERF {"pid":77016,"phase":"git:rev-parse","start_ns":1789219406291492000,"ns":8281958}
PERF {"pid":77016,"phase":"git:rev-parse","start_ns":1789219406299820000,"ns":7002833}
PERF {"pid":77016,"phase":"git:rev-parse","start_ns":1789219406306886000,"ns":7720375}
PERF {"pid":77016,"phase":"git:rev-parse","start_ns":1789219406314640000,"ns":7367625}
PERF {"pid":77016,"phase":"git:rev-parse","start_ns":1789219406322046000,"ns":7124417}
PERF {"pid":77016,"phase":"git:rev-parse","start_ns":1789219406329205000,"ns":7571833}
PERF {"pid":77016,"phase":"git:rev-parse","start_ns":1789219406336812000,"ns":7573833}
PERF {"pid":77016,"phase":"git:rev-parse","start_ns":1789219406344439000,"ns":6752500}
PERF {"pid":77016,"phase":"git:rev-parse","start_ns":1789219406351265000,"ns":6262375}
PERF {"pid":77016,"phase":"git:rev-parse","start_ns":1789219406357562000,"ns":6665542}
PERF {"pid":77016,"phase":"git:rev-parse","start_ns":1789219406364263000,"ns":7599250}
PERF {"pid":77016,"phase":"git:rev-parse","start_ns":1789219406371899000,"ns":6300292}
PERF {"pid":77016,"phase":"git:rev-parse","start_ns":1789219406378259000,"ns":7187667}
PERF {"pid":77016,"phase":"git:rev-parse","start_ns":1789219406385529000,"ns":8178625}
PERF {"pid":77016,"phase":"git:rev-parse","start_ns":1789219406393750000,"ns":8708542}
PERF {"pid":77016,"phase":"git:rev-parse","start_ns":1789219406402538000,"ns":8580250}
PERF {"pid":77016,"phase":"git:rev-parse","start_ns":1789219406411184000,"ns":8139833}
PERF {"pid":77016,"phase":"git:rev-parse","start_ns":1789219406419360000,"ns":8143584}
PERF {"pid":77016,"phase":"git:rev-parse","start_ns":1789219406427561000,"ns":7593500}
PERF {"pid":77016,"phase":"git:rev-parse","start_ns":1789219406435188000,"ns":6875709}
PERF {"pid":77016,"phase":"git:rev-parse","start_ns":1789219406442107000,"ns":8825167}
PERF {"pid":77016,"phase":"git:rev-parse","start_ns":1789219406450974000,"ns":7406667}
PERF {"pid":77016,"phase":"git:rev-parse","start_ns":1789219406458423000,"ns":7464833}
PERF {"pid":77016,"phase":"git:rev-parse","start_ns":1789219406465966000,"ns":8390042}
PERF {"pid":77016,"phase":"git:rev-parse","start_ns":1789219406474414000,"ns":7286833}
PERF {"pid":77016,"phase":"git:rev-parse","start_ns":1789219406481738000,"ns":7766958}
PERF {"pid":77016,"phase":"git:rev-parse","start_ns":1789219406489544000,"ns":6743708}
PERF {"pid":77016,"phase":"git:rev-parse","start_ns":1789219406496319000,"ns":7486000}
PERF {"pid":77016,"phase":"git:rev-parse","start_ns":1789219406503845000,"ns":6684834}
PERF {"pid":77016,"phase":"git:rev-parse","start_ns":1789219406510559000,"ns":7804708}
PERF {"pid":77016,"phase":"git:rev-parse","start_ns":1789219406518406000,"ns":8084708}
PERF {"pid":77016,"phase":"git:rev-parse","start_ns":1789219406526533000,"ns":7726334}
PERF {"pid":77016,"phase":"git:rev-parse","start_ns":1789219406534293000,"ns":7310791}
PERF {"pid":77016,"phase":"git:rev-parse","start_ns":1789219406541636000,"ns":7337625}
PERF {"pid":77016,"phase":"git:rev-parse","start_ns":1789219406549014000,"ns":6883458}
PERF {"pid":77016,"phase":"git:rev-parse","start_ns":1789219406555999000,"ns":6859500}
PERF {"pid":77016,"phase":"git:rev-parse","start_ns":1789219406562896000,"ns":6437584}
PERF {"pid":77016,"phase":"git:rev-parse","start_ns":1789219406569369000,"ns":7226208}
PERF {"pid":77016,"phase":"git:rev-parse","start_ns":1789219406576633000,"ns":6963375}
PERF {"pid":77016,"phase":"git:rev-parse","start_ns":1789219406583630000,"ns":7193250}
PERF {"pid":77016,"phase":"git:rev-parse","start_ns":1789219406590866000,"ns":8231208}
PERF {"pid":77016,"phase":"git:rev-parse","start_ns":1789219406599154000,"ns":7970500}
PERF {"pid":77016,"phase":"git:rev-parse","start_ns":1789219406607175000,"ns":8079208}
PERF {"pid":77016,"phase":"git:rev-parse","start_ns":1789219406615291000,"ns":7468000}
PERF {"pid":77016,"phase":"git:rev-parse","start_ns":1789219406622812000,"ns":7199042}
PERF {"pid":77016,"phase":"git:rev-parse","start_ns":1789219406630065000,"ns":7319292}
PERF {"pid":77016,"phase":"git:rev-parse","start_ns":1789219406637448000,"ns":7364625}
PERF {"pid":77016,"phase":"git:rev-parse","start_ns":1789219406644855000,"ns":6882958}
PERF {"pid":77016,"phase":"git:rev-parse","start_ns":1789219406651770000,"ns":7515167}
PERF {"pid":77016,"phase":"git:rev-parse","start_ns":1789219406659318000,"ns":7457667}
PERF {"pid":77016,"phase":"git:rev-parse","start_ns":1789219406666834000,"ns":7989541}
PERF {"pid":77016,"phase":"git:rev-parse","start_ns":1789219406674870000,"ns":7488583}
PERF {"pid":77016,"phase":"git:rev-parse","start_ns":1789219406682394000,"ns":5994583}
PERF {"pid":77016,"phase":"git:rev-parse","start_ns":1789219406688419000,"ns":8094250}
PERF {"pid":77016,"phase":"git:rev-parse","start_ns":1789219406696558000,"ns":6253209}
PERF {"pid":77016,"phase":"git:rev-parse","start_ns":1789219406702916000,"ns":8834959}
PERF {"pid":77016,"phase":"git:rev-parse","start_ns":1789219406711784000,"ns":7111459}
PERF {"pid":77016,"phase":"git:rev-parse","start_ns":1789219406718942000,"ns":7564250}
PERF {"pid":77016,"phase":"git:rev-parse","start_ns":1789219406726606000,"ns":7368584}
PERF {"pid":77016,"phase":"git:rev-parse","start_ns":1789219406734013000,"ns":8280042}
PERF {"pid":77016,"phase":"git:rev-parse","start_ns":1789219406742358000,"ns":9083709}
PERF {"pid":77016,"phase":"git:rev-parse","start_ns":1789219406751481000,"ns":8027917}
PERF {"pid":77016,"phase":"git:rev-parse","start_ns":1789219406759547000,"ns":8827291}
PERF {"pid":77016,"phase":"git:rev-parse","start_ns":1789219406768508000,"ns":9072791}
PERF {"pid":77016,"phase":"git:rev-parse","start_ns":1789219406777653000,"ns":7181541}
PERF {"pid":77016,"phase":"git:rev-parse","start_ns":1789219406784900000,"ns":8451750}
PERF {"pid":77016,"phase":"git:rev-parse","start_ns":1789219406793403000,"ns":7864084}
PERF {"pid":77016,"phase":"git:rev-parse","start_ns":1789219406801312000,"ns":7981209}
PERF {"pid":77016,"phase":"git:rev-parse","start_ns":1789219406809342000,"ns":7382334}
PERF {"pid":77016,"phase":"git:rev-parse","start_ns":1789219406816771000,"ns":8807208}
PERF {"pid":77016,"phase":"git:rev-parse","start_ns":1789219406825627000,"ns":6749416}
PERF {"pid":77016,"phase":"git:rev-parse","start_ns":1789219406832429000,"ns":7456292}
PERF {"pid":77016,"phase":"git:rev-parse","start_ns":1789219406839956000,"ns":7564833}
PERF {"pid":77016,"phase":"git:rev-parse","start_ns":1789219406847558000,"ns":7585917}
PERF {"pid":77016,"phase":"git:rev-parse","start_ns":1789219406855201000,"ns":7965417}
PERF {"pid":77016,"phase":"git:rev-parse","start_ns":1789219406863210000,"ns":7681750}
PERF {"pid":77016,"phase":"git:rev-parse","start_ns":1789219406870947000,"ns":6140750}
PERF {"pid":77016,"phase":"git:rev-parse","start_ns":1789219406877140000,"ns":6761375}
PERF {"pid":77016,"phase":"git:rev-parse","start_ns":1789219406883937000,"ns":7605750}
PERF {"pid":77016,"phase":"git:rev-parse","start_ns":1789219406891585000,"ns":7626167}
PERF {"pid":77016,"phase":"git:rev-parse","start_ns":1789219406899304000,"ns":6991166}
PERF {"pid":77016,"phase":"git:rev-parse","start_ns":1789219406906347000,"ns":7459208}
PERF {"pid":77016,"phase":"git:rev-parse","start_ns":1789219406913869000,"ns":7141417}
PERF {"pid":77016,"phase":"git:rev-parse","start_ns":1789219406921138000,"ns":8014708}
PERF {"pid":77016,"phase":"git:rev-parse","start_ns":1789219406929233000,"ns":7753375}
PERF {"pid":77016,"phase":"git:rev-parse","start_ns":1789219406937044000,"ns":8250416}
PERF {"pid":77016,"phase":"git:rev-parse","start_ns":1789219406945353000,"ns":7349417}
PERF {"pid":77016,"phase":"git:rev-parse","start_ns":1789219406952767000,"ns":7499875}
PERF {"pid":77016,"phase":"git:rev-parse","start_ns":1789219406960312000,"ns":8472375}
PERF {"pid":77016,"phase":"git:rev-parse","start_ns":1789219406968825000,"ns":7582166}
PERF {"pid":77016,"phase":"git:rev-parse","start_ns":1789219406976440000,"ns":7523042}
PERF {"pid":77016,"phase":"git:rev-parse","start_ns":1789219406983999000,"ns":7545959}
PERF {"pid":77016,"phase":"git:rev-parse","start_ns":1789219406991586000,"ns":7494333}
PERF {"pid":77016,"phase":"git:rev-parse","start_ns":1789219406999127000,"ns":8184666}
PERF {"pid":77016,"phase":"git:rev-parse","start_ns":1789219407007367000,"ns":7673000}
PERF {"pid":77016,"phase":"git:rev-parse","start_ns":1789219407015088000,"ns":10209250}
PERF {"pid":77016,"phase":"git:rev-parse","start_ns":1789219407025332000,"ns":7744667}
PERF {"pid":77016,"phase":"git:rev-parse","start_ns":1789219407033116000,"ns":7575708}
PERF {"pid":77016,"phase":"git:rev-parse","start_ns":1789219407040733000,"ns":7090959}
PERF {"pid":77016,"phase":"git:rev-parse","start_ns":1789219407047860000,"ns":6462125}
PERF {"pid":77016,"phase":"git:rev-parse","start_ns":1789219407054363000,"ns":7950875}
PERF {"pid":77016,"phase":"git:rev-parse","start_ns":1789219407062358000,"ns":6997959}
PERF {"pid":77016,"phase":"git:rev-parse","start_ns":1789219407069414000,"ns":7261958}
PERF {"pid":77016,"phase":"git:rev-parse","start_ns":1789219407076713000,"ns":7089334}
PERF {"pid":77016,"phase":"git:rev-parse","start_ns":1789219407083839000,"ns":7646125}
PERF {"pid":77016,"phase":"git:rev-parse","start_ns":1789219407091528000,"ns":7629834}
PERF {"pid":77016,"phase":"git:rev-parse","start_ns":1789219407099218000,"ns":7592166}
PERF {"pid":77016,"phase":"git:rev-parse","start_ns":1789219407106862000,"ns":7502833}
PERF {"pid":77016,"phase":"git:rev-parse","start_ns":1789219407114405000,"ns":7548084}
PERF {"pid":77016,"phase":"git:rev-parse","start_ns":1789219407121999000,"ns":7217958}
PERF {"pid":77016,"phase":"git:rev-parse","start_ns":1789219407129258000,"ns":8359208}
PERF {"pid":77016,"phase":"git:rev-parse","start_ns":1789219407137685000,"ns":8272875}
PERF {"pid":77016,"phase":"git:rev-parse","start_ns":1789219407146002000,"ns":7075167}
PERF {"pid":77016,"phase":"git:rev-parse","start_ns":1789219407153135000,"ns":7288750}
PERF {"pid":77016,"phase":"git:rev-parse","start_ns":1789219407160480000,"ns":7358000}
PERF {"pid":77016,"phase":"git:rev-parse","start_ns":1789219407167879000,"ns":8358666}
PERF {"pid":77016,"phase":"git:rev-parse","start_ns":1789219407176278000,"ns":7758084}
PERF {"pid":77016,"phase":"git:rev-parse","start_ns":1789219407184069000,"ns":7784000}
PERF {"pid":77016,"phase":"git:rev-parse","start_ns":1789219407191891000,"ns":7037458}
PERF {"pid":77016,"phase":"git:rev-parse","start_ns":1789219407198968000,"ns":6968875}
PERF {"pid":77016,"phase":"git:rev-parse","start_ns":1789219407206104000,"ns":8045458}
PERF {"pid":77016,"phase":"git:rev-parse","start_ns":1789219407214203000,"ns":6724000}
PERF {"pid":77016,"phase":"git:rev-parse","start_ns":1789219407220963000,"ns":7091541}
PERF {"pid":77016,"phase":"git:rev-parse","start_ns":1789219407228171000,"ns":7629291}
PERF {"pid":77016,"phase":"git:rev-parse","start_ns":1789219407235838000,"ns":7187083}
PERF {"pid":77016,"phase":"git:rev-parse","start_ns":1789219407243061000,"ns":7351834}
PERF {"pid":77016,"phase":"git:rev-parse","start_ns":1789219407250451000,"ns":7771375}
PERF {"pid":77016,"phase":"git:rev-parse","start_ns":1789219407258262000,"ns":9331541}
PERF {"pid":77016,"phase":"git:rev-parse","start_ns":1789219407267630000,"ns":9772334}
PERF {"pid":77016,"phase":"git:rev-parse","start_ns":1789219407277448000,"ns":8745000}
PERF {"pid":77016,"phase":"git:rev-parse","start_ns":1789219407286383000,"ns":7666917}
PERF {"pid":77016,"phase":"git:rev-parse","start_ns":1789219407294198000,"ns":8051083}
PERF {"pid":77016,"phase":"git:rev-parse","start_ns":1789219407302289000,"ns":7634750}
PERF {"pid":77016,"phase":"git:rev-parse","start_ns":1789219407309971000,"ns":7549000}
PERF {"pid":77016,"phase":"git:rev-parse","start_ns":1789219407317561000,"ns":7404583}
PERF {"pid":77016,"phase":"git:rev-parse","start_ns":1789219407325005000,"ns":7747500}
PERF {"pid":77016,"phase":"git:rev-parse","start_ns":1789219407332793000,"ns":7702167}
PERF {"pid":77016,"phase":"git:rev-parse","start_ns":1789219407340533000,"ns":6970625}
PERF {"pid":77016,"phase":"git:rev-parse","start_ns":1789219407347635000,"ns":7675083}
PERF {"pid":77016,"phase":"git:rev-parse","start_ns":1789219407355364000,"ns":7020917}
PERF {"pid":77016,"phase":"git:rev-parse","start_ns":1789219407362432000,"ns":6473334}
PERF {"pid":77016,"phase":"git:rev-parse","start_ns":1789219407368951000,"ns":7399584}
PERF {"pid":77016,"phase":"git:rev-parse","start_ns":1789219407376391000,"ns":7675917}
PERF {"pid":77016,"phase":"git:rev-parse","start_ns":1789219407384161000,"ns":7498166}
PERF {"pid":77016,"phase":"git:rev-parse","start_ns":1789219407391700000,"ns":7784375}
PERF {"pid":77016,"phase":"git:rev-parse","start_ns":1789219407399564000,"ns":7834083}
PERF {"pid":77016,"phase":"git:rev-parse","start_ns":1789219407407444000,"ns":7492917}
PERF {"pid":77016,"phase":"git:rev-parse","start_ns":1789219407414990000,"ns":7601500}
PERF {"pid":77016,"phase":"git:rev-parse","start_ns":1789219407422641000,"ns":6925209}
PERF {"pid":77016,"phase":"git:rev-parse","start_ns":1789219407429606000,"ns":7290000}
PERF {"pid":77016,"phase":"git:rev-parse","start_ns":1789219407436962000,"ns":6802333}
PERF {"pid":77016,"phase":"git:rev-parse","start_ns":1789219407443809000,"ns":7214000}
PERF {"pid":77016,"phase":"git:rev-parse","start_ns":1789219407451057000,"ns":7217541}
PERF {"pid":77016,"phase":"git:rev-parse","start_ns":1789219407458315000,"ns":8136083}
PERF {"pid":77016,"phase":"git:rev-parse","start_ns":1789219407466520000,"ns":7717917}
PERF {"pid":77016,"phase":"git:rev-parse","start_ns":1789219407474278000,"ns":7805667}
PERF {"pid":77016,"phase":"git:rev-parse","start_ns":1789219407482127000,"ns":7569625}
PERF {"pid":77016,"phase":"git:rev-parse","start_ns":1789219407489740000,"ns":7240917}
PERF {"pid":77016,"phase":"git:rev-parse","start_ns":1789219407497038000,"ns":8420375}
PERF {"pid":77016,"phase":"git:rev-parse","start_ns":1789219407505504000,"ns":8053291}
PERF {"pid":77016,"phase":"git:rev-parse","start_ns":1789219407513633000,"ns":7983584}
PERF {"pid":77016,"phase":"git:rev-parse","start_ns":1789219407521674000,"ns":7640833}
PERF {"pid":77016,"phase":"git:rev-parse","start_ns":1789219407529355000,"ns":7202916}
PERF {"pid":77016,"phase":"git:rev-parse","start_ns":1789219407536608000,"ns":8169166}
PERF {"pid":77016,"phase":"git:rev-parse","start_ns":1789219407544934000,"ns":8000834}
PERF {"pid":77016,"phase":"git:rev-parse","start_ns":1789219407553002000,"ns":7917083}
PERF {"pid":77016,"phase":"git:rev-parse","start_ns":1789219407560957000,"ns":7760375}
PERF {"pid":77016,"phase":"git:rev-parse","start_ns":1789219407568756000,"ns":8271166}
PERF {"pid":77016,"phase":"git:rev-parse","start_ns":1789219407577075000,"ns":8357500}
PERF {"pid":77016,"phase":"git:rev-parse","start_ns":1789219407585475000,"ns":8110959}
PERF {"pid":77016,"phase":"git:rev-parse","start_ns":1789219407593642000,"ns":7516834}
PERF {"pid":77016,"phase":"git:rev-parse","start_ns":1789219407601195000,"ns":7675417}
PERF {"pid":77016,"phase":"git:rev-parse","start_ns":1789219407608908000,"ns":8016875}
PERF {"pid":77016,"phase":"git:rev-parse","start_ns":1789219407617015000,"ns":7753916}
PERF {"pid":77016,"phase":"git:rev-parse","start_ns":1789219407624805000,"ns":6881792}
PERF {"pid":77016,"phase":"git:rev-parse","start_ns":1789219407631745000,"ns":7598542}
PERF {"pid":77016,"phase":"git:rev-parse","start_ns":1789219407639416000,"ns":7208167}
PERF {"pid":77016,"phase":"git:rev-parse","start_ns":1789219407646677000,"ns":6580750}
PERF {"pid":77016,"phase":"git:rev-parse","start_ns":1789219407653300000,"ns":6806083}
PERF {"pid":77016,"phase":"git:rev-parse","start_ns":1789219407660148000,"ns":7651750}
PERF {"pid":77016,"phase":"git:rev-parse","start_ns":1789219407667839000,"ns":8166625}
PERF {"pid":77016,"phase":"git:rev-parse","start_ns":1789219407676053000,"ns":7364458}
PERF {"pid":77016,"phase":"git:rev-parse","start_ns":1789219407683554000,"ns":9041875}
PERF {"pid":77016,"phase":"git:rev-parse","start_ns":1789219407692648000,"ns":8251459}
PERF {"pid":77016,"phase":"git:rev-parse","start_ns":1789219407700944000,"ns":7065458}
PERF {"pid":77016,"phase":"git:rev-parse","start_ns":1789219407708059000,"ns":7158042}
PERF {"pid":77016,"phase":"git:rev-parse","start_ns":1789219407715315000,"ns":7122958}
PERF {"pid":77016,"phase":"git:rev-parse","start_ns":1789219407722478000,"ns":7710167}
PERF {"pid":77016,"phase":"git:rev-parse","start_ns":1789219407730222000,"ns":7598333}
PERF {"pid":77016,"phase":"git:rev-parse","start_ns":1789219407737857000,"ns":7987791}
PERF {"pid":77016,"phase":"git:rev-parse","start_ns":1789219407745883000,"ns":7675625}
PERF {"pid":77016,"phase":"git:rev-parse","start_ns":1789219407753624000,"ns":7693458}
PERF {"pid":77016,"phase":"git:rev-parse","start_ns":1789219407761366000,"ns":7001333}
PERF {"pid":77016,"phase":"git:rev-parse","start_ns":1789219407768458000,"ns":8974042}
PERF {"pid":77016,"phase":"git:rev-parse","start_ns":1789219407777474000,"ns":8874125}
PERF {"pid":77016,"phase":"git:rev-parse","start_ns":1789219407786428000,"ns":7608458}
PERF {"pid":77016,"phase":"git:rev-parse","start_ns":1789219407794076000,"ns":7210709}
PERF {"pid":77016,"phase":"git:rev-parse","start_ns":1789219407801359000,"ns":7771583}
PERF {"pid":77016,"phase":"git:rev-parse","start_ns":1789219407809187000,"ns":7671458}
PERF {"pid":77016,"phase":"git:rev-parse","start_ns":1789219407816907000,"ns":7703708}
PERF {"pid":77016,"phase":"git:rev-parse","start_ns":1789219407824648000,"ns":7571958}
PERF {"pid":77016,"phase":"git:rev-parse","start_ns":1789219407832265000,"ns":8177375}
PERF {"pid":77016,"phase":"git:rev-parse","start_ns":1789219407840480000,"ns":7487291}
PERF {"pid":77016,"phase":"git:rev-parse","start_ns":1789219407848010000,"ns":7445250}
PERF {"pid":77016,"phase":"git:rev-parse","start_ns":1789219407855496000,"ns":6875459}
PERF {"pid":77016,"phase":"git:rev-parse","start_ns":1789219407862435000,"ns":6641583}
PERF {"pid":77016,"phase":"git:rev-parse","start_ns":1789219407869265000,"ns":7343583}
PERF {"pid":77016,"phase":"git:rev-parse","start_ns":1789219407876645000,"ns":7388333}
PERF {"pid":77016,"phase":"git:rev-parse","start_ns":1789219407884070000,"ns":7427583}
PERF {"pid":77016,"phase":"git:rev-parse","start_ns":1789219407891533000,"ns":7364500}
PERF {"pid":77016,"phase":"git:rev-parse","start_ns":1789219407898942000,"ns":7433292}
PERF {"pid":77016,"phase":"git:rev-parse","start_ns":1789219407906417000,"ns":7273708}
PERF {"pid":77016,"phase":"git:rev-parse","start_ns":1789219407913768000,"ns":8157042}
PERF {"pid":77016,"phase":"git:rev-parse","start_ns":1789219407921960000,"ns":8280959}
PERF {"pid":77016,"phase":"git:rev-parse","start_ns":1789219407930269000,"ns":7875250}
PERF {"pid":77016,"phase":"git:rev-parse","start_ns":1789219407938188000,"ns":6799209}
PERF {"pid":77016,"phase":"git:rev-parse","start_ns":1789219407945050000,"ns":7510667}
PERF {"pid":77016,"phase":"git:rev-parse","start_ns":1789219407952606000,"ns":7337708}
PERF {"pid":77016,"phase":"git:rev-parse","start_ns":1789219407959981000,"ns":7474250}
PERF {"pid":77016,"phase":"git:rev-parse","start_ns":1789219407967493000,"ns":7753666}
PERF {"pid":77016,"phase":"git:rev-parse","start_ns":1789219407975282000,"ns":7910209}
PERF {"pid":77016,"phase":"git:rev-parse","start_ns":1789219407983231000,"ns":7187667}
PERF {"pid":77016,"phase":"git:rev-parse","start_ns":1789219407990472000,"ns":7398583}
PERF {"pid":77016,"phase":"git:rev-parse","start_ns":1789219407997922000,"ns":6995958}
PERF {"pid":77016,"phase":"git:rev-parse","start_ns":1789219408004977000,"ns":7906709}
PERF {"pid":77016,"phase":"git:rev-parse","start_ns":1789219408012922000,"ns":6519750}
PERF {"pid":77016,"phase":"git:rev-parse","start_ns":1789219408019489000,"ns":7349458}
PERF {"pid":77016,"phase":"git:rev-parse","start_ns":1789219408026925000,"ns":7505542}
PERF {"pid":77016,"phase":"git:rev-parse","start_ns":1789219408034541000,"ns":7494333}
PERF {"pid":77016,"phase":"git:rev-parse","start_ns":1789219408042075000,"ns":7475834}
PERF {"pid":77016,"phase":"git:rev-parse","start_ns":1789219408049591000,"ns":7112792}
PERF {"pid":77016,"phase":"git:rev-parse","start_ns":1789219408056747000,"ns":7794333}
PERF {"pid":77016,"phase":"git:rev-parse","start_ns":1789219408064590000,"ns":7205916}
PERF {"pid":77016,"phase":"git:rev-parse","start_ns":1789219408071838000,"ns":6726291}
PERF {"pid":77016,"phase":"git:rev-parse","start_ns":1789219408078638000,"ns":7470291}
PERF {"pid":77016,"phase":"git:rev-parse","start_ns":1789219408086179000,"ns":7237458}
PERF {"pid":77016,"phase":"git:rev-parse","start_ns":1789219408093494000,"ns":7398750}
PERF {"pid":77016,"phase":"git:rev-parse","start_ns":1789219408100930000,"ns":7323291}
PERF {"pid":77016,"phase":"git:rev-parse","start_ns":1789219408108290000,"ns":7586708}
PERF {"pid":77016,"phase":"git:rev-parse","start_ns":1789219408115919000,"ns":7232625}
PERF {"pid":77016,"phase":"git:rev-parse","start_ns":1789219408123218000,"ns":7319167}
PERF {"pid":77016,"phase":"git:rev-parse","start_ns":1789219408130667000,"ns":8511583}
PERF {"pid":77016,"phase":"git:rev-parse","start_ns":1789219408139246000,"ns":7388250}
PERF {"pid":77016,"phase":"git:rev-parse","start_ns":1789219408146679000,"ns":7146375}
PERF {"pid":77016,"phase":"git:rev-parse","start_ns":1789219408153865000,"ns":7388250}
PERF {"pid":77016,"phase":"git:rev-parse","start_ns":1789219408161292000,"ns":7110834}
PERF {"pid":77016,"phase":"git:rev-parse","start_ns":1789219408168437000,"ns":7123125}
PERF {"pid":77016,"phase":"git:rev-parse","start_ns":1789219408175606000,"ns":7965291}
PERF {"pid":77016,"phase":"git:rev-parse","start_ns":1789219408183611000,"ns":7829583}
PERF {"pid":77016,"phase":"git:rev-parse","start_ns":1789219408191485000,"ns":7688833}
PERF {"pid":77016,"phase":"git:rev-parse","start_ns":1789219408199209000,"ns":7678625}
PERF {"pid":77016,"phase":"git:rev-parse","start_ns":1789219408206948000,"ns":7791625}
PERF {"pid":77016,"phase":"git:rev-parse","start_ns":1789219408214851000,"ns":7718417}
PERF {"pid":77016,"phase":"git:rev-parse","start_ns":1789219408222618000,"ns":8575750}
PERF {"pid":77016,"phase":"git:rev-parse","start_ns":1789219408231235000,"ns":7952417}
PERF {"pid":77016,"phase":"git:rev-parse","start_ns":1789219408239348000,"ns":7255417}
PERF {"pid":77016,"phase":"git:rev-parse","start_ns":1789219408246662000,"ns":7067125}
PERF {"pid":77016,"phase":"git:rev-parse","start_ns":1789219408253804000,"ns":7351667}
PERF {"pid":77016,"phase":"git:rev-parse","start_ns":1789219408261251000,"ns":7120959}
PERF {"pid":77016,"phase":"git:rev-parse","start_ns":1789219408268427000,"ns":7627500}
PERF {"pid":77016,"phase":"git:rev-parse","start_ns":1789219408276096000,"ns":8163667}
PERF {"pid":77016,"phase":"git:rev-parse","start_ns":1789219408284293000,"ns":8047375}
PERF {"pid":77016,"phase":"git:rev-parse","start_ns":1789219408292380000,"ns":8267292}
PERF {"pid":77016,"phase":"git:rev-parse","start_ns":1789219408300686000,"ns":8066750}
PERF {"pid":77016,"phase":"git:rev-parse","start_ns":1789219408308801000,"ns":8157000}
PERF {"pid":77016,"phase":"git:rev-parse","start_ns":1789219408317013000,"ns":7339500}
PERF {"pid":77016,"phase":"git:rev-parse","start_ns":1789219408324431000,"ns":8342500}
PERF {"pid":77016,"phase":"git:rev-parse","start_ns":1789219408332816000,"ns":7183125}
PERF {"pid":77016,"phase":"git:rev-parse","start_ns":1789219408340117000,"ns":7820959}
PERF {"pid":77016,"phase":"git:rev-parse","start_ns":1789219408347999000,"ns":7157000}
PERF {"pid":77016,"phase":"git:rev-parse","start_ns":1789219408355227000,"ns":7828000}
PERF {"pid":77016,"phase":"git:rev-parse","start_ns":1789219408363113000,"ns":6736042}
PERF {"pid":77016,"phase":"git:rev-parse","start_ns":1789219408369921000,"ns":8301167}
PERF {"pid":77016,"phase":"git:rev-parse","start_ns":1789219408378263000,"ns":7288666}
PERF {"pid":77016,"phase":"git:rev-parse","start_ns":1789219408385635000,"ns":7829333}
PERF {"pid":77016,"phase":"git:rev-parse","start_ns":1789219408393519000,"ns":6859375}
PERF {"pid":77016,"phase":"git:rev-parse","start_ns":1789219408400442000,"ns":6726875}
PERF {"pid":77016,"phase":"git:rev-parse","start_ns":1789219408407215000,"ns":7138375}
PERF {"pid":77016,"phase":"git:rev-parse","start_ns":1789219408414394000,"ns":7313959}
PERF {"pid":77016,"phase":"git:rev-parse","start_ns":1789219408421743000,"ns":8307000}
PERF {"pid":77016,"phase":"git:rev-parse","start_ns":1789219408430090000,"ns":7713583}
PERF {"pid":77016,"phase":"git:rev-parse","start_ns":1789219408437851000,"ns":7797375}
PERF {"pid":77016,"phase":"git:rev-parse","start_ns":1789219408445689000,"ns":7144750}
PERF {"pid":77016,"phase":"git:rev-parse","start_ns":1789219408452872000,"ns":7345417}
PERF {"pid":77016,"phase":"git:rev-parse","start_ns":1789219408460269000,"ns":6674250}
PERF {"pid":77016,"phase":"git:rev-parse","start_ns":1789219408467015000,"ns":7470458}
PERF {"pid":77016,"phase":"git:rev-parse","start_ns":1789219408474534000,"ns":7695916}
PERF {"pid":77016,"phase":"git:rev-parse","start_ns":1789219408482278000,"ns":6611042}
PERF {"pid":77016,"phase":"git:rev-parse","start_ns":1789219408488928000,"ns":8017750}
PERF {"pid":77016,"phase":"git:rev-parse","start_ns":1789219408496987000,"ns":7799084}
PERF {"pid":77016,"phase":"git:rev-parse","start_ns":1789219408504831000,"ns":6525292}
PERF {"pid":77016,"phase":"git:rev-parse","start_ns":1789219408511450000,"ns":7748042}
PERF {"pid":77016,"phase":"git:rev-parse","start_ns":1789219408519248000,"ns":7149459}
PERF {"pid":77016,"phase":"git:rev-parse","start_ns":1789219408526476000,"ns":8126709}
PERF {"pid":77016,"phase":"git:rev-parse","start_ns":1789219408534641000,"ns":6969792}
PERF {"pid":77016,"phase":"git:rev-parse","start_ns":1789219408541648000,"ns":7958750}
PERF {"pid":77016,"phase":"git:rev-parse","start_ns":1789219408549648000,"ns":7001458}
PERF {"pid":77016,"phase":"git:rev-parse","start_ns":1789219408556688000,"ns":6694917}
PERF {"pid":77016,"phase":"git:rev-parse","start_ns":1789219408563425000,"ns":6846208}
PERF {"pid":77016,"phase":"git:rev-parse","start_ns":1789219408570319000,"ns":6499625}
PERF {"pid":77016,"phase":"git:rev-parse","start_ns":1789219408576849000,"ns":6910667}
PERF {"pid":77016,"phase":"git:rev-parse","start_ns":1789219408583811000,"ns":6878750}
PERF {"pid":77016,"phase":"git:rev-parse","start_ns":1789219408590739000,"ns":7095375}
PERF {"pid":77016,"phase":"git:rev-parse","start_ns":1789219408597877000,"ns":6921250}
PERF {"pid":77016,"phase":"git:rev-parse","start_ns":1789219408604835000,"ns":7412375}
PERF {"pid":77016,"phase":"git:rev-parse","start_ns":1789219408612286000,"ns":7556208}
PERF {"pid":77016,"phase":"git:rev-parse","start_ns":1789219408619885000,"ns":7890416}
PERF {"pid":77016,"phase":"git:rev-parse","start_ns":1789219408627820000,"ns":6454666}
PERF {"pid":77016,"phase":"git:rev-parse","start_ns":1789219408634330000,"ns":6550625}
PERF {"pid":77016,"phase":"git:rev-parse","start_ns":1789219408640913000,"ns":6882250}
PERF {"pid":77016,"phase":"git:rev-parse","start_ns":1789219408647833000,"ns":7254083}
PERF {"pid":77016,"phase":"git:rev-parse","start_ns":1789219408655127000,"ns":7645208}
PERF {"pid":77016,"phase":"git:rev-parse","start_ns":1789219408662808000,"ns":7571292}
PERF {"pid":77016,"phase":"git:rev-parse","start_ns":1789219408670421000,"ns":7460083}
PERF {"pid":77016,"phase":"git:rev-parse","start_ns":1789219408677969000,"ns":7407125}
PERF {"pid":77016,"phase":"git:rev-parse","start_ns":1789219408685440000,"ns":7308417}
PERF {"pid":77016,"phase":"git:rev-parse","start_ns":1789219408692793000,"ns":7170291}
PERF {"pid":77016,"phase":"git:rev-parse","start_ns":1789219408700006000,"ns":7195833}
PERF {"pid":77016,"phase":"git:rev-parse","start_ns":1789219408707287000,"ns":7401584}
PERF {"pid":77016,"phase":"git:rev-parse","start_ns":1789219408714752000,"ns":7996583}
PERF {"pid":77016,"phase":"git:rev-parse","start_ns":1789219408722788000,"ns":7586542}
PERF {"pid":77016,"phase":"git:rev-parse","start_ns":1789219408730414000,"ns":7558833}
PERF {"pid":77016,"phase":"git:rev-parse","start_ns":1789219408738007000,"ns":7647833}
PERF {"pid":77016,"phase":"git:rev-parse","start_ns":1789219408745701000,"ns":7691375}
PERF {"pid":77016,"phase":"git:rev-parse","start_ns":1789219408753437000,"ns":7574417}
PERF {"pid":77016,"phase":"git:rev-parse","start_ns":1789219408761074000,"ns":7586667}
PERF {"pid":77016,"phase":"git:rev-parse","start_ns":1789219408768702000,"ns":6652375}
PERF {"pid":77016,"phase":"git:rev-parse","start_ns":1789219408775399000,"ns":7395291}
PERF {"pid":77016,"phase":"git:rev-parse","start_ns":1789219408782855000,"ns":6904125}
PERF {"pid":77016,"phase":"git:rev-parse","start_ns":1789219408789817000,"ns":8350250}
PERF {"pid":77016,"phase":"git:rev-parse","start_ns":1789219408798228000,"ns":8656291}
PERF {"pid":77016,"phase":"git:rev-parse","start_ns":1789219408806935000,"ns":7568667}
PERF {"pid":77016,"phase":"git:rev-parse","start_ns":1789219408814540000,"ns":7243375}
PERF {"pid":77016,"phase":"git:rev-parse","start_ns":1789219408821839000,"ns":7513708}
PERF {"pid":77016,"phase":"git:rev-parse","start_ns":1789219408829394000,"ns":8001709}
PERF {"pid":77016,"phase":"git:rev-parse","start_ns":1789219408837443000,"ns":6683417}
PERF {"pid":77016,"phase":"git:rev-parse","start_ns":1789219408844161000,"ns":7256417}
PERF {"pid":77016,"phase":"git:rev-parse","start_ns":1789219408851489000,"ns":7356542}
PERF {"pid":77016,"phase":"git:rev-parse","start_ns":1789219408858883000,"ns":7284042}
PERF {"pid":77016,"phase":"git:rev-parse","start_ns":1789219408866205000,"ns":7360666}
PERF {"pid":77016,"phase":"git:rev-parse","start_ns":1789219408873603000,"ns":7204083}
PERF {"pid":77016,"phase":"git:rev-parse","start_ns":1789219408880857000,"ns":6420333}
PERF {"pid":77016,"phase":"git:rev-parse","start_ns":1789219408887317000,"ns":7184541}
PERF {"pid":77016,"phase":"git:rev-parse","start_ns":1789219408894539000,"ns":7526208}
PERF {"pid":77016,"phase":"git:rev-parse","start_ns":1789219408902101000,"ns":8077625}
PERF {"pid":77016,"phase":"git:rev-parse","start_ns":1789219408910225000,"ns":7488375}
PERF {"pid":77016,"phase":"git:rev-parse","start_ns":1789219408917755000,"ns":7878292}
PERF {"pid":77016,"phase":"git:rev-parse","start_ns":1789219408925668000,"ns":7134542}
PERF {"pid":77016,"phase":"git:rev-parse","start_ns":1789219408932844000,"ns":7705125}
PERF {"pid":77016,"phase":"git:rev-parse","start_ns":1789219408940658000,"ns":8150416}
PERF {"pid":77016,"phase":"git:rev-parse","start_ns":1789219408948849000,"ns":7629958}
PERF {"pid":77016,"phase":"git:rev-parse","start_ns":1789219408956534000,"ns":8728959}
PERF {"pid":77016,"phase":"git:rev-parse","start_ns":1789219408965304000,"ns":7100958}
PERF {"pid":77016,"phase":"git:rev-parse","start_ns":1789219408972466000,"ns":7933291}
PERF {"pid":77016,"phase":"git:rev-parse","start_ns":1789219408980442000,"ns":7453459}
PERF {"pid":77016,"phase":"git:rev-parse","start_ns":1789219408987957000,"ns":7262083}
PERF {"pid":77016,"phase":"git:rev-parse","start_ns":1789219408995259000,"ns":7595250}
PERF {"pid":77016,"phase":"git:rev-parse","start_ns":1789219409002908000,"ns":7183834}
PERF {"pid":77016,"phase":"git:rev-parse","start_ns":1789219409010282000,"ns":6798042}
PERF {"pid":77016,"phase":"git:rev-parse","start_ns":1789219409017125000,"ns":6693458}
PERF {"pid":77016,"phase":"git:rev-parse","start_ns":1789219409023868000,"ns":7513834}
PERF {"pid":77016,"phase":"git:rev-parse","start_ns":1789219409031447000,"ns":6998791}
PERF {"pid":77016,"phase":"git:rev-parse","start_ns":1789219409038484000,"ns":7111958}
PERF {"pid":77016,"phase":"git:rev-parse","start_ns":1789219409045639000,"ns":7632416}
PERF {"pid":77016,"phase":"git:rev-parse","start_ns":1789219409053310000,"ns":7004167}
PERF {"pid":77016,"phase":"git:rev-parse","start_ns":1789219409060437000,"ns":8159458}
PERF {"pid":77016,"phase":"git:rev-parse","start_ns":1789219409068638000,"ns":6865708}
PERF {"pid":77016,"phase":"git:rev-parse","start_ns":1789219409075578000,"ns":7542958}
PERF {"pid":77016,"phase":"git:rev-parse","start_ns":1789219409083199000,"ns":6753291}
PERF {"pid":77016,"phase":"git:rev-parse","start_ns":1789219409090028000,"ns":7341375}
PERF {"pid":77016,"phase":"git:rev-parse","start_ns":1789219409097403000,"ns":7359583}
PERF {"pid":77016,"phase":"git:rev-parse","start_ns":1789219409104797000,"ns":7474292}
PERF {"pid":77016,"phase":"git:rev-parse","start_ns":1789219409112314000,"ns":7360291}
PERF {"pid":77016,"phase":"git:rev-parse","start_ns":1789219409119717000,"ns":7076708}
PERF {"pid":77016,"phase":"git:rev-parse","start_ns":1789219409126834000,"ns":8203000}
PERF {"pid":77016,"phase":"git:rev-parse","start_ns":1789219409135116000,"ns":8264875}
PERF {"pid":77016,"phase":"git:rev-parse","start_ns":1789219409143429000,"ns":7057500}
PERF {"pid":77016,"phase":"git:rev-parse","start_ns":1789219409150537000,"ns":7772541}
PERF {"pid":77016,"phase":"git:rev-parse","start_ns":1789219409158403000,"ns":6934125}
PERF {"pid":77016,"phase":"git:rev-parse","start_ns":1789219409165371000,"ns":6861291}
PERF {"pid":77016,"phase":"git:rev-parse","start_ns":1789219409172273000,"ns":7760292}
PERF {"pid":77016,"phase":"git:rev-parse","start_ns":1789219409180084000,"ns":7513875}
PERF {"pid":77016,"phase":"git:rev-parse","start_ns":1789219409187635000,"ns":7325333}
PERF {"pid":77016,"phase":"git:rev-parse","start_ns":1789219409195004000,"ns":7647542}
PERF {"pid":77016,"phase":"git:rev-parse","start_ns":1789219409202689000,"ns":7061625}
PERF {"pid":77016,"phase":"git:rev-parse","start_ns":1789219409209816000,"ns":7647417}
PERF {"pid":77016,"phase":"git:rev-parse","start_ns":1789219409217514000,"ns":6712917}
PERF {"pid":77016,"phase":"git:rev-parse","start_ns":1789219409224267000,"ns":7448167}
PERF {"pid":77016,"phase":"git:rev-parse","start_ns":1789219409231864000,"ns":6996000}
PERF {"pid":77016,"phase":"git:rev-parse","start_ns":1789219409238904000,"ns":7550625}
PERF {"pid":77016,"phase":"git:rev-parse","start_ns":1789219409246490000,"ns":7250750}
PERF {"pid":77016,"phase":"git:rev-parse","start_ns":1789219409253777000,"ns":7968125}
PERF {"pid":77016,"phase":"git:rev-parse","start_ns":1789219409261798000,"ns":8129417}
PERF {"pid":77016,"phase":"git:rev-parse","start_ns":1789219409269965000,"ns":7291125}
PERF {"pid":77016,"phase":"git:rev-parse","start_ns":1789219409277316000,"ns":7740166}
PERF {"pid":77016,"phase":"git:rev-parse","start_ns":1789219409285104000,"ns":6864500}
PERF {"pid":77016,"phase":"git:rev-parse","start_ns":1789219409292016000,"ns":7165458}
PERF {"pid":77016,"phase":"git:rev-parse","start_ns":1789219409299257000,"ns":7846000}
PERF {"pid":77016,"phase":"git:rev-parse","start_ns":1789219409307146000,"ns":7765250}
PERF {"pid":77016,"phase":"git:rev-parse","start_ns":1789219409314949000,"ns":7483208}
PERF {"pid":77016,"phase":"git:rev-parse","start_ns":1789219409322471000,"ns":7822167}
PERF {"pid":77016,"phase":"git:rev-parse","start_ns":1789219409330332000,"ns":8105667}
PERF {"pid":77016,"phase":"git:rev-parse","start_ns":1789219409338477000,"ns":8521333}
PERF {"pid":77016,"phase":"git:rev-parse","start_ns":1789219409347044000,"ns":8315791}
PERF {"pid":77016,"phase":"git:rev-parse","start_ns":1789219409355398000,"ns":8166125}
PERF {"pid":77016,"phase":"git:rev-parse","start_ns":1789219409363646000,"ns":7861875}
PERF {"pid":77016,"phase":"git:rev-parse","start_ns":1789219409371545000,"ns":8039916}
PERF {"pid":77016,"phase":"git:rev-parse","start_ns":1789219409379629000,"ns":8699750}
PERF {"pid":77016,"phase":"git:rev-parse","start_ns":1789219409388369000,"ns":8308875}
PERF {"pid":77016,"phase":"git:rev-parse","start_ns":1789219409396721000,"ns":8711459}
PERF {"pid":77016,"phase":"git:rev-parse","start_ns":1789219409405478000,"ns":8047417}
PERF {"pid":77016,"phase":"git:rev-parse","start_ns":1789219409413570000,"ns":8277583}
PERF {"pid":77016,"phase":"git:rev-parse","start_ns":1789219409421889000,"ns":9651125}
PERF {"pid":77016,"phase":"git:rev-parse","start_ns":1789219409431588000,"ns":15836542}
PERF {"pid":77016,"phase":"git:rev-parse","start_ns":1789219409447474000,"ns":8564500}
PERF {"pid":77016,"phase":"git:rev-parse","start_ns":1789219409456081000,"ns":8174708}
PERF {"pid":77016,"phase":"git:rev-parse","start_ns":1789219409464296000,"ns":7824208}
PERF {"pid":77016,"phase":"git:rev-parse","start_ns":1789219409472172000,"ns":9462042}
PERF {"pid":77016,"phase":"git:rev-parse","start_ns":1789219409481687000,"ns":9468500}
PERF {"pid":77016,"phase":"git:rev-parse","start_ns":1789219409491208000,"ns":6835959}
PERF {"pid":77016,"phase":"git:rev-parse","start_ns":1789219409498080000,"ns":7899041}
PERF {"pid":77016,"phase":"git:rev-parse","start_ns":1789219409506051000,"ns":7503792}
PERF {"pid":77016,"phase":"git:rev-parse","start_ns":1789219409513593000,"ns":6748583}
PERF {"pid":77016,"phase":"git:rev-parse","start_ns":1789219409520392000,"ns":6579250}
PERF {"pid":77016,"phase":"git:rev-parse","start_ns":1789219409527033000,"ns":6991959}
PERF {"pid":77016,"phase":"git:rev-parse","start_ns":1789219409534062000,"ns":7360208}
PERF {"pid":77016,"phase":"git:rev-parse","start_ns":1789219409541459000,"ns":7803583}
PERF {"pid":77016,"phase":"git:rev-parse","start_ns":1789219409549303000,"ns":7609083}
PERF {"pid":77016,"phase":"git:rev-parse","start_ns":1789219409556966000,"ns":7339375}
PERF {"pid":77016,"phase":"git:rev-parse","start_ns":1789219409564387000,"ns":6726083}
PERF {"pid":77016,"phase":"git:rev-parse","start_ns":1789219409571170000,"ns":6206709}
PERF {"pid":77016,"phase":"git:rev-parse","start_ns":1789219409577418000,"ns":7200083}
PERF {"pid":77016,"phase":"git:rev-parse","start_ns":1789219409584653000,"ns":7637750}
PERF {"pid":77016,"phase":"git:rev-parse","start_ns":1789219409592330000,"ns":7765833}
PERF {"pid":77016,"phase":"git:rev-parse","start_ns":1789219409600133000,"ns":7195416}
PERF {"pid":77016,"phase":"git:rev-parse","start_ns":1789219409607366000,"ns":7104709}
PERF {"pid":77016,"phase":"git:rev-parse","start_ns":1789219409614547000,"ns":7691000}
PERF {"pid":77016,"phase":"git:rev-parse","start_ns":1789219409622291000,"ns":7531166}
PERF {"pid":77016,"phase":"git:rev-parse","start_ns":1789219409629865000,"ns":7921250}
PERF {"pid":77016,"phase":"git:rev-parse","start_ns":1789219409637842000,"ns":7141584}
PERF {"pid":77016,"phase":"git:rev-parse","start_ns":1789219409645032000,"ns":7193208}
PERF {"pid":77016,"phase":"git:rev-parse","start_ns":1789219409652266000,"ns":7639875}
PERF {"pid":77016,"phase":"git:rev-parse","start_ns":1789219409659945000,"ns":6941875}
PERF {"pid":77016,"phase":"git:rev-parse","start_ns":1789219409666927000,"ns":7460208}
PERF {"pid":77016,"phase":"git:rev-parse","start_ns":1789219409674454000,"ns":7763334}
PERF {"pid":77016,"phase":"git:rev-parse","start_ns":1789219409682256000,"ns":7824917}
PERF {"pid":77016,"phase":"git:rev-parse","start_ns":1789219409690119000,"ns":7796750}
PERF {"pid":77016,"phase":"git:rev-parse","start_ns":1789219409697967000,"ns":13200625}
PERF {"pid":77016,"phase":"git:rev-parse","start_ns":1789219409711323000,"ns":9707833}
PERF {"pid":77016,"phase":"git:rev-parse","start_ns":1789219409721073000,"ns":7866125}
PERF {"pid":77016,"phase":"git:rev-parse","start_ns":1789219409729002000,"ns":8247750}
PERF {"pid":77016,"phase":"git:rev-parse","start_ns":1789219409737289000,"ns":6879125}
PERF {"pid":77016,"phase":"git:rev-parse","start_ns":1789219409744211000,"ns":6392792}
PERF {"pid":77016,"phase":"git:rev-parse","start_ns":1789219409750655000,"ns":7309709}
PERF {"pid":77016,"phase":"git:rev-parse","start_ns":1789219409758017000,"ns":7091958}
PERF {"pid":77016,"phase":"git:rev-parse","start_ns":1789219409765165000,"ns":7435375}
PERF {"pid":77016,"phase":"git:rev-parse","start_ns":1789219409772687000,"ns":7605000}
PERF {"pid":77016,"phase":"git:rev-parse","start_ns":1789219409780334000,"ns":10129750}
PERF {"pid":77016,"phase":"git:rev-parse","start_ns":1789219409790554000,"ns":6934750}
PERF {"pid":77016,"phase":"git:rev-parse","start_ns":1789219409797531000,"ns":6822625}
PERF {"pid":77016,"phase":"git:rev-parse","start_ns":1789219409804419000,"ns":8009250}
PERF {"pid":77016,"phase":"git:rev-parse","start_ns":1789219409812484000,"ns":11058917}
PERF {"pid":77016,"phase":"git:rev-parse","start_ns":1789219409823644000,"ns":8429375}
PERF {"pid":77016,"phase":"git:rev-parse","start_ns":1789219409832139000,"ns":10124583}
PERF {"pid":77016,"phase":"git:rev-parse","start_ns":1789219409842311000,"ns":7580625}
PERF {"pid":77016,"phase":"git:rev-parse","start_ns":1789219409849951000,"ns":7502791}
PERF {"pid":77016,"phase":"git:rev-parse","start_ns":1789219409857546000,"ns":7075542}
PERF {"pid":77016,"phase":"git:rev-parse","start_ns":1789219409864738000,"ns":7860958}
PERF {"pid":77016,"phase":"git:rev-parse","start_ns":1789219409872640000,"ns":7144459}
PERF {"pid":77016,"phase":"git:rev-parse","start_ns":1789219409879828000,"ns":7797750}
PERF {"pid":77016,"phase":"git:rev-parse","start_ns":1789219409887666000,"ns":7472334}
PERF {"pid":77016,"phase":"git:rev-parse","start_ns":1789219409895195000,"ns":7880500}
PERF {"pid":77016,"phase":"git:rev-parse","start_ns":1789219409903119000,"ns":7179125}
PERF {"pid":77016,"phase":"git:rev-parse","start_ns":1789219409910344000,"ns":7623917}
PERF {"pid":77016,"phase":"git:rev-parse","start_ns":1789219409918024000,"ns":6875250}
PERF {"pid":77016,"phase":"git:rev-parse","start_ns":1789219409924944000,"ns":7424709}
PERF {"pid":77016,"phase":"git:rev-parse","start_ns":1789219409932426000,"ns":7587875}
PERF {"pid":77016,"phase":"git:rev-parse","start_ns":1789219409940188000,"ns":7162167}
PERF {"pid":77016,"phase":"git:rev-parse","start_ns":1789219409947385000,"ns":8358125}
PERF {"pid":77016,"phase":"git:rev-parse","start_ns":1789219409955799000,"ns":7560625}
PERF {"pid":77016,"phase":"git:rev-parse","start_ns":1789219409963416000,"ns":8013667}
PERF {"pid":77016,"phase":"git:rev-parse","start_ns":1789219409971469000,"ns":7887333}
PERF {"pid":77016,"phase":"git:rev-parse","start_ns":1789219409979404000,"ns":7281708}
PERF {"pid":77016,"phase":"git:rev-parse","start_ns":1789219409986728000,"ns":7331334}
PERF {"pid":77016,"phase":"git:rev-parse","start_ns":1789219409994114000,"ns":7956458}
PERF {"pid":77016,"phase":"git:rev-parse","start_ns":1789219410002129000,"ns":8749042}
PERF {"pid":77016,"phase":"git:rev-parse","start_ns":1789219410010966000,"ns":8752292}
PERF {"pid":77016,"phase":"git:rev-parse","start_ns":1789219410019795000,"ns":7669209}
PERF {"pid":77016,"phase":"git:rev-parse","start_ns":1789219410027531000,"ns":7694167}
PERF {"pid":77016,"phase":"git:rev-parse","start_ns":1789219410035290000,"ns":7746583}
PERF {"pid":77016,"phase":"git:rev-parse","start_ns":1789219410043103000,"ns":7320750}
PERF {"pid":77016,"phase":"git:rev-parse","start_ns":1789219410050474000,"ns":7477083}
PERF {"pid":77016,"phase":"git:rev-parse","start_ns":1789219410058007000,"ns":7383042}
PERF {"pid":77016,"phase":"git:rev-parse","start_ns":1789219410065436000,"ns":7562750}
PERF {"pid":77016,"phase":"git:rev-parse","start_ns":1789219410073042000,"ns":7654167}
PERF {"pid":77016,"phase":"git:rev-parse","start_ns":1789219410080742000,"ns":8212792}
PERF {"pid":77016,"phase":"git:rev-parse","start_ns":1789219410088999000,"ns":7559833}
PERF {"pid":77016,"phase":"git:rev-parse","start_ns":1789219410096633000,"ns":8077833}
PERF {"pid":77016,"phase":"git:rev-parse","start_ns":1789219410104788000,"ns":7524666}
PERF {"pid":77016,"phase":"git:rev-parse","start_ns":1789219410112353000,"ns":8041000}
PERF {"pid":77016,"phase":"git:rev-parse","start_ns":1789219410120432000,"ns":7540875}
PERF {"pid":77016,"phase":"git:rev-parse","start_ns":1789219410128014000,"ns":7300667}
PERF {"pid":77016,"phase":"git:rev-parse","start_ns":1789219410135392000,"ns":8751625}
PERF {"pid":77016,"phase":"git:rev-parse","start_ns":1789219410144187000,"ns":6887458}
PERF {"pid":77016,"phase":"git:rev-parse","start_ns":1789219410151120000,"ns":7274500}
PERF {"pid":77016,"phase":"git:rev-parse","start_ns":1789219410158484000,"ns":6758209}
PERF {"pid":77016,"phase":"git:rev-parse","start_ns":1789219410165320000,"ns":7434500}
PERF {"pid":77016,"phase":"git:rev-parse","start_ns":1789219410172828000,"ns":7419750}
PERF {"pid":77016,"phase":"git:rev-parse","start_ns":1789219410180285000,"ns":7832375}
PERF {"pid":77016,"phase":"git:rev-parse","start_ns":1789219410188152000,"ns":7211084}
PERF {"pid":77016,"phase":"git:rev-parse","start_ns":1789219410195479000,"ns":6623083}
PERF {"pid":77016,"phase":"git:rev-parse","start_ns":1789219410202142000,"ns":6889042}
PERF {"pid":77016,"phase":"git:rev-parse","start_ns":1789219410209136000,"ns":7505125}
PERF {"pid":77016,"phase":"git:rev-parse","start_ns":1789219410216683000,"ns":8737417}
PERF {"pid":77016,"phase":"git:rev-parse","start_ns":1789219410225479000,"ns":7783916}
PERF {"pid":77016,"phase":"git:rev-parse","start_ns":1789219410233303000,"ns":7853625}
PERF {"pid":77016,"phase":"git:rev-parse","start_ns":1789219410241254000,"ns":7656917}
PERF {"pid":77016,"phase":"git:rev-parse","start_ns":1789219410248963000,"ns":8142333}
PERF {"pid":77016,"phase":"git:rev-parse","start_ns":1789219410257154000,"ns":7478667}
PERF {"pid":77016,"phase":"git:rev-parse","start_ns":1789219410264697000,"ns":7691292}
PERF {"pid":77016,"phase":"git:rev-parse","start_ns":1789219410272447000,"ns":7505167}
PERF {"pid":77016,"phase":"git:rev-parse","start_ns":1789219410280002000,"ns":7266500}
PERF {"pid":77016,"phase":"git:rev-parse","start_ns":1789219410287319000,"ns":7758208}
PERF {"pid":77016,"phase":"git:rev-parse","start_ns":1789219410295126000,"ns":6795834}
PERF {"pid":77016,"phase":"git:rev-parse","start_ns":1789219410302020000,"ns":7392667}
PERF {"pid":77016,"phase":"git:rev-parse","start_ns":1789219410309477000,"ns":7503541}
PERF {"pid":77016,"phase":"git:rev-parse","start_ns":1789219410317020000,"ns":7530458}
PERF {"pid":77016,"phase":"git:rev-parse","start_ns":1789219410324592000,"ns":7569667}
PERF {"pid":77016,"phase":"git:rev-parse","start_ns":1789219410332205000,"ns":7954375}
PERF {"pid":77016,"phase":"git:rev-parse","start_ns":1789219410340329000,"ns":8104500}
PERF {"pid":77016,"phase":"git:rev-parse","start_ns":1789219410348490000,"ns":8234875}
PERF {"pid":77016,"phase":"git:rev-parse","start_ns":1789219410356768000,"ns":8312125}
PERF {"pid":77016,"phase":"git:rev-parse","start_ns":1789219410365128000,"ns":7625833}
PERF {"pid":77016,"phase":"git:rev-parse","start_ns":1789219410372847000,"ns":8141041}
PERF {"pid":77016,"phase":"git:rev-parse","start_ns":1789219410381040000,"ns":8190000}
PERF {"pid":77016,"phase":"git:rev-parse","start_ns":1789219410389314000,"ns":8199834}
PERF {"pid":77016,"phase":"git:rev-parse","start_ns":1789219410397553000,"ns":7324375}
PERF {"pid":77016,"phase":"git:rev-parse","start_ns":1789219410404925000,"ns":7704375}
PERF {"pid":77016,"phase":"git:rev-parse","start_ns":1789219410412705000,"ns":8383500}
PERF {"pid":77016,"phase":"git:rev-parse","start_ns":1789219410421133000,"ns":7362917}
PERF {"pid":77016,"phase":"git:rev-parse","start_ns":1789219410428588000,"ns":7930334}
PERF {"pid":77016,"phase":"git:rev-parse","start_ns":1789219410436566000,"ns":6159583}
PERF {"pid":77016,"phase":"git:rev-parse","start_ns":1789219410442782000,"ns":7474125}
PERF {"pid":77016,"phase":"git:rev-parse","start_ns":1789219410450318000,"ns":7269792}
PERF {"pid":77016,"phase":"git:rev-parse","start_ns":1789219410457646000,"ns":8389750}
PERF {"pid":77016,"phase":"git:rev-parse","start_ns":1789219410466100000,"ns":6958875}
PERF {"pid":77016,"phase":"git:rev-parse","start_ns":1789219410473105000,"ns":7716458}
PERF {"pid":77016,"phase":"git:rev-parse","start_ns":1789219410480859000,"ns":8116125}
PERF {"pid":77016,"phase":"git:rev-parse","start_ns":1789219410489017000,"ns":8240750}
PERF {"pid":77016,"phase":"git:rev-parse","start_ns":1789219410497297000,"ns":7086834}
PERF {"pid":77016,"phase":"git:rev-parse","start_ns":1789219410504436000,"ns":7133458}
PERF {"pid":77016,"phase":"git:rev-parse","start_ns":1789219410511615000,"ns":7041042}
PERF {"pid":77016,"phase":"git:rev-parse","start_ns":1789219410518695000,"ns":7210708}
PERF {"pid":77016,"phase":"git:rev-parse","start_ns":1789219410525944000,"ns":7618542}
PERF {"pid":77016,"phase":"git:rev-parse","start_ns":1789219410533601000,"ns":7410375}
PERF {"pid":77016,"phase":"git:rev-parse","start_ns":1789219410541056000,"ns":7438792}
PERF {"pid":77016,"phase":"git:rev-parse","start_ns":1789219410548604000,"ns":7082209}
PERF {"pid":77016,"phase":"git:rev-parse","start_ns":1789219410555805000,"ns":7329708}
PERF {"pid":77016,"phase":"git:rev-parse","start_ns":1789219410563234000,"ns":7916791}
PERF {"pid":77016,"phase":"git:rev-parse","start_ns":1789219410571214000,"ns":6939583}
PERF {"pid":77016,"phase":"git:rev-parse","start_ns":1789219410578223000,"ns":7233292}
PERF {"pid":77016,"phase":"git:rev-parse","start_ns":1789219410585552000,"ns":7365625}
PERF {"pid":77016,"phase":"git:rev-parse","start_ns":1789219410592955000,"ns":7656209}
PERF {"pid":77016,"phase":"git:rev-parse","start_ns":1789219410600657000,"ns":7350875}
PERF {"pid":77016,"phase":"git:rev-parse","start_ns":1789219410608052000,"ns":7811042}
PERF {"pid":77016,"phase":"git:rev-parse","start_ns":1789219410615932000,"ns":8023333}
PERF {"pid":77016,"phase":"git:rev-parse","start_ns":1789219410624025000,"ns":8539666}
PERF {"pid":77016,"phase":"git:rev-parse","start_ns":1789219410632660000,"ns":6226000}
PERF {"pid":77016,"phase":"git:rev-parse","start_ns":1789219410638963000,"ns":7126875}
PERF {"pid":77016,"phase":"git:rev-parse","start_ns":1789219410646144000,"ns":6355500}
PERF {"pid":77016,"phase":"git:rev-parse","start_ns":1789219410652650000,"ns":7065708}
PERF {"pid":77016,"phase":"git:rev-parse","start_ns":1789219410659754000,"ns":7591958}
PERF {"pid":77016,"phase":"git:rev-parse","start_ns":1789219410667395000,"ns":7458791}
PERF {"pid":77016,"phase":"git:for-each-ref","start_ns":1789219410674899000,"ns":45536084}
PERF {"pid":77016,"phase":"pins","start_ns":1789219402888383000,"ns":7833229917}
PERF {"pid":77016,"phase":"lock-held","start_ns":1789219402817569000,"ns":7904714833}
PERF {"pid":77016,"phase":"lock-wait","start_ns":1789219410833716000,"ns":82250}
PERF {"pid":77016,"phase":"git:for-each-ref","start_ns":1789219410833833000,"ns":10570458}
PERF {"pid":77016,"phase":"git:cat-file","start_ns":1789219410844465000,"ns":9345083}
PERF {"pid":77016,"phase":"git:ls-tree","start_ns":1789219410853941000,"ns":8732416}
PERF {"pid":77016,"phase":"git:cat-file","start_ns":1789219410862743000,"ns":11725208}
PERF {"pid":77016,"phase":"read","start_ns":1789219410833831000,"ns":59474459}
PERF {"pid":77016,"phase":"encode-before","start_ns":1789219410893358000,"ns":11222708}
PERF {"pid":77016,"phase":"encode-after","start_ns":1789219410904636000,"ns":7825167}
PERF {"pid":77016,"phase":"git:cat-file","start_ns":1789219410914308000,"ns":10964917}
PERF {"pid":77016,"phase":"git:rev-parse","start_ns":1789219410925642000,"ns":7837458}
PERF {"pid":77016,"phase":"git:rev-parse","start_ns":1789219410933548000,"ns":10939750}
PERF {"pid":77016,"phase":"git:rev-parse","start_ns":1789219410944567000,"ns":11225333}
PERF {"pid":77016,"phase":"git:rev-parse","start_ns":1789219410955860000,"ns":10969625}
PERF {"pid":77016,"phase":"git:rev-parse","start_ns":1789219410966917000,"ns":9151625}
PERF {"pid":77016,"phase":"git:rev-parse","start_ns":1789219410976142000,"ns":9165625}
PERF {"pid":77016,"phase":"git:rev-parse","start_ns":1789219410985388000,"ns":9399667}
PERF {"pid":77016,"phase":"git:rev-parse","start_ns":1789219410994876000,"ns":7012209}
PERF {"pid":77016,"phase":"git:rev-parse","start_ns":1789219411001956000,"ns":7180292}
PERF {"pid":77016,"phase":"git:rev-parse","start_ns":1789219411009189000,"ns":7094042}
PERF {"pid":77016,"phase":"git:rev-parse","start_ns":1789219411016331000,"ns":7754916}
PERF {"pid":77016,"phase":"git:rev-parse","start_ns":1789219411024130000,"ns":6967250}
PERF {"pid":77016,"phase":"git:rev-parse","start_ns":1789219411031160000,"ns":10057042}
PERF {"pid":77016,"phase":"git:rev-parse","start_ns":1789219411041303000,"ns":7253583}
PERF {"pid":77016,"phase":"git:rev-parse","start_ns":1789219411048595000,"ns":7250250}
PERF {"pid":77016,"phase":"git:rev-parse","start_ns":1789219411055884000,"ns":7607791}
PERF {"pid":77016,"phase":"git:rev-parse","start_ns":1789219411063534000,"ns":7579167}
PERF {"pid":77016,"phase":"git:rev-parse","start_ns":1789219411071153000,"ns":7331125}
PERF {"pid":77016,"phase":"git:rev-parse","start_ns":1789219411078526000,"ns":9008708}
PERF {"pid":77016,"phase":"git:rev-parse","start_ns":1789219411087588000,"ns":7209083}
PERF {"pid":77016,"phase":"git:rev-parse","start_ns":1789219411094867000,"ns":6848209}
PERF {"pid":77016,"phase":"git:rev-parse","start_ns":1789219411101797000,"ns":9005209}
PERF {"pid":77016,"phase":"git:rev-parse","start_ns":1789219411110844000,"ns":6982000}
PERF {"pid":77016,"phase":"git:rev-parse","start_ns":1789219411117859000,"ns":7026791}
PERF {"pid":77016,"phase":"git:rev-parse","start_ns":1789219411124960000,"ns":7940417}
PERF {"pid":77016,"phase":"git:rev-parse","start_ns":1789219411132957000,"ns":9709000}
PERF {"pid":77016,"phase":"git:rev-parse","start_ns":1789219411142692000,"ns":8360667}
PERF {"pid":77016,"phase":"git:rev-parse","start_ns":1789219411151126000,"ns":7474292}
PERF {"pid":77016,"phase":"git:rev-parse","start_ns":1789219411158665000,"ns":7569541}
PERF {"pid":77016,"phase":"git:rev-parse","start_ns":1789219411166292000,"ns":7567083}
PERF {"pid":77016,"phase":"git:rev-parse","start_ns":1789219411173933000,"ns":8213375}
PERF {"pid":77016,"phase":"git:rev-parse","start_ns":1789219411182181000,"ns":7609416}
PERF {"pid":77016,"phase":"git:rev-parse","start_ns":1789219411189867000,"ns":7534625}
PERF {"pid":77016,"phase":"git:rev-parse","start_ns":1789219411197464000,"ns":6612292}
PERF {"pid":77016,"phase":"git:rev-parse","start_ns":1789219411204122000,"ns":7173000}
PERF {"pid":77016,"phase":"git:rev-parse","start_ns":1789219411211349000,"ns":7084917}
PERF {"pid":77016,"phase":"git:rev-parse","start_ns":1789219411218485000,"ns":7488584}
PERF {"pid":77016,"phase":"git:rev-parse","start_ns":1789219411226034000,"ns":8731916}
PERF {"pid":77016,"phase":"git:rev-parse","start_ns":1789219411234835000,"ns":6799208}
PERF {"pid":77016,"phase":"git:rev-parse","start_ns":1789219411241678000,"ns":7207084}
PERF {"pid":77016,"phase":"git:rev-parse","start_ns":1789219411248930000,"ns":7114458}
PERF {"pid":77016,"phase":"git:rev-parse","start_ns":1789219411256127000,"ns":7714167}
PERF {"pid":77016,"phase":"git:rev-parse","start_ns":1789219411263922000,"ns":7052333}
PERF {"pid":77016,"phase":"git:rev-parse","start_ns":1789219411271074000,"ns":6194709}
PERF {"pid":77016,"phase":"git:rev-parse","start_ns":1789219411277297000,"ns":7632959}
PERF {"pid":77016,"phase":"git:rev-parse","start_ns":1789219411284968000,"ns":7425125}
PERF {"pid":77016,"phase":"git:rev-parse","start_ns":1789219411292430000,"ns":7972667}
PERF {"pid":77016,"phase":"git:rev-parse","start_ns":1789219411300437000,"ns":7309375}
PERF {"pid":77016,"phase":"git:rev-parse","start_ns":1789219411307800000,"ns":6917958}
PERF {"pid":77016,"phase":"git:rev-parse","start_ns":1789219411314788000,"ns":7373791}
PERF {"pid":77016,"phase":"git:rev-parse","start_ns":1789219411322264000,"ns":6969334}
PERF {"pid":77016,"phase":"git:rev-parse","start_ns":1789219411329309000,"ns":6833875}
PERF {"pid":77016,"phase":"git:rev-parse","start_ns":1789219411336222000,"ns":7131292}
PERF {"pid":77016,"phase":"git:rev-parse","start_ns":1789219411343408000,"ns":7904500}
PERF {"pid":77016,"phase":"git:rev-parse","start_ns":1789219411351347000,"ns":7596375}
PERF {"pid":77016,"phase":"git:rev-parse","start_ns":1789219411358978000,"ns":7734042}
PERF {"pid":77016,"phase":"git:rev-parse","start_ns":1789219411366776000,"ns":7724250}
PERF {"pid":77016,"phase":"git:rev-parse","start_ns":1789219411374575000,"ns":7568583}
PERF {"pid":77016,"phase":"git:rev-parse","start_ns":1789219411382229000,"ns":7891666}
PERF {"pid":77016,"phase":"git:rev-parse","start_ns":1789219411390193000,"ns":7255208}
PERF {"pid":77016,"phase":"git:rev-parse","start_ns":1789219411397510000,"ns":7276542}
PERF {"pid":77016,"phase":"git:rev-parse","start_ns":1789219411404859000,"ns":6680792}
PERF {"pid":77016,"phase":"git:rev-parse","start_ns":1789219411411599000,"ns":7529959}
PERF {"pid":77016,"phase":"git:rev-parse","start_ns":1789219411419168000,"ns":6926125}
PERF {"pid":77016,"phase":"git:rev-parse","start_ns":1789219411426134000,"ns":7223167}
PERF {"pid":77016,"phase":"git:rev-parse","start_ns":1789219411433392000,"ns":8008584}
PERF {"pid":77016,"phase":"git:rev-parse","start_ns":1789219411441434000,"ns":6589167}
PERF {"pid":77016,"phase":"git:rev-parse","start_ns":1789219411448088000,"ns":6600292}
PERF {"pid":77016,"phase":"git:rev-parse","start_ns":1789219411454760000,"ns":7539083}
PERF {"pid":77016,"phase":"git:rev-parse","start_ns":1789219411462359000,"ns":6337208}
PERF {"pid":77016,"phase":"git:rev-parse","start_ns":1789219411468754000,"ns":6959958}
PERF {"pid":77016,"phase":"git:rev-parse","start_ns":1789219411475813000,"ns":7486917}
PERF {"pid":77016,"phase":"git:rev-parse","start_ns":1789219411483451000,"ns":7352292}
PERF {"pid":77016,"phase":"git:rev-parse","start_ns":1789219411490882000,"ns":6838917}
PERF {"pid":77016,"phase":"git:rev-parse","start_ns":1789219411497815000,"ns":10792000}
PERF {"pid":77016,"phase":"git:rev-parse","start_ns":1789219411508660000,"ns":8113375}
PERF {"pid":77016,"phase":"git:rev-parse","start_ns":1789219411516828000,"ns":8594000}
PERF {"pid":77016,"phase":"git:rev-parse","start_ns":1789219411525478000,"ns":11283042}
PERF {"pid":77016,"phase":"git:rev-parse","start_ns":1789219411536840000,"ns":10120542}
PERF {"pid":77016,"phase":"git:rev-parse","start_ns":1789219411547027000,"ns":7776459}
PERF {"pid":77016,"phase":"git:rev-parse","start_ns":1789219411554874000,"ns":7735583}
PERF {"pid":77016,"phase":"git:rev-parse","start_ns":1789219411562675000,"ns":9402875}
PERF {"pid":77016,"phase":"git:rev-parse","start_ns":1789219411572143000,"ns":8511916}
PERF {"pid":77016,"phase":"git:rev-parse","start_ns":1789219411580726000,"ns":7477875}
PERF {"pid":77016,"phase":"git:rev-parse","start_ns":1789219411588281000,"ns":7214208}
PERF {"pid":77016,"phase":"git:rev-parse","start_ns":1789219411595622000,"ns":5980792}
PERF {"pid":77016,"phase":"git:rev-parse","start_ns":1789219411601716000,"ns":7473208}
PERF {"pid":77016,"phase":"git:rev-parse","start_ns":1789219411609253000,"ns":7336791}
PERF {"pid":77016,"phase":"git:rev-parse","start_ns":1789219411616628000,"ns":8334625}
PERF {"pid":77016,"phase":"git:rev-parse","start_ns":1789219411625006000,"ns":7447125}
PERF {"pid":77016,"phase":"git:rev-parse","start_ns":1789219411632488000,"ns":6634542}
PERF {"pid":77016,"phase":"git:rev-parse","start_ns":1789219411639187000,"ns":6651375}
PERF {"pid":77016,"phase":"git:rev-parse","start_ns":1789219411645896000,"ns":6607917}
PERF {"pid":77016,"phase":"git:rev-parse","start_ns":1789219411652573000,"ns":7027083}
PERF {"pid":77016,"phase":"git:rev-parse","start_ns":1789219411659634000,"ns":7292500}
PERF {"pid":77016,"phase":"git:rev-parse","start_ns":1789219411666984000,"ns":7488208}
PERF {"pid":77016,"phase":"git:rev-parse","start_ns":1789219411674537000,"ns":7498667}
PERF {"pid":77016,"phase":"git:rev-parse","start_ns":1789219411682097000,"ns":7100416}
PERF {"pid":77016,"phase":"git:rev-parse","start_ns":1789219411689285000,"ns":8266208}
PERF {"pid":77016,"phase":"git:rev-parse","start_ns":1789219411697614000,"ns":6002917}
PERF {"pid":77016,"phase":"git:rev-parse","start_ns":1789219411703662000,"ns":7308667}
PERF {"pid":77016,"phase":"git:rev-parse","start_ns":1789219411711140000,"ns":6837792}
PERF {"pid":77016,"phase":"git:rev-parse","start_ns":1789219411718035000,"ns":7133750}
PERF {"pid":77016,"phase":"git:rev-parse","start_ns":1789219411725224000,"ns":7138584}
PERF {"pid":77016,"phase":"git:rev-parse","start_ns":1789219411732425000,"ns":7211083}
PERF {"pid":77016,"phase":"git:rev-parse","start_ns":1789219411739714000,"ns":6533750}
PERF {"pid":77016,"phase":"git:rev-parse","start_ns":1789219411746337000,"ns":6668958}
PERF {"pid":77016,"phase":"git:rev-parse","start_ns":1789219411753152000,"ns":7203541}
PERF {"pid":77016,"phase":"git:rev-parse","start_ns":1789219411760415000,"ns":7248792}
PERF {"pid":77016,"phase":"git:rev-parse","start_ns":1789219411767724000,"ns":7352834}
PERF {"pid":77016,"phase":"git:rev-parse","start_ns":1789219411775113000,"ns":7466000}
PERF {"pid":77016,"phase":"git:rev-parse","start_ns":1789219411782644000,"ns":7592917}
PERF {"pid":77016,"phase":"git:rev-parse","start_ns":1789219411790304000,"ns":7779792}
PERF {"pid":77016,"phase":"git:rev-parse","start_ns":1789219411798280000,"ns":7338875}
PERF {"pid":77016,"phase":"git:rev-parse","start_ns":1789219411805740000,"ns":7781750}
PERF {"pid":77016,"phase":"git:rev-parse","start_ns":1789219411813566000,"ns":6299583}
PERF {"pid":77016,"phase":"git:rev-parse","start_ns":1789219411819996000,"ns":10458958}
PERF {"pid":77016,"phase":"git:rev-parse","start_ns":1789219411830555000,"ns":7926208}
PERF {"pid":77016,"phase":"git:rev-parse","start_ns":1789219411838554000,"ns":7763250}
PERF {"pid":77016,"phase":"git:rev-parse","start_ns":1789219411846467000,"ns":7461375}
PERF {"pid":77016,"phase":"git:rev-parse","start_ns":1789219411854033000,"ns":10216208}
PERF {"pid":77016,"phase":"git:rev-parse","start_ns":1789219411864305000,"ns":8732042}
PERF {"pid":77016,"phase":"git:rev-parse","start_ns":1789219411873113000,"ns":9572333}
PERF {"pid":77016,"phase":"git:rev-parse","start_ns":1789219411882758000,"ns":8034125}
PERF {"pid":77016,"phase":"git:rev-parse","start_ns":1789219411890858000,"ns":8483584}
PERF {"pid":77016,"phase":"git:rev-parse","start_ns":1789219411899393000,"ns":8191333}
PERF {"pid":77016,"phase":"git:rev-parse","start_ns":1789219411907678000,"ns":8289334}
PERF {"pid":77016,"phase":"git:rev-parse","start_ns":1789219411916009000,"ns":7623833}
PERF {"pid":77016,"phase":"git:rev-parse","start_ns":1789219411923736000,"ns":8240958}
PERF {"pid":77016,"phase":"git:rev-parse","start_ns":1789219411932038000,"ns":7641667}
PERF {"pid":77016,"phase":"git:rev-parse","start_ns":1789219411939717000,"ns":8295500}
PERF {"pid":77016,"phase":"git:rev-parse","start_ns":1789219411948050000,"ns":7937959}
PERF {"pid":77016,"phase":"git:rev-parse","start_ns":1789219411956049000,"ns":7181917}
PERF {"pid":77016,"phase":"git:rev-parse","start_ns":1789219411963294000,"ns":8526083}
PERF {"pid":77016,"phase":"git:rev-parse","start_ns":1789219411971856000,"ns":6920583}
PERF {"pid":77016,"phase":"git:rev-parse","start_ns":1789219411978849000,"ns":7542584}
PERF {"pid":77016,"phase":"git:rev-parse","start_ns":1789219411986552000,"ns":7751042}
PERF {"pid":77016,"phase":"git:rev-parse","start_ns":1789219411994377000,"ns":18494125}
PERF {"pid":77016,"phase":"git:rev-parse","start_ns":1789219412012946000,"ns":10423917}
PERF {"pid":77016,"phase":"git:rev-parse","start_ns":1789219412023432000,"ns":10090542}
PERF {"pid":77016,"phase":"git:rev-parse","start_ns":1789219412033704000,"ns":8114458}
PERF {"pid":77016,"phase":"git:rev-parse","start_ns":1789219412041857000,"ns":7345833}
PERF {"pid":77016,"phase":"git:rev-parse","start_ns":1789219412049239000,"ns":7758417}
PERF {"pid":77016,"phase":"git:rev-parse","start_ns":1789219412057067000,"ns":7330583}
PERF {"pid":77016,"phase":"git:rev-parse","start_ns":1789219412064443000,"ns":5990375}
PERF {"pid":77016,"phase":"git:rev-parse","start_ns":1789219412070493000,"ns":7832292}
PERF {"pid":77016,"phase":"git:rev-parse","start_ns":1789219412078385000,"ns":6988042}
PERF {"pid":77016,"phase":"git:rev-parse","start_ns":1789219412085424000,"ns":8277708}
PERF {"pid":77016,"phase":"git:rev-parse","start_ns":1789219412093771000,"ns":7255500}
PERF {"pid":77016,"phase":"git:rev-parse","start_ns":1789219412101094000,"ns":8383458}
PERF {"pid":77016,"phase":"git:rev-parse","start_ns":1789219412109534000,"ns":7246541}
PERF {"pid":77016,"phase":"git:rev-parse","start_ns":1789219412116836000,"ns":7519625}
PERF {"pid":77016,"phase":"git:rev-parse","start_ns":1789219412124432000,"ns":7676208}
PERF {"pid":77016,"phase":"git:rev-parse","start_ns":1789219412132179000,"ns":7073833}
PERF {"pid":77016,"phase":"git:rev-parse","start_ns":1789219412139382000,"ns":7852542}
PERF {"pid":77016,"phase":"git:rev-parse","start_ns":1789219412147286000,"ns":7083625}
PERF {"pid":77016,"phase":"git:rev-parse","start_ns":1789219412154435000,"ns":6750375}
PERF {"pid":77016,"phase":"git:rev-parse","start_ns":1789219412161249000,"ns":7977208}
PERF {"pid":77016,"phase":"git:rev-parse","start_ns":1789219412169291000,"ns":7192167}
PERF {"pid":77016,"phase":"git:rev-parse","start_ns":1789219412176563000,"ns":7109250}
PERF {"pid":77016,"phase":"git:rev-parse","start_ns":1789219412183709000,"ns":8108500}
PERF {"pid":77016,"phase":"git:rev-parse","start_ns":1789219412191859000,"ns":7449375}
PERF {"pid":77016,"phase":"git:rev-parse","start_ns":1789219412199379000,"ns":7400666}
PERF {"pid":77016,"phase":"git:rev-parse","start_ns":1789219412206863000,"ns":8203417}
PERF {"pid":77016,"phase":"git:rev-parse","start_ns":1789219412215152000,"ns":7283250}
PERF {"pid":77016,"phase":"git:rev-parse","start_ns":1789219412222521000,"ns":8032541}
PERF {"pid":77016,"phase":"git:rev-parse","start_ns":1789219412230653000,"ns":7047792}
PERF {"pid":77016,"phase":"git:rev-parse","start_ns":1789219412237770000,"ns":7037125}
PERF {"pid":77016,"phase":"git:rev-parse","start_ns":1789219412244947000,"ns":7010708}
PERF {"pid":77016,"phase":"git:rev-parse","start_ns":1789219412252027000,"ns":7650416}
PERF {"pid":77016,"phase":"git:rev-parse","start_ns":1789219412259739000,"ns":7629250}
PERF {"pid":77016,"phase":"git:rev-parse","start_ns":1789219412267430000,"ns":7793167}
PERF {"pid":77016,"phase":"git:rev-parse","start_ns":1789219412275305000,"ns":7157375}
PERF {"pid":77016,"phase":"git:rev-parse","start_ns":1789219412282527000,"ns":6999208}
PERF {"pid":77016,"phase":"git:rev-parse","start_ns":1789219412289607000,"ns":8232792}
PERF {"pid":77016,"phase":"git:rev-parse","start_ns":1789219412297919000,"ns":7595542}
PERF {"pid":77016,"phase":"git:rev-parse","start_ns":1789219412305563000,"ns":6761750}
PERF {"pid":77016,"phase":"git:rev-parse","start_ns":1789219412312378000,"ns":6867583}
PERF {"pid":77016,"phase":"git:rev-parse","start_ns":1789219412319313000,"ns":6712166}
PERF {"pid":77016,"phase":"git:rev-parse","start_ns":1789219412326082000,"ns":7153709}
PERF {"pid":77016,"phase":"git:rev-parse","start_ns":1789219412333303000,"ns":7824083}
PERF {"pid":77016,"phase":"git:rev-parse","start_ns":1789219412341170000,"ns":7448916}
PERF {"pid":77016,"phase":"git:rev-parse","start_ns":1789219412348662000,"ns":6653208}
PERF {"pid":77016,"phase":"git:rev-parse","start_ns":1789219412355519000,"ns":8184625}
PERF {"pid":77016,"phase":"git:rev-parse","start_ns":1789219412363780000,"ns":6902625}
PERF {"pid":77016,"phase":"git:rev-parse","start_ns":1789219412370761000,"ns":6641208}
PERF {"pid":77016,"phase":"git:rev-parse","start_ns":1789219412377462000,"ns":7201084}
PERF {"pid":77016,"phase":"git:rev-parse","start_ns":1789219412384723000,"ns":7635875}
PERF {"pid":77016,"phase":"git:rev-parse","start_ns":1789219412392417000,"ns":7080125}
PERF {"pid":77016,"phase":"git:rev-parse","start_ns":1789219412399532000,"ns":7312041}
PERF {"pid":77016,"phase":"git:rev-parse","start_ns":1789219412406996000,"ns":8148667}
PERF {"pid":77016,"phase":"git:rev-parse","start_ns":1789219412415207000,"ns":7358042}
PERF {"pid":77016,"phase":"git:rev-parse","start_ns":1789219412422763000,"ns":7454958}
PERF {"pid":77016,"phase":"git:rev-parse","start_ns":1789219412430299000,"ns":6422459}
PERF {"pid":77016,"phase":"git:rev-parse","start_ns":1789219412436781000,"ns":6713958}
PERF {"pid":77016,"phase":"git:rev-parse","start_ns":1789219412443683000,"ns":7640791}
PERF {"pid":77016,"phase":"git:rev-parse","start_ns":1789219412451398000,"ns":7738292}
PERF {"pid":77016,"phase":"git:rev-parse","start_ns":1789219412459175000,"ns":7898209}
PERF {"pid":77016,"phase":"git:rev-parse","start_ns":1789219412467113000,"ns":7051000}
PERF {"pid":77016,"phase":"git:rev-parse","start_ns":1789219412474246000,"ns":7352833}
PERF {"pid":77016,"phase":"git:rev-parse","start_ns":1789219412481650000,"ns":7570042}
PERF {"pid":77016,"phase":"git:rev-parse","start_ns":1789219412489301000,"ns":8039416}
PERF {"pid":77016,"phase":"git:rev-parse","start_ns":1789219412497422000,"ns":7668375}
PERF {"pid":77016,"phase":"git:rev-parse","start_ns":1789219412505165000,"ns":6980166}
PERF {"pid":77016,"phase":"git:rev-parse","start_ns":1789219412512185000,"ns":7861542}
PERF {"pid":77016,"phase":"git:rev-parse","start_ns":1789219412520111000,"ns":6567375}
PERF {"pid":77016,"phase":"git:rev-parse","start_ns":1789219412526750000,"ns":7776958}
PERF {"pid":77016,"phase":"git:rev-parse","start_ns":1789219412534586000,"ns":7631083}
PERF {"pid":77016,"phase":"git:rev-parse","start_ns":1789219412542258000,"ns":7693542}
PERF {"pid":77016,"phase":"git:rev-parse","start_ns":1789219412549991000,"ns":7936666}
PERF {"pid":77016,"phase":"git:rev-parse","start_ns":1789219412558002000,"ns":7808875}
PERF {"pid":77016,"phase":"git:rev-parse","start_ns":1789219412565860000,"ns":7611084}
PERF {"pid":77016,"phase":"git:rev-parse","start_ns":1789219412573515000,"ns":7597625}
PERF {"pid":77016,"phase":"git:rev-parse","start_ns":1789219412581208000,"ns":7250125}
PERF {"pid":77016,"phase":"git:rev-parse","start_ns":1789219412588540000,"ns":6667583}
PERF {"pid":77016,"phase":"git:rev-parse","start_ns":1789219412595292000,"ns":7706834}
PERF {"pid":77016,"phase":"git:rev-parse","start_ns":1789219412603039000,"ns":7420042}
PERF {"pid":77016,"phase":"git:rev-parse","start_ns":1789219412610499000,"ns":7039959}
PERF {"pid":77016,"phase":"git:rev-parse","start_ns":1789219412617609000,"ns":7756833}
PERF {"pid":77016,"phase":"git:rev-parse","start_ns":1789219412625441000,"ns":7079042}
PERF {"pid":77016,"phase":"git:rev-parse","start_ns":1789219412632608000,"ns":7569833}
PERF {"pid":77016,"phase":"git:rev-parse","start_ns":1789219412640319000,"ns":6901584}
PERF {"pid":77016,"phase":"git:rev-parse","start_ns":1789219412647280000,"ns":6904292}
PERF {"pid":77016,"phase":"git:rev-parse","start_ns":1789219412654248000,"ns":7906584}
PERF {"pid":77016,"phase":"git:rev-parse","start_ns":1789219412662226000,"ns":7818708}
PERF {"pid":77016,"phase":"git:rev-parse","start_ns":1789219412670105000,"ns":7151500}
PERF {"pid":77016,"phase":"git:rev-parse","start_ns":1789219412677384000,"ns":7374667}
PERF {"pid":77016,"phase":"git:rev-parse","start_ns":1789219412684850000,"ns":6732167}
PERF {"pid":77016,"phase":"git:rev-parse","start_ns":1789219412691660000,"ns":7534500}
PERF {"pid":77016,"phase":"git:rev-parse","start_ns":1789219412699312000,"ns":7097834}
PERF {"pid":77016,"phase":"git:rev-parse","start_ns":1789219412706450000,"ns":7435459}
PERF {"pid":77016,"phase":"git:rev-parse","start_ns":1789219412713946000,"ns":7749584}
PERF {"pid":77016,"phase":"git:rev-parse","start_ns":1789219412721730000,"ns":8136667}
PERF {"pid":77016,"phase":"git:rev-parse","start_ns":1789219412729931000,"ns":7934625}
PERF {"pid":77016,"phase":"git:rev-parse","start_ns":1789219412737927000,"ns":7362917}
PERF {"pid":77016,"phase":"git:rev-parse","start_ns":1789219412745325000,"ns":7991209}
PERF {"pid":77016,"phase":"git:rev-parse","start_ns":1789219412753375000,"ns":8324542}
PERF {"pid":77016,"phase":"git:rev-parse","start_ns":1789219412761766000,"ns":8193500}
PERF {"pid":77016,"phase":"git:rev-parse","start_ns":1789219412770039000,"ns":7974167}
PERF {"pid":77016,"phase":"git:rev-parse","start_ns":1789219412778075000,"ns":7197542}
PERF {"pid":77016,"phase":"git:rev-parse","start_ns":1789219412785315000,"ns":7819625}
PERF {"pid":77016,"phase":"git:rev-parse","start_ns":1789219412793178000,"ns":8734583}
PERF {"pid":77016,"phase":"git:rev-parse","start_ns":1789219412801987000,"ns":9402791}
PERF {"pid":77016,"phase":"git:rev-parse","start_ns":1789219412811457000,"ns":7662458}
PERF {"pid":77016,"phase":"git:rev-parse","start_ns":1789219412819208000,"ns":7660875}
PERF {"pid":77016,"phase":"git:rev-parse","start_ns":1789219412826929000,"ns":8428417}
PERF {"pid":77016,"phase":"git:rev-parse","start_ns":1789219412835426000,"ns":7610334}
PERF {"pid":77016,"phase":"git:rev-parse","start_ns":1789219412843093000,"ns":8454250}
PERF {"pid":77016,"phase":"git:rev-parse","start_ns":1789219412851601000,"ns":9328958}
PERF {"pid":77016,"phase":"git:rev-parse","start_ns":1789219412861008000,"ns":6822500}
PERF {"pid":77016,"phase":"git:rev-parse","start_ns":1789219412867896000,"ns":7662166}
PERF {"pid":77016,"phase":"git:rev-parse","start_ns":1789219412875682000,"ns":7964709}
PERF {"pid":77016,"phase":"git:rev-parse","start_ns":1789219412883717000,"ns":8725417}
PERF {"pid":77016,"phase":"git:rev-parse","start_ns":1789219412892484000,"ns":8918208}
PERF {"pid":77016,"phase":"git:rev-parse","start_ns":1789219412901447000,"ns":8785084}
PERF {"pid":77016,"phase":"git:rev-parse","start_ns":1789219412910296000,"ns":8233666}
PERF {"pid":77016,"phase":"git:rev-parse","start_ns":1789219412918665000,"ns":7901834}
PERF {"pid":77016,"phase":"git:rev-parse","start_ns":1789219412926683000,"ns":7845167}
PERF {"pid":77016,"phase":"git:rev-parse","start_ns":1789219412934602000,"ns":7549541}
PERF {"pid":77016,"phase":"git:rev-parse","start_ns":1789219412942220000,"ns":7336958}
PERF {"pid":77016,"phase":"git:rev-parse","start_ns":1789219412949633000,"ns":7959791}
PERF {"pid":77016,"phase":"git:rev-parse","start_ns":1789219412957742000,"ns":7453000}
PERF {"pid":77016,"phase":"git:rev-parse","start_ns":1789219412965398000,"ns":7217667}
PERF {"pid":77016,"phase":"git:rev-parse","start_ns":1789219412972694000,"ns":7471000}
PERF {"pid":77016,"phase":"git:rev-parse","start_ns":1789219412980223000,"ns":7890583}
PERF {"pid":77016,"phase":"git:rev-parse","start_ns":1789219412988172000,"ns":7889167}
PERF {"pid":77016,"phase":"git:rev-parse","start_ns":1789219412996114000,"ns":8264583}
PERF {"pid":77016,"phase":"git:rev-parse","start_ns":1789219413004499000,"ns":8186583}
PERF {"pid":77016,"phase":"git:rev-parse","start_ns":1789219413012726000,"ns":7952500}
PERF {"pid":77016,"phase":"git:rev-parse","start_ns":1789219413020732000,"ns":7750209}
PERF {"pid":77016,"phase":"git:rev-parse","start_ns":1789219413028584000,"ns":7714958}
PERF {"pid":77016,"phase":"git:rev-parse","start_ns":1789219413036375000,"ns":7604667}
PERF {"pid":77016,"phase":"git:rev-parse","start_ns":1789219413044126000,"ns":7155459}
PERF {"pid":77016,"phase":"git:rev-parse","start_ns":1789219413051329000,"ns":7562708}
PERF {"pid":77016,"phase":"git:rev-parse","start_ns":1789219413059004000,"ns":6948542}
PERF {"pid":77016,"phase":"git:rev-parse","start_ns":1789219413066038000,"ns":8022375}
PERF {"pid":77016,"phase":"git:rev-parse","start_ns":1789219413074147000,"ns":6915916}
PERF {"pid":77016,"phase":"git:rev-parse","start_ns":1789219413081176000,"ns":7611750}
PERF {"pid":77016,"phase":"git:rev-parse","start_ns":1789219413088854000,"ns":8239875}
PERF {"pid":77016,"phase":"git:rev-parse","start_ns":1789219413097164000,"ns":7247792}
PERF {"pid":77016,"phase":"git:rev-parse","start_ns":1789219413104493000,"ns":8004542}
PERF {"pid":77016,"phase":"git:rev-parse","start_ns":1789219413112563000,"ns":7560916}
PERF {"pid":77016,"phase":"git:rev-parse","start_ns":1789219413120175000,"ns":7967541}
PERF {"pid":77016,"phase":"git:rev-parse","start_ns":1789219413128245000,"ns":7558000}
PERF {"pid":77016,"phase":"git:rev-parse","start_ns":1789219413135908000,"ns":7200458}
PERF {"pid":77016,"phase":"git:rev-parse","start_ns":1789219413143203000,"ns":7938583}
PERF {"pid":77016,"phase":"git:rev-parse","start_ns":1789219413151215000,"ns":7439291}
PERF {"pid":77016,"phase":"git:rev-parse","start_ns":1789219413158711000,"ns":7966459}
PERF {"pid":77016,"phase":"git:rev-parse","start_ns":1789219413166752000,"ns":8011875}
PERF {"pid":77016,"phase":"git:rev-parse","start_ns":1789219413174829000,"ns":7663042}
PERF {"pid":77016,"phase":"git:rev-parse","start_ns":1789219413182538000,"ns":7986834}
PERF {"pid":77016,"phase":"git:rev-parse","start_ns":1789219413190599000,"ns":9132167}
PERF {"pid":77016,"phase":"git:rev-parse","start_ns":1789219413199778000,"ns":7585709}
PERF {"pid":77016,"phase":"git:rev-parse","start_ns":1789219413207446000,"ns":6665666}
PERF {"pid":77016,"phase":"git:rev-parse","start_ns":1789219413214189000,"ns":7399542}
PERF {"pid":77016,"phase":"git:rev-parse","start_ns":1789219413221624000,"ns":7443875}
PERF {"pid":77016,"phase":"git:rev-parse","start_ns":1789219413229125000,"ns":7835208}
PERF {"pid":77016,"phase":"git:rev-parse","start_ns":1789219413237023000,"ns":8114334}
PERF {"pid":77016,"phase":"git:rev-parse","start_ns":1789219413245187000,"ns":7749083}
PERF {"pid":77016,"phase":"git:rev-parse","start_ns":1789219413253006000,"ns":7481083}
PERF {"pid":77016,"phase":"git:rev-parse","start_ns":1789219413260530000,"ns":7852209}
PERF {"pid":77016,"phase":"git:rev-parse","start_ns":1789219413268448000,"ns":6867584}
PERF {"pid":77016,"phase":"git:rev-parse","start_ns":1789219413275387000,"ns":6187875}
PERF {"pid":77016,"phase":"git:rev-parse","start_ns":1789219413281649000,"ns":7442917}
PERF {"pid":77016,"phase":"git:rev-parse","start_ns":1789219413289160000,"ns":7912125}
PERF {"pid":77016,"phase":"git:rev-parse","start_ns":1789219413297147000,"ns":7218875}
PERF {"pid":77016,"phase":"git:rev-parse","start_ns":1789219413304451000,"ns":7847125}
PERF {"pid":77016,"phase":"git:rev-parse","start_ns":1789219413312359000,"ns":7549667}
PERF {"pid":77016,"phase":"git:rev-parse","start_ns":1789219413320026000,"ns":8722625}
PERF {"pid":77016,"phase":"git:rev-parse","start_ns":1789219413328819000,"ns":8689041}
PERF {"pid":77016,"phase":"git:rev-parse","start_ns":1789219413337666000,"ns":8189625}
PERF {"pid":77016,"phase":"git:rev-parse","start_ns":1789219413345928000,"ns":8084834}
PERF {"pid":77016,"phase":"git:rev-parse","start_ns":1789219413354072000,"ns":8757125}
PERF {"pid":77016,"phase":"git:rev-parse","start_ns":1789219413362924000,"ns":8946000}
PERF {"pid":77016,"phase":"git:rev-parse","start_ns":1789219413371948000,"ns":7460166}
PERF {"pid":77016,"phase":"git:rev-parse","start_ns":1789219413379455000,"ns":7509167}
PERF {"pid":77016,"phase":"git:rev-parse","start_ns":1789219413387019000,"ns":7723625}
PERF {"pid":77016,"phase":"git:rev-parse","start_ns":1789219413394865000,"ns":6792500}
PERF {"pid":77016,"phase":"git:rev-parse","start_ns":1789219413401697000,"ns":7990709}
PERF {"pid":77016,"phase":"git:rev-parse","start_ns":1789219413409728000,"ns":7652792}
PERF {"pid":77016,"phase":"git:rev-parse","start_ns":1789219413417423000,"ns":7764791}
PERF {"pid":77016,"phase":"git:rev-parse","start_ns":1789219413425248000,"ns":8646166}
PERF {"pid":77016,"phase":"git:rev-parse","start_ns":1789219413433990000,"ns":7145042}
PERF {"pid":77016,"phase":"git:rev-parse","start_ns":1789219413441197000,"ns":6768750}
PERF {"pid":77016,"phase":"git:rev-parse","start_ns":1789219413448068000,"ns":7386875}
PERF {"pid":77016,"phase":"git:rev-parse","start_ns":1789219413455517000,"ns":7631667}
PERF {"pid":77016,"phase":"git:rev-parse","start_ns":1789219413463212000,"ns":7780167}
PERF {"pid":77016,"phase":"git:rev-parse","start_ns":1789219413471060000,"ns":7536583}
PERF {"pid":77016,"phase":"git:rev-parse","start_ns":1789219413478665000,"ns":7540917}
PERF {"pid":77016,"phase":"git:rev-parse","start_ns":1789219413486248000,"ns":7211875}
PERF {"pid":77016,"phase":"git:rev-parse","start_ns":1789219413493520000,"ns":8501542}
PERF {"pid":77016,"phase":"git:rev-parse","start_ns":1789219413502086000,"ns":7525458}
PERF {"pid":77016,"phase":"git:rev-parse","start_ns":1789219413509656000,"ns":7205500}
PERF {"pid":77016,"phase":"git:rev-parse","start_ns":1789219413516965000,"ns":7359334}
PERF {"pid":77016,"phase":"git:rev-parse","start_ns":1789219413524396000,"ns":7367875}
PERF {"pid":77016,"phase":"git:rev-parse","start_ns":1789219413531815000,"ns":7511958}
PERF {"pid":77016,"phase":"git:rev-parse","start_ns":1789219413539414000,"ns":7876709}
PERF {"pid":77016,"phase":"git:rev-parse","start_ns":1789219413547357000,"ns":7547292}
PERF {"pid":77016,"phase":"git:rev-parse","start_ns":1789219413554973000,"ns":7725917}
PERF {"pid":77016,"phase":"git:rev-parse","start_ns":1789219413562797000,"ns":8264083}
PERF {"pid":77016,"phase":"git:rev-parse","start_ns":1789219413571140000,"ns":7522250}
PERF {"pid":77016,"phase":"git:rev-parse","start_ns":1789219413578704000,"ns":7808500}
PERF {"pid":77016,"phase":"git:rev-parse","start_ns":1789219413586577000,"ns":7912500}
PERF {"pid":77016,"phase":"git:rev-parse","start_ns":1789219413594559000,"ns":5778333}
PERF {"pid":77016,"phase":"git:rev-parse","start_ns":1789219413600403000,"ns":8102375}
PERF {"pid":77016,"phase":"git:rev-parse","start_ns":1789219413608562000,"ns":7591458}
PERF {"pid":77016,"phase":"git:rev-parse","start_ns":1789219413616224000,"ns":7730750}
PERF {"pid":77016,"phase":"git:rev-parse","start_ns":1789219413624021000,"ns":8070125}
PERF {"pid":77016,"phase":"git:rev-parse","start_ns":1789219413632141000,"ns":8491583}
PERF {"pid":77016,"phase":"git:rev-parse","start_ns":1789219413640692000,"ns":7788833}
PERF {"pid":77016,"phase":"git:rev-parse","start_ns":1789219413648529000,"ns":8757459}
PERF {"pid":77016,"phase":"git:rev-parse","start_ns":1789219413657337000,"ns":7967125}
PERF {"pid":77016,"phase":"git:rev-parse","start_ns":1789219413665441000,"ns":7797750}
PERF {"pid":77016,"phase":"git:rev-parse","start_ns":1789219413673319000,"ns":8105458}
PERF {"pid":77016,"phase":"git:rev-parse","start_ns":1789219413681546000,"ns":7705833}
PERF {"pid":77016,"phase":"git:rev-parse","start_ns":1789219413689289000,"ns":7739292}
PERF {"pid":77016,"phase":"git:rev-parse","start_ns":1789219413697077000,"ns":7514333}
PERF {"pid":77016,"phase":"git:rev-parse","start_ns":1789219413704716000,"ns":7797333}
PERF {"pid":77016,"phase":"git:rev-parse","start_ns":1789219413712585000,"ns":7601833}
PERF {"pid":77016,"phase":"git:rev-parse","start_ns":1789219413720256000,"ns":7824125}
PERF {"pid":77016,"phase":"git:rev-parse","start_ns":1789219413728149000,"ns":6501041}
PERF {"pid":77016,"phase":"git:rev-parse","start_ns":1789219413734788000,"ns":7699208}
PERF {"pid":77016,"phase":"git:rev-parse","start_ns":1789219413742619000,"ns":6686959}
PERF {"pid":77016,"phase":"git:rev-parse","start_ns":1789219413749347000,"ns":7244709}
PERF {"pid":77016,"phase":"git:rev-parse","start_ns":1789219413756634000,"ns":7592708}
PERF {"pid":77016,"phase":"git:rev-parse","start_ns":1789219413764268000,"ns":7325209}
PERF {"pid":77016,"phase":"git:rev-parse","start_ns":1789219413771632000,"ns":6266000}
PERF {"pid":77016,"phase":"git:rev-parse","start_ns":1789219413777990000,"ns":7300250}
PERF {"pid":77016,"phase":"git:rev-parse","start_ns":1789219413785357000,"ns":7038917}
PERF {"pid":77016,"phase":"git:rev-parse","start_ns":1789219413792494000,"ns":7560334}
PERF {"pid":77016,"phase":"git:rev-parse","start_ns":1789219413800121000,"ns":9047250}
PERF {"pid":77016,"phase":"git:rev-parse","start_ns":1789219413809241000,"ns":8263333}
PERF {"pid":77016,"phase":"git:rev-parse","start_ns":1789219413817578000,"ns":8007459}
PERF {"pid":77016,"phase":"git:rev-parse","start_ns":1789219413825655000,"ns":7930792}
PERF {"pid":77016,"phase":"git:rev-parse","start_ns":1789219413833658000,"ns":7713208}
PERF {"pid":77016,"phase":"git:rev-parse","start_ns":1789219413841417000,"ns":7227000}
PERF {"pid":77016,"phase":"git:rev-parse","start_ns":1789219413848760000,"ns":7584666}
PERF {"pid":77016,"phase":"git:rev-parse","start_ns":1789219413856415000,"ns":7411375}
PERF {"pid":77016,"phase":"git:rev-parse","start_ns":1789219413863926000,"ns":7722208}
PERF {"pid":77016,"phase":"git:rev-parse","start_ns":1789219413871761000,"ns":7475208}
PERF {"pid":77016,"phase":"git:rev-parse","start_ns":1789219413879322000,"ns":7618667}
PERF {"pid":77016,"phase":"git:rev-parse","start_ns":1789219413886989000,"ns":6335333}
PERF {"pid":77016,"phase":"git:rev-parse","start_ns":1789219413893389000,"ns":7742125}
PERF {"pid":77016,"phase":"git:rev-parse","start_ns":1789219413901215000,"ns":8882541}
PERF {"pid":77016,"phase":"git:rev-parse","start_ns":1789219413910166000,"ns":9253625}
PERF {"pid":77016,"phase":"git:rev-parse","start_ns":1789219413919556000,"ns":8627625}
PERF {"pid":77016,"phase":"git:rev-parse","start_ns":1789219413928306000,"ns":8495625}
PERF {"pid":77016,"phase":"git:rev-parse","start_ns":1789219413936881000,"ns":7502458}
PERF {"pid":77016,"phase":"git:rev-parse","start_ns":1789219413944459000,"ns":9161834}
PERF {"pid":77016,"phase":"git:rev-parse","start_ns":1789219413953707000,"ns":8046375}
PERF {"pid":77016,"phase":"git:rev-parse","start_ns":1789219413961890000,"ns":7930708}
PERF {"pid":77016,"phase":"git:rev-parse","start_ns":1789219413969899000,"ns":7214542}
PERF {"pid":77016,"phase":"git:rev-parse","start_ns":1789219413977207000,"ns":8119333}
PERF {"pid":77016,"phase":"git:rev-parse","start_ns":1789219413985429000,"ns":7354250}
PERF {"pid":77016,"phase":"git:rev-parse","start_ns":1789219413992916000,"ns":7120250}
PERF {"pid":77016,"phase":"git:rev-parse","start_ns":1789219414000115000,"ns":9024833}
PERF {"pid":77016,"phase":"git:rev-parse","start_ns":1789219414009219000,"ns":7455708}
PERF {"pid":77016,"phase":"git:rev-parse","start_ns":1789219414016734000,"ns":7564625}
PERF {"pid":77016,"phase":"git:rev-parse","start_ns":1789219414024356000,"ns":8407750}
PERF {"pid":77016,"phase":"git:rev-parse","start_ns":1789219414032820000,"ns":7858791}
PERF {"pid":77016,"phase":"git:rev-parse","start_ns":1789219414040746000,"ns":7951167}
PERF {"pid":77016,"phase":"git:rev-parse","start_ns":1789219414048756000,"ns":8026916}
PERF {"pid":77016,"phase":"git:rev-parse","start_ns":1789219414056844000,"ns":7206667}
PERF {"pid":77016,"phase":"git:rev-parse","start_ns":1789219414064095000,"ns":6991750}
PERF {"pid":77016,"phase":"git:rev-parse","start_ns":1789219414071159000,"ns":8811708}
PERF {"pid":77016,"phase":"git:rev-parse","start_ns":1789219414080066000,"ns":7111166}
PERF {"pid":77016,"phase":"git:rev-parse","start_ns":1789219414087293000,"ns":8167667}
PERF {"pid":77016,"phase":"git:rev-parse","start_ns":1789219414095543000,"ns":7784584}
PERF {"pid":77016,"phase":"git:rev-parse","start_ns":1789219414103439000,"ns":7805333}
PERF {"pid":77016,"phase":"git:rev-parse","start_ns":1789219414111321000,"ns":7378208}
PERF {"pid":77016,"phase":"git:rev-parse","start_ns":1789219414118745000,"ns":8439583}
PERF {"pid":77016,"phase":"git:rev-parse","start_ns":1789219414127251000,"ns":7159500}
PERF {"pid":77016,"phase":"git:rev-parse","start_ns":1789219414134493000,"ns":7065125}
PERF {"pid":77016,"phase":"git:rev-parse","start_ns":1789219414141625000,"ns":7862042}
PERF {"pid":77016,"phase":"git:rev-parse","start_ns":1789219414149579000,"ns":7775208}
PERF {"pid":77016,"phase":"git:rev-parse","start_ns":1789219414157455000,"ns":7568958}
PERF {"pid":77016,"phase":"git:rev-parse","start_ns":1789219414165140000,"ns":7889750}
PERF {"pid":77016,"phase":"git:rev-parse","start_ns":1789219414173074000,"ns":7933000}
PERF {"pid":77016,"phase":"git:rev-parse","start_ns":1789219414181106000,"ns":8177917}
PERF {"pid":77016,"phase":"git:rev-parse","start_ns":1789219414189479000,"ns":8018166}
PERF {"pid":77016,"phase":"git:rev-parse","start_ns":1789219414197597000,"ns":6831458}
PERF {"pid":77016,"phase":"git:rev-parse","start_ns":1789219414204602000,"ns":7442292}
PERF {"pid":77016,"phase":"git:rev-parse","start_ns":1789219414212224000,"ns":7790250}
PERF {"pid":77016,"phase":"git:rev-parse","start_ns":1789219414220086000,"ns":7875708}
PERF {"pid":77016,"phase":"git:rev-parse","start_ns":1789219414228006000,"ns":7495958}
PERF {"pid":77016,"phase":"git:rev-parse","start_ns":1789219414235608000,"ns":7267625}
PERF {"pid":77016,"phase":"git:rev-parse","start_ns":1789219414243006000,"ns":7505458}
PERF {"pid":77016,"phase":"git:rev-parse","start_ns":1789219414250607000,"ns":6754875}
PERF {"pid":77016,"phase":"git:rev-parse","start_ns":1789219414257471000,"ns":8075292}
PERF {"pid":77016,"phase":"git:rev-parse","start_ns":1789219414265621000,"ns":7944333}
PERF {"pid":77016,"phase":"git:rev-parse","start_ns":1789219414273715000,"ns":7749209}
PERF {"pid":77016,"phase":"git:rev-parse","start_ns":1789219414281597000,"ns":7085708}
PERF {"pid":77016,"phase":"git:rev-parse","start_ns":1789219414288748000,"ns":7464375}
PERF {"pid":77016,"phase":"git:rev-parse","start_ns":1789219414296254000,"ns":7356791}
PERF {"pid":77016,"phase":"git:rev-parse","start_ns":1789219414303735000,"ns":7792125}
PERF {"pid":77016,"phase":"git:rev-parse","start_ns":1789219414311576000,"ns":7732000}
PERF {"pid":77016,"phase":"git:rev-parse","start_ns":1789219414319409000,"ns":7400000}
PERF {"pid":77016,"phase":"git:rev-parse","start_ns":1789219414326892000,"ns":6817667}
PERF {"pid":77016,"phase":"git:rev-parse","start_ns":1789219414333794000,"ns":7612458}
PERF {"pid":77016,"phase":"git:rev-parse","start_ns":1789219414341497000,"ns":7433959}
PERF {"pid":77016,"phase":"git:rev-parse","start_ns":1789219414348967000,"ns":7921958}
PERF {"pid":77016,"phase":"git:rev-parse","start_ns":1789219414356957000,"ns":7581583}
PERF {"pid":77016,"phase":"git:rev-parse","start_ns":1789219414364628000,"ns":7778625}
PERF {"pid":77016,"phase":"git:rev-parse","start_ns":1789219414372448000,"ns":7431000}
PERF {"pid":77016,"phase":"git:rev-parse","start_ns":1789219414379916000,"ns":7678208}
PERF {"pid":77016,"phase":"git:rev-parse","start_ns":1789219414387660000,"ns":6593333}
PERF {"pid":77016,"phase":"git:rev-parse","start_ns":1789219414394325000,"ns":7043166}
PERF {"pid":77016,"phase":"git:rev-parse","start_ns":1789219414401401000,"ns":7035334}
PERF {"pid":77016,"phase":"git:rev-parse","start_ns":1789219414408494000,"ns":6851875}
PERF {"pid":77016,"phase":"git:rev-parse","start_ns":1789219414415459000,"ns":7182167}
PERF {"pid":77016,"phase":"git:rev-parse","start_ns":1789219414422694000,"ns":6722000}
PERF {"pid":77016,"phase":"git:rev-parse","start_ns":1789219414429485000,"ns":8362750}
PERF {"pid":77016,"phase":"git:rev-parse","start_ns":1789219414438039000,"ns":7991208}
PERF {"pid":77016,"phase":"git:rev-parse","start_ns":1789219414446102000,"ns":6254834}
PERF {"pid":77016,"phase":"git:rev-parse","start_ns":1789219414452402000,"ns":7838625}
PERF {"pid":77016,"phase":"git:rev-parse","start_ns":1789219414460309000,"ns":7099250}
PERF {"pid":77016,"phase":"git:rev-parse","start_ns":1789219414467475000,"ns":5652333}
PERF {"pid":77016,"phase":"git:rev-parse","start_ns":1789219414473190000,"ns":7357250}
PERF {"pid":77016,"phase":"git:rev-parse","start_ns":1789219414480619000,"ns":7430792}
PERF {"pid":77016,"phase":"git:rev-parse","start_ns":1789219414488094000,"ns":5857834}
PERF {"pid":77016,"phase":"git:rev-parse","start_ns":1789219414494011000,"ns":7954917}
PERF {"pid":77016,"phase":"git:rev-parse","start_ns":1789219414502007000,"ns":7046000}
PERF {"pid":77016,"phase":"git:rev-parse","start_ns":1789219414509113000,"ns":6072584}
PERF {"pid":77016,"phase":"git:rev-parse","start_ns":1789219414515251000,"ns":7614375}
PERF {"pid":77016,"phase":"git:rev-parse","start_ns":1789219414522928000,"ns":7570375}
PERF {"pid":77016,"phase":"git:rev-parse","start_ns":1789219414530563000,"ns":5984583}
PERF {"pid":77016,"phase":"git:rev-parse","start_ns":1789219414536619000,"ns":8180375}
PERF {"pid":77016,"phase":"git:rev-parse","start_ns":1789219414544860000,"ns":7379042}
PERF {"pid":77016,"phase":"git:rev-parse","start_ns":1789219414552286000,"ns":7178250}
PERF {"pid":77016,"phase":"git:rev-parse","start_ns":1789219414559598000,"ns":6952542}
PERF {"pid":77016,"phase":"git:rev-parse","start_ns":1789219414566646000,"ns":7938167}
PERF {"pid":77016,"phase":"git:rev-parse","start_ns":1789219414574633000,"ns":7788583}
PERF {"pid":77016,"phase":"git:rev-parse","start_ns":1789219414582464000,"ns":7076125}
PERF {"pid":77016,"phase":"git:rev-parse","start_ns":1789219414589614000,"ns":7527167}
PERF {"pid":77016,"phase":"git:rev-parse","start_ns":1789219414597207000,"ns":7354917}
PERF {"pid":77016,"phase":"git:rev-parse","start_ns":1789219414604611000,"ns":8197292}
PERF {"pid":77016,"phase":"git:rev-parse","start_ns":1789219414612862000,"ns":7509709}
PERF {"pid":77016,"phase":"git:rev-parse","start_ns":1789219414620567000,"ns":6977417}
PERF {"pid":77016,"phase":"git:rev-parse","start_ns":1789219414627669000,"ns":8054750}
PERF {"pid":77016,"phase":"git:rev-parse","start_ns":1789219414635804000,"ns":6559167}
PERF {"pid":77016,"phase":"git:rev-parse","start_ns":1789219414642414000,"ns":7337959}
PERF {"pid":77016,"phase":"git:rev-parse","start_ns":1789219414649834000,"ns":7720625}
PERF {"pid":77016,"phase":"git:rev-parse","start_ns":1789219414657622000,"ns":7278541}
PERF {"pid":77016,"phase":"git:rev-parse","start_ns":1789219414664977000,"ns":7000459}
PERF {"pid":77016,"phase":"git:rev-parse","start_ns":1789219414672052000,"ns":6450750}
PERF {"pid":77016,"phase":"git:rev-parse","start_ns":1789219414678569000,"ns":8196500}
PERF {"pid":77016,"phase":"git:rev-parse","start_ns":1789219414686859000,"ns":8417041}
PERF {"pid":77016,"phase":"git:rev-parse","start_ns":1789219414695347000,"ns":12032417}
PERF {"pid":77016,"phase":"git:rev-parse","start_ns":1789219414707473000,"ns":8137917}
PERF {"pid":77016,"phase":"git:rev-parse","start_ns":1789219414715696000,"ns":7114250}
PERF {"pid":77016,"phase":"git:rev-parse","start_ns":1789219414722883000,"ns":7652792}
PERF {"pid":77016,"phase":"git:rev-parse","start_ns":1789219414730605000,"ns":7553125}
PERF {"pid":77016,"phase":"git:rev-parse","start_ns":1789219414738197000,"ns":6025250}
PERF {"pid":77016,"phase":"git:rev-parse","start_ns":1789219414744268000,"ns":7087666}
PERF {"pid":77016,"phase":"git:rev-parse","start_ns":1789219414751427000,"ns":8429250}
PERF {"pid":77016,"phase":"git:rev-parse","start_ns":1789219414759924000,"ns":7581542}
PERF {"pid":77016,"phase":"git:rev-parse","start_ns":1789219414767546000,"ns":7677958}
PERF {"pid":77016,"phase":"git:rev-parse","start_ns":1789219414775301000,"ns":7744958}
PERF {"pid":77016,"phase":"git:rev-parse","start_ns":1789219414783083000,"ns":7296708}
PERF {"pid":77016,"phase":"git:rev-parse","start_ns":1789219414790440000,"ns":8097041}
PERF {"pid":77016,"phase":"git:rev-parse","start_ns":1789219414798580000,"ns":7210708}
PERF {"pid":77016,"phase":"git:rev-parse","start_ns":1789219414805897000,"ns":8656542}
PERF {"pid":77016,"phase":"git:rev-parse","start_ns":1789219414814641000,"ns":8320833}
PERF {"pid":77016,"phase":"git:rev-parse","start_ns":1789219414823039000,"ns":7520458}
PERF {"pid":77016,"phase":"git:rev-parse","start_ns":1789219414830615000,"ns":7256625}
PERF {"pid":77016,"phase":"git:rev-parse","start_ns":1789219414837934000,"ns":7834458}
PERF {"pid":77016,"phase":"git:rev-parse","start_ns":1789219414845896000,"ns":8407583}
PERF {"pid":77016,"phase":"git:rev-parse","start_ns":1789219414854392000,"ns":8272000}
PERF {"pid":77016,"phase":"git:rev-parse","start_ns":1789219414862737000,"ns":6060917}
PERF {"pid":77016,"phase":"git:rev-parse","start_ns":1789219414868854000,"ns":7893625}
PERF {"pid":77016,"phase":"git:rev-parse","start_ns":1789219414876812000,"ns":7656458}
PERF {"pid":77016,"phase":"git:rev-parse","start_ns":1789219414884529000,"ns":7410083}
PERF {"pid":77016,"phase":"git:rev-parse","start_ns":1789219414892038000,"ns":8238083}
PERF {"pid":77016,"phase":"git:rev-parse","start_ns":1789219414900325000,"ns":7712958}
PERF {"pid":77016,"phase":"git:rev-parse","start_ns":1789219414908086000,"ns":7743875}
PERF {"pid":77016,"phase":"git:rev-parse","start_ns":1789219414915879000,"ns":7455583}
PERF {"pid":77016,"phase":"git:rev-parse","start_ns":1789219414923403000,"ns":7929917}
PERF {"pid":77016,"phase":"git:rev-parse","start_ns":1789219414931462000,"ns":8329708}
PERF {"pid":77016,"phase":"git:rev-parse","start_ns":1789219414939875000,"ns":9347542}
PERF {"pid":77016,"phase":"git:rev-parse","start_ns":1789219414949317000,"ns":7044500}
PERF {"pid":77016,"phase":"git:rev-parse","start_ns":1789219414956537000,"ns":7980541}
PERF {"pid":77016,"phase":"git:rev-parse","start_ns":1789219414964589000,"ns":7427083}
PERF {"pid":77016,"phase":"git:rev-parse","start_ns":1789219414972084000,"ns":7889042}
PERF {"pid":77016,"phase":"git:rev-parse","start_ns":1789219414980033000,"ns":7814667}
PERF {"pid":77016,"phase":"git:rev-parse","start_ns":1789219414987923000,"ns":7601459}
PERF {"pid":77016,"phase":"git:rev-parse","start_ns":1789219414995586000,"ns":7814250}
PERF {"pid":77016,"phase":"git:rev-parse","start_ns":1789219415003490000,"ns":8245375}
PERF {"pid":77016,"phase":"git:rev-parse","start_ns":1789219415011819000,"ns":7699625}
PERF {"pid":77016,"phase":"git:rev-parse","start_ns":1789219415019583000,"ns":8281834}
PERF {"pid":77016,"phase":"git:rev-parse","start_ns":1789219415027939000,"ns":7456541}
PERF {"pid":77016,"phase":"git:rev-parse","start_ns":1789219415035502000,"ns":7265875}
PERF {"pid":77016,"phase":"git:rev-parse","start_ns":1789219415042832000,"ns":7907000}
PERF {"pid":77016,"phase":"git:rev-parse","start_ns":1789219415050805000,"ns":8342833}
PERF {"pid":77016,"phase":"git:rev-parse","start_ns":1789219415059253000,"ns":7681583}
PERF {"pid":77016,"phase":"git:rev-parse","start_ns":1789219415066980000,"ns":6910750}
PERF {"pid":77016,"phase":"git:rev-parse","start_ns":1789219415073948000,"ns":7862792}
PERF {"pid":77016,"phase":"git:rev-parse","start_ns":1789219415081881000,"ns":7478167}
PERF {"pid":77016,"phase":"git:rev-parse","start_ns":1789219415089471000,"ns":8031042}
PERF {"pid":77016,"phase":"git:rev-parse","start_ns":1789219415097565000,"ns":7758375}
PERF {"pid":77016,"phase":"git:rev-parse","start_ns":1789219415105385000,"ns":7277917}
PERF {"pid":77016,"phase":"git:rev-parse","start_ns":1789219415112701000,"ns":7354708}
PERF {"pid":77016,"phase":"git:rev-parse","start_ns":1789219415120108000,"ns":7566667}
PERF {"pid":77016,"phase":"git:rev-parse","start_ns":1789219415127768000,"ns":7588584}
PERF {"pid":77016,"phase":"git:rev-parse","start_ns":1789219415135428000,"ns":7853791}
PERF {"pid":77016,"phase":"git:rev-parse","start_ns":1789219415143362000,"ns":7217542}
PERF {"pid":77016,"phase":"git:rev-parse","start_ns":1789219415150627000,"ns":8097791}
PERF {"pid":77016,"phase":"git:rev-parse","start_ns":1789219415158792000,"ns":6791167}
PERF {"pid":77016,"phase":"git:rev-parse","start_ns":1789219415165620000,"ns":7657292}
PERF {"pid":77016,"phase":"git:rev-parse","start_ns":1789219415173321000,"ns":8200000}
PERF {"pid":77016,"phase":"git:rev-parse","start_ns":1789219415181557000,"ns":7951208}
PERF {"pid":77016,"phase":"git:rev-parse","start_ns":1789219415189593000,"ns":7716167}
PERF {"pid":77016,"phase":"git:rev-parse","start_ns":1789219415197389000,"ns":6662750}
PERF {"pid":77016,"phase":"git:rev-parse","start_ns":1789219415204098000,"ns":7243667}
PERF {"pid":77016,"phase":"git:rev-parse","start_ns":1789219415211375000,"ns":7876458}
PERF {"pid":77016,"phase":"git:rev-parse","start_ns":1789219415219290000,"ns":7221042}
PERF {"pid":77016,"phase":"git:rev-parse","start_ns":1789219415226625000,"ns":7602250}
PERF {"pid":77016,"phase":"git:rev-parse","start_ns":1789219415234312000,"ns":6762833}
PERF {"pid":77016,"phase":"git:rev-parse","start_ns":1789219415241157000,"ns":7397958}
PERF {"pid":77016,"phase":"git:rev-parse","start_ns":1789219415248592000,"ns":7762375}
PERF {"pid":77016,"phase":"git:rev-parse","start_ns":1789219415256416000,"ns":7739125}
PERF {"pid":77016,"phase":"git:rev-parse","start_ns":1789219415264222000,"ns":7516458}
PERF {"pid":77016,"phase":"git:rev-parse","start_ns":1789219415271805000,"ns":7523625}
PERF {"pid":77016,"phase":"git:rev-parse","start_ns":1789219415279368000,"ns":7813583}
PERF {"pid":77016,"phase":"git:rev-parse","start_ns":1789219415287248000,"ns":7507000}
PERF {"pid":77016,"phase":"git:rev-parse","start_ns":1789219415294836000,"ns":7986042}
PERF {"pid":77016,"phase":"git:rev-parse","start_ns":1789219415302918000,"ns":7912291}
PERF {"pid":77016,"phase":"git:rev-parse","start_ns":1789219415310917000,"ns":7498041}
PERF {"pid":77016,"phase":"git:rev-parse","start_ns":1789219415318501000,"ns":7560000}
PERF {"pid":77016,"phase":"git:rev-parse","start_ns":1789219415326105000,"ns":6462208}
PERF {"pid":77016,"phase":"git:rev-parse","start_ns":1789219415332691000,"ns":7703584}
PERF {"pid":77016,"phase":"git:rev-parse","start_ns":1789219415340438000,"ns":7560125}
PERF {"pid":77016,"phase":"git:rev-parse","start_ns":1789219415348079000,"ns":8144209}
PERF {"pid":77016,"phase":"git:rev-parse","start_ns":1789219415356266000,"ns":7530625}
PERF {"pid":77016,"phase":"git:rev-parse","start_ns":1789219415363850000,"ns":7751709}
PERF {"pid":77016,"phase":"git:rev-parse","start_ns":1789219415371642000,"ns":7673666}
PERF {"pid":77016,"phase":"git:rev-parse","start_ns":1789219415379368000,"ns":7989333}
PERF {"pid":77016,"phase":"git:rev-parse","start_ns":1789219415387419000,"ns":7098417}
PERF {"pid":77016,"phase":"git:rev-parse","start_ns":1789219415394564000,"ns":7524542}
PERF {"pid":77016,"phase":"git:rev-parse","start_ns":1789219415402139000,"ns":7711750}
PERF {"pid":77016,"phase":"git:rev-parse","start_ns":1789219415409972000,"ns":6268375}
PERF {"pid":77016,"phase":"git:rev-parse","start_ns":1789219415416284000,"ns":7797292}
PERF {"pid":77016,"phase":"git:rev-parse","start_ns":1789219415424165000,"ns":7576209}
PERF {"pid":77016,"phase":"git:rev-parse","start_ns":1789219415431786000,"ns":6667916}
PERF {"pid":77016,"phase":"git:rev-parse","start_ns":1789219415438544000,"ns":7708333}
PERF {"pid":77016,"phase":"git:rev-parse","start_ns":1789219415446354000,"ns":7139542}
PERF {"pid":77016,"phase":"git:rev-parse","start_ns":1789219415453614000,"ns":6278917}
PERF {"pid":77016,"phase":"git:rev-parse","start_ns":1789219415459925000,"ns":7778750}
PERF {"pid":77016,"phase":"git:rev-parse","start_ns":1789219415467762000,"ns":7479417}
PERF {"pid":77016,"phase":"git:rev-parse","start_ns":1789219415475277000,"ns":6655666}
PERF {"pid":77016,"phase":"git:rev-parse","start_ns":1789219415482028000,"ns":8077500}
PERF {"pid":77016,"phase":"git:rev-parse","start_ns":1789219415490144000,"ns":7979334}
PERF {"pid":77016,"phase":"git:rev-parse","start_ns":1789219415498198000,"ns":6842291}
PERF {"pid":77016,"phase":"git:rev-parse","start_ns":1789219415505117000,"ns":7157167}
PERF {"pid":77016,"phase":"git:rev-parse","start_ns":1789219415512375000,"ns":7605792}
PERF {"pid":77016,"phase":"git:rev-parse","start_ns":1789219415520068000,"ns":7278375}
PERF {"pid":77016,"phase":"git:rev-parse","start_ns":1789219415527424000,"ns":7217666}
PERF {"pid":77016,"phase":"git:rev-parse","start_ns":1789219415534720000,"ns":7666958}
PERF {"pid":77016,"phase":"git:rev-parse","start_ns":1789219415542432000,"ns":6586375}
PERF {"pid":77016,"phase":"git:rev-parse","start_ns":1789219415549105000,"ns":8632041}
PERF {"pid":77016,"phase":"git:rev-parse","start_ns":1789219415557823000,"ns":9442125}
PERF {"pid":77016,"phase":"git:rev-parse","start_ns":1789219415567326000,"ns":7490541}
PERF {"pid":77016,"phase":"git:rev-parse","start_ns":1789219415574925000,"ns":7317000}
PERF {"pid":77016,"phase":"git:rev-parse","start_ns":1789219415582307000,"ns":6999792}
PERF {"pid":77016,"phase":"git:rev-parse","start_ns":1789219415589354000,"ns":6960917}
PERF {"pid":77016,"phase":"git:rev-parse","start_ns":1789219415596378000,"ns":6845041}
PERF {"pid":77016,"phase":"git:rev-parse","start_ns":1789219415603335000,"ns":7343500}
PERF {"pid":77016,"phase":"git:rev-parse","start_ns":1789219415610744000,"ns":7889042}
PERF {"pid":77016,"phase":"git:rev-parse","start_ns":1789219415618705000,"ns":7634334}
PERF {"pid":77016,"phase":"git:rev-parse","start_ns":1789219415626378000,"ns":7433958}
PERF {"pid":77016,"phase":"git:rev-parse","start_ns":1789219415633877000,"ns":7545708}
PERF {"pid":77016,"phase":"git:rev-parse","start_ns":1789219415641465000,"ns":6982250}
PERF {"pid":77016,"phase":"git:rev-parse","start_ns":1789219415648555000,"ns":7305291}
PERF {"pid":77016,"phase":"git:rev-parse","start_ns":1789219415655927000,"ns":7325208}
PERF {"pid":77016,"phase":"git:rev-parse","start_ns":1789219415663364000,"ns":6754625}
PERF {"pid":77016,"phase":"git:rev-parse","start_ns":1789219415670184000,"ns":7106583}
PERF {"pid":77016,"phase":"git:rev-parse","start_ns":1789219415677329000,"ns":7643792}
PERF {"pid":77016,"phase":"git:rev-parse","start_ns":1789219415685040000,"ns":7106459}
PERF {"pid":77016,"phase":"git:rev-parse","start_ns":1789219415692192000,"ns":7520542}
PERF {"pid":77016,"phase":"git:rev-parse","start_ns":1789219415699786000,"ns":7653792}
PERF {"pid":77016,"phase":"git:rev-parse","start_ns":1789219415707491000,"ns":7567000}
PERF {"pid":77016,"phase":"git:rev-parse","start_ns":1789219415715117000,"ns":7354417}
PERF {"pid":77016,"phase":"git:rev-parse","start_ns":1789219415722559000,"ns":8327416}
PERF {"pid":77016,"phase":"git:rev-parse","start_ns":1789219415730964000,"ns":7464708}
PERF {"pid":77016,"phase":"git:rev-parse","start_ns":1789219415738479000,"ns":6684084}
PERF {"pid":77016,"phase":"git:rev-parse","start_ns":1789219415745218000,"ns":7033292}
PERF {"pid":77016,"phase":"git:rev-parse","start_ns":1789219415752319000,"ns":7449292}
PERF {"pid":77016,"phase":"git:rev-parse","start_ns":1789219415759805000,"ns":7736500}
PERF {"pid":77016,"phase":"git:rev-parse","start_ns":1789219415767584000,"ns":8112083}
PERF {"pid":77016,"phase":"git:rev-parse","start_ns":1789219415775757000,"ns":7440084}
PERF {"pid":77016,"phase":"git:rev-parse","start_ns":1789219415783259000,"ns":7694875}
PERF {"pid":77016,"phase":"git:rev-parse","start_ns":1789219415791023000,"ns":7204959}
PERF {"pid":77016,"phase":"git:rev-parse","start_ns":1789219415798304000,"ns":7967292}
PERF {"pid":77016,"phase":"git:rev-parse","start_ns":1789219415806331000,"ns":8581792}
PERF {"pid":77016,"phase":"git:rev-parse","start_ns":1789219415814995000,"ns":7833750}
PERF {"pid":77016,"phase":"git:rev-parse","start_ns":1789219415822892000,"ns":7281458}
PERF {"pid":77016,"phase":"git:rev-parse","start_ns":1789219415830240000,"ns":7449750}
PERF {"pid":77016,"phase":"git:rev-parse","start_ns":1789219415837748000,"ns":7587417}
PERF {"pid":77016,"phase":"git:rev-parse","start_ns":1789219415845405000,"ns":6864167}
PERF {"pid":77016,"phase":"git:rev-parse","start_ns":1789219415852344000,"ns":5818584}
PERF {"pid":77016,"phase":"git:rev-parse","start_ns":1789219415858193000,"ns":6844125}
PERF {"pid":77016,"phase":"git:rev-parse","start_ns":1789219415865103000,"ns":7158500}
PERF {"pid":77016,"phase":"git:rev-parse","start_ns":1789219415872329000,"ns":5779333}
PERF {"pid":77016,"phase":"git:rev-parse","start_ns":1789219415878171000,"ns":7072792}
PERF {"pid":77016,"phase":"git:rev-parse","start_ns":1789219415885323000,"ns":7427541}
PERF {"pid":77016,"phase":"git:rev-parse","start_ns":1789219415892809000,"ns":8050083}
PERF {"pid":77016,"phase":"git:rev-parse","start_ns":1789219415900929000,"ns":7175958}
PERF {"pid":77016,"phase":"git:rev-parse","start_ns":1789219415908162000,"ns":7074875}
PERF {"pid":77016,"phase":"git:rev-parse","start_ns":1789219415915298000,"ns":7513125}
PERF {"pid":77016,"phase":"git:rev-parse","start_ns":1789219415922871000,"ns":7720333}
PERF {"pid":77016,"phase":"git:rev-parse","start_ns":1789219415930625000,"ns":7175459}
PERF {"pid":77016,"phase":"git:rev-parse","start_ns":1789219415937834000,"ns":7880792}
PERF {"pid":77016,"phase":"git:rev-parse","start_ns":1789219415945784000,"ns":7596583}
PERF {"pid":77016,"phase":"git:rev-parse","start_ns":1789219415953485000,"ns":8666958}
PERF {"pid":77016,"phase":"git:rev-parse","start_ns":1789219415962201000,"ns":7603958}
PERF {"pid":77016,"phase":"git:rev-parse","start_ns":1789219415969886000,"ns":6169125}
PERF {"pid":77016,"phase":"git:rev-parse","start_ns":1789219415976252000,"ns":7295833}
PERF {"pid":77016,"phase":"git:rev-parse","start_ns":1789219415983583000,"ns":8087916}
PERF {"pid":77016,"phase":"git:rev-parse","start_ns":1789219415991748000,"ns":7600875}
PERF {"pid":77016,"phase":"git:rev-parse","start_ns":1789219415999414000,"ns":7821375}
PERF {"pid":77016,"phase":"git:rev-parse","start_ns":1789219416007306000,"ns":7430042}
PERF {"pid":77016,"phase":"git:rev-parse","start_ns":1789219416014806000,"ns":7889916}
PERF {"pid":77016,"phase":"git:rev-parse","start_ns":1789219416022786000,"ns":6910333}
PERF {"pid":77016,"phase":"git:rev-parse","start_ns":1789219416029740000,"ns":6485250}
PERF {"pid":77016,"phase":"git:rev-parse","start_ns":1789219416036299000,"ns":7408625}
PERF {"pid":77016,"phase":"git:rev-parse","start_ns":1789219416043764000,"ns":7703958}
PERF {"pid":77016,"phase":"git:rev-parse","start_ns":1789219416051525000,"ns":7701542}
PERF {"pid":77016,"phase":"git:rev-parse","start_ns":1789219416059280000,"ns":7404417}
PERF {"pid":77016,"phase":"git:rev-parse","start_ns":1789219416066756000,"ns":7461709}
PERF {"pid":77016,"phase":"git:rev-parse","start_ns":1789219416074273000,"ns":7444375}
PERF {"pid":77016,"phase":"git:rev-parse","start_ns":1789219416081772000,"ns":7773042}
PERF {"pid":77016,"phase":"git:rev-parse","start_ns":1789219416089587000,"ns":6633917}
PERF {"pid":77016,"phase":"git:rev-parse","start_ns":1789219416096302000,"ns":6911042}
PERF {"pid":77016,"phase":"git:rev-parse","start_ns":1789219416103416000,"ns":7310791}
PERF {"pid":77016,"phase":"git:rev-parse","start_ns":1789219416110787000,"ns":7388416}
PERF {"pid":77016,"phase":"git:rev-parse","start_ns":1789219416118241000,"ns":7574667}
PERF {"pid":77016,"phase":"git:rev-parse","start_ns":1789219416125880000,"ns":7951584}
PERF {"pid":77016,"phase":"git:rev-parse","start_ns":1789219416133911000,"ns":7662417}
PERF {"pid":77016,"phase":"git:rev-parse","start_ns":1789219416141637000,"ns":7826208}
PERF {"pid":77016,"phase":"git:rev-parse","start_ns":1789219416149551000,"ns":8092083}
PERF {"pid":77016,"phase":"git:rev-parse","start_ns":1789219416157704000,"ns":7679333}
PERF {"pid":77016,"phase":"git:rev-parse","start_ns":1789219416165448000,"ns":7590917}
PERF {"pid":77016,"phase":"git:rev-parse","start_ns":1789219416173115000,"ns":6932458}
PERF {"pid":77016,"phase":"git:rev-parse","start_ns":1789219416180125000,"ns":7082167}
PERF {"pid":77016,"phase":"git:rev-parse","start_ns":1789219416187252000,"ns":6818708}
PERF {"pid":77016,"phase":"git:rev-parse","start_ns":1789219416194105000,"ns":6887583}
PERF {"pid":77016,"phase":"git:rev-parse","start_ns":1789219416201060000,"ns":7438209}
PERF {"pid":77016,"phase":"git:rev-parse","start_ns":1789219416208571000,"ns":7781292}
PERF {"pid":77016,"phase":"git:rev-parse","start_ns":1789219416216409000,"ns":7065042}
PERF {"pid":77016,"phase":"git:rev-parse","start_ns":1789219416223589000,"ns":6841791}
PERF {"pid":77016,"phase":"git:rev-parse","start_ns":1789219416230515000,"ns":7204708}
PERF {"pid":77016,"phase":"git:rev-parse","start_ns":1789219416237760000,"ns":7088750}
PERF {"pid":77016,"phase":"git:rev-parse","start_ns":1789219416244911000,"ns":7208792}
PERF {"pid":77016,"phase":"git:rev-parse","start_ns":1789219416252163000,"ns":7181333}
PERF {"pid":77016,"phase":"git:rev-parse","start_ns":1789219416259409000,"ns":7227125}
PERF {"pid":77016,"phase":"git:rev-parse","start_ns":1789219416266726000,"ns":6594250}
PERF {"pid":77016,"phase":"git:rev-parse","start_ns":1789219416273389000,"ns":7009375}
PERF {"pid":77016,"phase":"git:rev-parse","start_ns":1789219416280432000,"ns":7582167}
PERF {"pid":77016,"phase":"git:rev-parse","start_ns":1789219416288071000,"ns":7126541}
PERF {"pid":77016,"phase":"git:rev-parse","start_ns":1789219416295270000,"ns":7419167}
PERF {"pid":77016,"phase":"git:rev-parse","start_ns":1789219416302759000,"ns":7261708}
PERF {"pid":77016,"phase":"git:rev-parse","start_ns":1789219416310061000,"ns":6978666}
PERF {"pid":77016,"phase":"git:rev-parse","start_ns":1789219416317127000,"ns":6602042}
PERF {"pid":77016,"phase":"git:rev-parse","start_ns":1789219416323763000,"ns":7013250}
PERF {"pid":77016,"phase":"git:rev-parse","start_ns":1789219416330839000,"ns":7486416}
PERF {"pid":77016,"phase":"git:rev-parse","start_ns":1789219416338392000,"ns":7474250}
PERF {"pid":77016,"phase":"git:rev-parse","start_ns":1789219416345936000,"ns":7723667}
PERF {"pid":77016,"phase":"git:rev-parse","start_ns":1789219416353786000,"ns":7661625}
PERF {"pid":77016,"phase":"git:rev-parse","start_ns":1789219416361492000,"ns":7527500}
PERF {"pid":77016,"phase":"git:rev-parse","start_ns":1789219416369094000,"ns":6487667}
PERF {"pid":77016,"phase":"git:rev-parse","start_ns":1789219416375661000,"ns":6968625}
PERF {"pid":77016,"phase":"git:rev-parse","start_ns":1789219416382669000,"ns":7490666}
PERF {"pid":77016,"phase":"git:rev-parse","start_ns":1789219416390216000,"ns":7029375}
PERF {"pid":77016,"phase":"git:rev-parse","start_ns":1789219416397281000,"ns":7034584}
PERF {"pid":77016,"phase":"git:rev-parse","start_ns":1789219416404385000,"ns":6851584}
PERF {"pid":77016,"phase":"git:rev-parse","start_ns":1789219416411306000,"ns":6126125}
PERF {"pid":77016,"phase":"git:rev-parse","start_ns":1789219416417464000,"ns":6971459}
PERF {"pid":77016,"phase":"git:rev-parse","start_ns":1789219416424476000,"ns":7458125}
PERF {"pid":77016,"phase":"git:rev-parse","start_ns":1789219416432000000,"ns":7114500}
PERF {"pid":77016,"phase":"git:rev-parse","start_ns":1789219416439175000,"ns":6572750}
PERF {"pid":77016,"phase":"git:rev-parse","start_ns":1789219416445830000,"ns":5978375}
PERF {"pid":77016,"phase":"git:rev-parse","start_ns":1789219416451867000,"ns":7634167}
PERF {"pid":77016,"phase":"git:rev-parse","start_ns":1789219416459563000,"ns":6569500}
PERF {"pid":77016,"phase":"git:rev-parse","start_ns":1789219416466205000,"ns":6543125}
PERF {"pid":77016,"phase":"git:rev-parse","start_ns":1789219416472819000,"ns":6371333}
PERF {"pid":77016,"phase":"git:rev-parse","start_ns":1789219416479251000,"ns":6423625}
PERF {"pid":77016,"phase":"git:rev-parse","start_ns":1789219416485737000,"ns":7283167}
PERF {"pid":77016,"phase":"git:rev-parse","start_ns":1789219416493077000,"ns":7099625}
PERF {"pid":77016,"phase":"git:rev-parse","start_ns":1789219416500257000,"ns":6848500}
PERF {"pid":77016,"phase":"git:rev-parse","start_ns":1789219416507196000,"ns":6449750}
PERF {"pid":77016,"phase":"git:rev-parse","start_ns":1789219416513710000,"ns":7635125}
PERF {"pid":77016,"phase":"git:rev-parse","start_ns":1789219416521472000,"ns":8812125}
PERF {"pid":77016,"phase":"git:rev-parse","start_ns":1789219416530322000,"ns":7391916}
PERF {"pid":77016,"phase":"git:rev-parse","start_ns":1789219416537775000,"ns":7530209}
PERF {"pid":77016,"phase":"git:rev-parse","start_ns":1789219416545365000,"ns":7454125}
PERF {"pid":77016,"phase":"git:rev-parse","start_ns":1789219416552890000,"ns":7183958}
PERF {"pid":77016,"phase":"git:rev-parse","start_ns":1789219416560174000,"ns":7053625}
PERF {"pid":77016,"phase":"git:rev-parse","start_ns":1789219416567275000,"ns":6619708}
PERF {"pid":77016,"phase":"git:rev-parse","start_ns":1789219416573939000,"ns":7261750}
PERF {"pid":77016,"phase":"git:rev-parse","start_ns":1789219416581256000,"ns":7212833}
PERF {"pid":77016,"phase":"git:rev-parse","start_ns":1789219416588507000,"ns":7506541}
PERF {"pid":77016,"phase":"git:rev-parse","start_ns":1789219416596086000,"ns":7550875}
PERF {"pid":77016,"phase":"git:rev-parse","start_ns":1789219416603736000,"ns":7039542}
PERF {"pid":77016,"phase":"git:rev-parse","start_ns":1789219416610824000,"ns":8657042}
PERF {"pid":77016,"phase":"git:rev-parse","start_ns":1789219416619604000,"ns":9032375}
PERF {"pid":77016,"phase":"git:rev-parse","start_ns":1789219416628717000,"ns":8823417}
PERF {"pid":77016,"phase":"git:rev-parse","start_ns":1789219416637618000,"ns":8958334}
PERF {"pid":77016,"phase":"git:rev-parse","start_ns":1789219416646656000,"ns":7441667}
PERF {"pid":77016,"phase":"git:rev-parse","start_ns":1789219416654202000,"ns":8110000}
PERF {"pid":77016,"phase":"git:rev-parse","start_ns":1789219416662488000,"ns":9559458}
PERF {"pid":77016,"phase":"git:rev-parse","start_ns":1789219416672134000,"ns":9012417}
PERF {"pid":77016,"phase":"git:rev-parse","start_ns":1789219416681226000,"ns":8352125}
PERF {"pid":77016,"phase":"git:rev-parse","start_ns":1789219416689632000,"ns":6407500}
PERF {"pid":77016,"phase":"git:rev-parse","start_ns":1789219416696111000,"ns":7576958}
PERF {"pid":77016,"phase":"git:rev-parse","start_ns":1789219416703759000,"ns":7008750}
PERF {"pid":77016,"phase":"git:rev-parse","start_ns":1789219416710841000,"ns":7474000}
PERF {"pid":77016,"phase":"git:rev-parse","start_ns":1789219416718352000,"ns":7343916}
PERF {"pid":77016,"phase":"git:rev-parse","start_ns":1789219416725733000,"ns":7366917}
PERF {"pid":77016,"phase":"git:rev-parse","start_ns":1789219416733137000,"ns":7557500}
PERF {"pid":77016,"phase":"git:rev-parse","start_ns":1789219416740754000,"ns":7193167}
PERF {"pid":77016,"phase":"git:rev-parse","start_ns":1789219416748049000,"ns":7952291}
PERF {"pid":77016,"phase":"git:rev-parse","start_ns":1789219416756038000,"ns":6900500}
PERF {"pid":77016,"phase":"git:rev-parse","start_ns":1789219416762984000,"ns":8609833}
PERF {"pid":77016,"phase":"git:rev-parse","start_ns":1789219416771636000,"ns":6234083}
PERF {"pid":77016,"phase":"git:rev-parse","start_ns":1789219416777933000,"ns":7455708}
PERF {"pid":77016,"phase":"git:rev-parse","start_ns":1789219416785459000,"ns":7879084}
PERF {"pid":77016,"phase":"git:rev-parse","start_ns":1789219416793429000,"ns":7801625}
PERF {"pid":77016,"phase":"git:rev-parse","start_ns":1789219416801297000,"ns":8116792}
PERF {"pid":77016,"phase":"git:rev-parse","start_ns":1789219416809488000,"ns":7928667}
PERF {"pid":77016,"phase":"git:rev-parse","start_ns":1789219416817466000,"ns":9110291}
PERF {"pid":77016,"phase":"git:rev-parse","start_ns":1789219416826662000,"ns":9325709}
PERF {"pid":77016,"phase":"git:rev-parse","start_ns":1789219416836055000,"ns":8408500}
PERF {"pid":77016,"phase":"git:rev-parse","start_ns":1789219416844510000,"ns":7329792}
PERF {"pid":77016,"phase":"git:rev-parse","start_ns":1789219416851896000,"ns":8443208}
PERF {"pid":77016,"phase":"git:rev-parse","start_ns":1789219416860405000,"ns":7598083}
PERF {"pid":77016,"phase":"git:rev-parse","start_ns":1789219416868108000,"ns":8502500}
PERF {"pid":77016,"phase":"git:rev-parse","start_ns":1789219416876715000,"ns":6802000}
PERF {"pid":77016,"phase":"git:rev-parse","start_ns":1789219416883589000,"ns":7870792}
PERF {"pid":77016,"phase":"git:rev-parse","start_ns":1789219416891569000,"ns":7878583}
PERF {"pid":77016,"phase":"git:rev-parse","start_ns":1789219416899546000,"ns":7162375}
PERF {"pid":77016,"phase":"git:rev-parse","start_ns":1789219416906784000,"ns":7560916}
PERF {"pid":77016,"phase":"git:rev-parse","start_ns":1789219416914404000,"ns":7017584}
PERF {"pid":77016,"phase":"git:rev-parse","start_ns":1789219416921484000,"ns":7816791}
PERF {"pid":77016,"phase":"git:rev-parse","start_ns":1789219416929370000,"ns":8038917}
PERF {"pid":77016,"phase":"git:rev-parse","start_ns":1789219416937477000,"ns":7789709}
PERF {"pid":77016,"phase":"git:rev-parse","start_ns":1789219416945345000,"ns":7959625}
PERF {"pid":77016,"phase":"git:rev-parse","start_ns":1789219416953376000,"ns":7273459}
PERF {"pid":77016,"phase":"git:rev-parse","start_ns":1789219416960696000,"ns":7466667}
PERF {"pid":77016,"phase":"git:rev-parse","start_ns":1789219416968255000,"ns":7722042}
PERF {"pid":77016,"phase":"git:rev-parse","start_ns":1789219416976061000,"ns":8321792}
PERF {"pid":77016,"phase":"git:rev-parse","start_ns":1789219416984474000,"ns":8042333}
PERF {"pid":77016,"phase":"git:rev-parse","start_ns":1789219416992614000,"ns":6734083}
PERF {"pid":77016,"phase":"git:rev-parse","start_ns":1789219416999393000,"ns":7185125}
PERF {"pid":77016,"phase":"git:rev-parse","start_ns":1789219417006638000,"ns":7349084}
PERF {"pid":77016,"phase":"git:rev-parse","start_ns":1789219417014051000,"ns":7819458}
PERF {"pid":77016,"phase":"git:rev-parse","start_ns":1789219417021946000,"ns":7152334}
PERF {"pid":77016,"phase":"git:rev-parse","start_ns":1789219417029154000,"ns":5478417}
PERF {"pid":77016,"phase":"git:rev-parse","start_ns":1789219417034692000,"ns":7345708}
PERF {"pid":77016,"phase":"git:rev-parse","start_ns":1789219417042076000,"ns":7644583}
PERF {"pid":77016,"phase":"git:rev-parse","start_ns":1789219417049754000,"ns":7154041}
PERF {"pid":77016,"phase":"git:rev-parse","start_ns":1789219417056948000,"ns":7300042}
PERF {"pid":77016,"phase":"git:rev-parse","start_ns":1789219417064296000,"ns":6834208}
PERF {"pid":77016,"phase":"git:rev-parse","start_ns":1789219417071180000,"ns":6257916}
PERF {"pid":77016,"phase":"git:rev-parse","start_ns":1789219417077482000,"ns":7156834}
PERF {"pid":77016,"phase":"git:rev-parse","start_ns":1789219417084698000,"ns":7158542}
PERF {"pid":77016,"phase":"git:rev-parse","start_ns":1789219417092006000,"ns":7360625}
PERF {"pid":77016,"phase":"git:rev-parse","start_ns":1789219417099438000,"ns":7196916}
PERF {"pid":77016,"phase":"git:rev-parse","start_ns":1789219417106730000,"ns":6875625}
PERF {"pid":77016,"phase":"git:rev-parse","start_ns":1789219417113652000,"ns":6451875}
PERF {"pid":77016,"phase":"git:rev-parse","start_ns":1789219417120217000,"ns":7178125}
PERF {"pid":77016,"phase":"git:rev-parse","start_ns":1789219417127497000,"ns":7438000}
PERF {"pid":77016,"phase":"git:rev-parse","start_ns":1789219417135001000,"ns":7777541}
PERF {"pid":77016,"phase":"git:rev-parse","start_ns":1789219417142816000,"ns":7722083}
PERF {"pid":77016,"phase":"git:rev-parse","start_ns":1789219417150579000,"ns":8355125}
PERF {"pid":77016,"phase":"git:rev-parse","start_ns":1789219417158984000,"ns":7319875}
PERF {"pid":77016,"phase":"git:rev-parse","start_ns":1789219417166373000,"ns":7442667}
PERF {"pid":77016,"phase":"git:rev-parse","start_ns":1789219417173890000,"ns":7662583}
PERF {"pid":77016,"phase":"git:rev-parse","start_ns":1789219417181595000,"ns":6915500}
PERF {"pid":77016,"phase":"git:rev-parse","start_ns":1789219417188571000,"ns":7225458}
PERF {"pid":77016,"phase":"git:rev-parse","start_ns":1789219417195896000,"ns":6349125}
PERF {"pid":77016,"phase":"git:rev-parse","start_ns":1789219417202330000,"ns":7364291}
PERF {"pid":77016,"phase":"git:rev-parse","start_ns":1789219417209732000,"ns":7703958}
PERF {"pid":77016,"phase":"git:rev-parse","start_ns":1789219417217507000,"ns":7467833}
PERF {"pid":77016,"phase":"git:rev-parse","start_ns":1789219417225013000,"ns":7293584}
PERF {"pid":77016,"phase":"git:rev-parse","start_ns":1789219417232377000,"ns":7917250}
PERF {"pid":77016,"phase":"git:rev-parse","start_ns":1789219417240345000,"ns":9094917}
PERF {"pid":77016,"phase":"git:rev-parse","start_ns":1789219417249493000,"ns":7198541}
PERF {"pid":77016,"phase":"git:rev-parse","start_ns":1789219417256741000,"ns":7746000}
PERF {"pid":77016,"phase":"git:rev-parse","start_ns":1789219417264556000,"ns":7755958}
PERF {"pid":77016,"phase":"git:rev-parse","start_ns":1789219417272372000,"ns":7856375}
PERF {"pid":77016,"phase":"git:rev-parse","start_ns":1789219417280301000,"ns":8097792}
PERF {"pid":77016,"phase":"git:rev-parse","start_ns":1789219417288578000,"ns":7180667}
PERF {"pid":77016,"phase":"git:rev-parse","start_ns":1789219417295849000,"ns":7637583}
PERF {"pid":77016,"phase":"git:rev-parse","start_ns":1789219417303539000,"ns":7818459}
PERF {"pid":77016,"phase":"git:rev-parse","start_ns":1789219417311452000,"ns":7589833}
PERF {"pid":77016,"phase":"git:rev-parse","start_ns":1789219417319090000,"ns":7695125}
PERF {"pid":77016,"phase":"git:rev-parse","start_ns":1789219417326824000,"ns":8067375}
PERF {"pid":77016,"phase":"git:rev-parse","start_ns":1789219417334929000,"ns":7730291}
PERF {"pid":77016,"phase":"git:rev-parse","start_ns":1789219417342698000,"ns":7757625}
PERF {"pid":77016,"phase":"git:rev-parse","start_ns":1789219417350518000,"ns":7993250}
PERF {"pid":77016,"phase":"git:rev-parse","start_ns":1789219417358549000,"ns":7278875}
PERF {"pid":77016,"phase":"git:rev-parse","start_ns":1789219417365870000,"ns":7511083}
PERF {"pid":77016,"phase":"git:rev-parse","start_ns":1789219417373425000,"ns":7350875}
PERF {"pid":77016,"phase":"git:rev-parse","start_ns":1789219417380817000,"ns":7743875}
PERF {"pid":77016,"phase":"git:rev-parse","start_ns":1789219417388646000,"ns":7710500}
PERF {"pid":77016,"phase":"git:rev-parse","start_ns":1789219417396411000,"ns":7533791}
PERF {"pid":77016,"phase":"git:rev-parse","start_ns":1789219417404022000,"ns":7084291}
PERF {"pid":77016,"phase":"git:rev-parse","start_ns":1789219417411169000,"ns":7759500}
PERF {"pid":77016,"phase":"git:rev-parse","start_ns":1789219417418995000,"ns":7565416}
PERF {"pid":77016,"phase":"git:rev-parse","start_ns":1789219417426599000,"ns":7622500}
PERF {"pid":77016,"phase":"git:rev-parse","start_ns":1789219417434258000,"ns":8033917}
PERF {"pid":77016,"phase":"git:rev-parse","start_ns":1789219417442334000,"ns":8412917}
PERF {"pid":77016,"phase":"git:rev-parse","start_ns":1789219417450786000,"ns":7957208}
PERF {"pid":77016,"phase":"git:rev-parse","start_ns":1789219417458781000,"ns":7616875}
PERF {"pid":77016,"phase":"git:rev-parse","start_ns":1789219417466441000,"ns":7783167}
PERF {"pid":77016,"phase":"git:rev-parse","start_ns":1789219417474263000,"ns":7495375}
PERF {"pid":77016,"phase":"git:rev-parse","start_ns":1789219417481821000,"ns":7570000}
PERF {"pid":77016,"phase":"git:rev-parse","start_ns":1789219417489489000,"ns":8152500}
PERF {"pid":77016,"phase":"git:rev-parse","start_ns":1789219417497691000,"ns":8074792}
PERF {"pid":77016,"phase":"git:rev-parse","start_ns":1789219417505807000,"ns":7761375}
PERF {"pid":77016,"phase":"git:rev-parse","start_ns":1789219417513629000,"ns":8007959}
PERF {"pid":77016,"phase":"git:rev-parse","start_ns":1789219417521691000,"ns":7633958}
PERF {"pid":77016,"phase":"git:rev-parse","start_ns":1789219417529408000,"ns":8535083}
PERF {"pid":77016,"phase":"git:rev-parse","start_ns":1789219417537968000,"ns":6998833}
PERF {"pid":77016,"phase":"git:rev-parse","start_ns":1789219417545034000,"ns":8683958}
PERF {"pid":77016,"phase":"git:rev-parse","start_ns":1789219417553775000,"ns":6827750}
PERF {"pid":77016,"phase":"git:rev-parse","start_ns":1789219417560664000,"ns":7504792}
PERF {"pid":77016,"phase":"git:rev-parse","start_ns":1789219417568209000,"ns":8121833}
PERF {"pid":77016,"phase":"git:rev-parse","start_ns":1789219417576373000,"ns":7588375}
PERF {"pid":77016,"phase":"git:rev-parse","start_ns":1789219417584033000,"ns":7462125}
PERF {"pid":77016,"phase":"git:rev-parse","start_ns":1789219417591588000,"ns":7092333}
PERF {"pid":77016,"phase":"git:rev-parse","start_ns":1789219417598815000,"ns":7935458}
PERF {"pid":77016,"phase":"git:rev-parse","start_ns":1789219417606797000,"ns":8170667}
PERF {"pid":77016,"phase":"git:rev-parse","start_ns":1789219417615012000,"ns":7758000}
PERF {"pid":77016,"phase":"git:rev-parse","start_ns":1789219417622805000,"ns":7942541}
PERF {"pid":77016,"phase":"git:rev-parse","start_ns":1789219417630785000,"ns":8209125}
PERF {"pid":77016,"phase":"git:rev-parse","start_ns":1789219417639076000,"ns":8399916}
PERF {"pid":77016,"phase":"git:rev-parse","start_ns":1789219417647530000,"ns":7742125}
PERF {"pid":77016,"phase":"git:rev-parse","start_ns":1789219417655303000,"ns":7629584}
PERF {"pid":77016,"phase":"git:rev-parse","start_ns":1789219417662970000,"ns":7423459}
PERF {"pid":77016,"phase":"git:rev-parse","start_ns":1789219417670432000,"ns":7825542}
PERF {"pid":77016,"phase":"git:rev-parse","start_ns":1789219417678309000,"ns":6771750}
PERF {"pid":77016,"phase":"git:rev-parse","start_ns":1789219417685117000,"ns":6585042}
PERF {"pid":77016,"phase":"git:rev-parse","start_ns":1789219417691740000,"ns":7005875}
PERF {"pid":77016,"phase":"git:rev-parse","start_ns":1789219417698782000,"ns":6856917}
PERF {"pid":77016,"phase":"git:rev-parse","start_ns":1789219417705671000,"ns":6735625}
PERF {"pid":77016,"phase":"git:rev-parse","start_ns":1789219417712444000,"ns":6107458}
PERF {"pid":77016,"phase":"git:rev-parse","start_ns":1789219417718611000,"ns":6988250}
PERF {"pid":77016,"phase":"git:rev-parse","start_ns":1789219417725639000,"ns":7424333}
PERF {"pid":77016,"phase":"git:rev-parse","start_ns":1789219417733105000,"ns":6908125}
PERF {"pid":77016,"phase":"git:rev-parse","start_ns":1789219417740077000,"ns":6884083}
PERF {"pid":77016,"phase":"git:rev-parse","start_ns":1789219417747011000,"ns":7002625}
PERF {"pid":77016,"phase":"git:rev-parse","start_ns":1789219417754088000,"ns":6483916}
PERF {"pid":77016,"phase":"git:rev-parse","start_ns":1789219417760645000,"ns":6733833}
PERF {"pid":77016,"phase":"git:rev-parse","start_ns":1789219417767412000,"ns":7194542}
PERF {"pid":77016,"phase":"git:rev-parse","start_ns":1789219417774642000,"ns":7501166}
PERF {"pid":77016,"phase":"git:rev-parse","start_ns":1789219417782177000,"ns":6749083}
PERF {"pid":77016,"phase":"git:rev-parse","start_ns":1789219417788975000,"ns":6822167}
PERF {"pid":77016,"phase":"git:rev-parse","start_ns":1789219417795825000,"ns":6651333}
PERF {"pid":77016,"phase":"git:rev-parse","start_ns":1789219417802513000,"ns":7654541}
PERF {"pid":77016,"phase":"git:rev-parse","start_ns":1789219417810203000,"ns":7730458}
PERF {"pid":77016,"phase":"git:rev-parse","start_ns":1789219417817967000,"ns":7728208}
PERF {"pid":77016,"phase":"git:rev-parse","start_ns":1789219417825732000,"ns":8070083}
PERF {"pid":77016,"phase":"git:rev-parse","start_ns":1789219417833876000,"ns":7951125}
PERF {"pid":77016,"phase":"git:rev-parse","start_ns":1789219417841862000,"ns":7336750}
PERF {"pid":77016,"phase":"git:rev-parse","start_ns":1789219417849235000,"ns":7606083}
PERF {"pid":77016,"phase":"git:rev-parse","start_ns":1789219417856900000,"ns":7923250}
PERF {"pid":77016,"phase":"git:rev-parse","start_ns":1789219417864869000,"ns":7403667}
PERF {"pid":77016,"phase":"git:rev-parse","start_ns":1789219417872345000,"ns":7440084}
PERF {"pid":77016,"phase":"git:rev-parse","start_ns":1789219417879862000,"ns":8254500}
PERF {"pid":77016,"phase":"git:rev-parse","start_ns":1789219417888193000,"ns":6503208}
PERF {"pid":77016,"phase":"git:rev-parse","start_ns":1789219417894734000,"ns":7232875}
PERF {"pid":77016,"phase":"git:rev-parse","start_ns":1789219417902002000,"ns":7672792}
PERF {"pid":77016,"phase":"git:rev-parse","start_ns":1789219417909717000,"ns":7712000}
PERF {"pid":77016,"phase":"git:rev-parse","start_ns":1789219417917467000,"ns":7587833}
PERF {"pid":77016,"phase":"git:rev-parse","start_ns":1789219417925099000,"ns":8129417}
PERF {"pid":77016,"phase":"git:rev-parse","start_ns":1789219417933268000,"ns":8345875}
PERF {"pid":77016,"phase":"git:rev-parse","start_ns":1789219417941682000,"ns":7353042}
PERF {"pid":77016,"phase":"git:rev-parse","start_ns":1789219417949081000,"ns":7903166}
PERF {"pid":77016,"phase":"git:rev-parse","start_ns":1789219417957029000,"ns":7769625}
PERF {"pid":77016,"phase":"git:rev-parse","start_ns":1789219417964838000,"ns":8046083}
PERF {"pid":77016,"phase":"git:rev-parse","start_ns":1789219417972974000,"ns":8754458}
PERF {"pid":77016,"phase":"git:rev-parse","start_ns":1789219417981774000,"ns":8700500}
PERF {"pid":77016,"phase":"git:rev-parse","start_ns":1789219417990511000,"ns":9697167}
PERF {"pid":77016,"phase":"git:rev-parse","start_ns":1789219418000274000,"ns":8410708}
PERF {"pid":77016,"phase":"git:rev-parse","start_ns":1789219418008726000,"ns":9697542}
PERF {"pid":77016,"phase":"git:rev-parse","start_ns":1789219418018464000,"ns":8262833}
PERF {"pid":77016,"phase":"git:rev-parse","start_ns":1789219418026763000,"ns":7697208}
PERF {"pid":77016,"phase":"git:rev-parse","start_ns":1789219418034494000,"ns":8035458}
PERF {"pid":77016,"phase":"git:rev-parse","start_ns":1789219418042562000,"ns":8048458}
PERF {"pid":77016,"phase":"git:rev-parse","start_ns":1789219418050653000,"ns":8132750}
PERF {"pid":77016,"phase":"git:rev-parse","start_ns":1789219418058821000,"ns":8406750}
PERF {"pid":77016,"phase":"git:rev-parse","start_ns":1789219418067270000,"ns":9978833}
PERF {"pid":77016,"phase":"git:rev-parse","start_ns":1789219418077312000,"ns":7844291}
PERF {"pid":77016,"phase":"git:rev-parse","start_ns":1789219418085192000,"ns":7497458}
PERF {"pid":77016,"phase":"git:rev-parse","start_ns":1789219418092723000,"ns":7437041}
PERF {"pid":77016,"phase":"git:rev-parse","start_ns":1789219418100222000,"ns":7421333}
PERF {"pid":77016,"phase":"git:rev-parse","start_ns":1789219418107715000,"ns":7249500}
PERF {"pid":77016,"phase":"git:rev-parse","start_ns":1789219418115005000,"ns":7899500}
PERF {"pid":77016,"phase":"git:rev-parse","start_ns":1789219418122951000,"ns":8378167}
PERF {"pid":77016,"phase":"git:rev-parse","start_ns":1789219418131367000,"ns":7771125}
PERF {"pid":77016,"phase":"git:rev-parse","start_ns":1789219418139178000,"ns":7970041}
PERF {"pid":77016,"phase":"git:rev-parse","start_ns":1789219418147188000,"ns":7902458}
PERF {"pid":77016,"phase":"git:rev-parse","start_ns":1789219418155149000,"ns":8433917}
PERF {"pid":77016,"phase":"git:rev-parse","start_ns":1789219418163613000,"ns":8394417}
PERF {"pid":77016,"phase":"git:rev-parse","start_ns":1789219418172057000,"ns":7778750}
PERF {"pid":77016,"phase":"git:rev-parse","start_ns":1789219418179874000,"ns":7930625}
PERF {"pid":77016,"phase":"git:rev-parse","start_ns":1789219418187869000,"ns":7681250}
PERF {"pid":77016,"phase":"git:rev-parse","start_ns":1789219418195591000,"ns":7889542}
PERF {"pid":77016,"phase":"git:rev-parse","start_ns":1789219418203558000,"ns":7643333}
PERF {"pid":77016,"phase":"git:rev-parse","start_ns":1789219418211256000,"ns":7911959}
PERF {"pid":77016,"phase":"git:rev-parse","start_ns":1789219418219231000,"ns":6250750}
PERF {"pid":77016,"phase":"git:rev-parse","start_ns":1789219418225530000,"ns":7460375}
PERF {"pid":77016,"phase":"git:rev-parse","start_ns":1789219418233032000,"ns":8234375}
PERF {"pid":77016,"phase":"git:rev-parse","start_ns":1789219418241425000,"ns":9567208}
PERF {"pid":77016,"phase":"git:rev-parse","start_ns":1789219418251046000,"ns":7289125}
PERF {"pid":77016,"phase":"git:rev-parse","start_ns":1789219418258390000,"ns":7758125}
PERF {"pid":77016,"phase":"git:rev-parse","start_ns":1789219418266211000,"ns":7546541}
PERF {"pid":77016,"phase":"git:rev-parse","start_ns":1789219418273828000,"ns":7937958}
PERF {"pid":77016,"phase":"git:rev-parse","start_ns":1789219418281849000,"ns":7751375}
PERF {"pid":77016,"phase":"git:rev-parse","start_ns":1789219418289648000,"ns":6051375}
PERF {"pid":77016,"phase":"git:rev-parse","start_ns":1789219418295763000,"ns":7159041}
PERF {"pid":77016,"phase":"git:rev-parse","start_ns":1789219418302976000,"ns":7483042}
PERF {"pid":77016,"phase":"git:rev-parse","start_ns":1789219418310514000,"ns":7814292}
PERF {"pid":77016,"phase":"git:rev-parse","start_ns":1789219418318368000,"ns":7504333}
PERF {"pid":77016,"phase":"git:rev-parse","start_ns":1789219418325965000,"ns":7463542}
PERF {"pid":77016,"phase":"git:rev-parse","start_ns":1789219418333468000,"ns":6484875}
PERF {"pid":77016,"phase":"git:rev-parse","start_ns":1789219418340004000,"ns":8104583}
PERF {"pid":77016,"phase":"git:rev-parse","start_ns":1789219418348171000,"ns":7737750}
PERF {"pid":77016,"phase":"git:rev-parse","start_ns":1789219418355968000,"ns":7178041}
PERF {"pid":77016,"phase":"git:rev-parse","start_ns":1789219418363212000,"ns":7609500}
PERF {"pid":77016,"phase":"git:rev-parse","start_ns":1789219418370872000,"ns":7715083}
PERF {"pid":77016,"phase":"git:rev-parse","start_ns":1789219418378656000,"ns":5864625}
PERF {"pid":77016,"phase":"git:rev-parse","start_ns":1789219418384717000,"ns":8480417}
PERF {"pid":77016,"phase":"git:rev-parse","start_ns":1789219418393262000,"ns":7748625}
PERF {"pid":77016,"phase":"git:rev-parse","start_ns":1789219418401047000,"ns":9367166}
PERF {"pid":77016,"phase":"git:rev-parse","start_ns":1789219418410452000,"ns":7993916}
PERF {"pid":77016,"phase":"git:rev-parse","start_ns":1789219418418502000,"ns":8203833}
PERF {"pid":77016,"phase":"git:rev-parse","start_ns":1789219418426756000,"ns":7783666}
PERF {"pid":77016,"phase":"git:rev-parse","start_ns":1789219418434574000,"ns":7372625}
PERF {"pid":77016,"phase":"git:rev-parse","start_ns":1789219418442022000,"ns":8474167}
PERF {"pid":77016,"phase":"git:rev-parse","start_ns":1789219418450594000,"ns":13204417}
PERF {"pid":77016,"phase":"git:rev-parse","start_ns":1789219418463981000,"ns":29008750}
PERF {"pid":77016,"phase":"git:rev-parse","start_ns":1789219418493033000,"ns":18094834}
PERF {"pid":77016,"phase":"git:rev-parse","start_ns":1789219418511176000,"ns":8128500}
PERF {"pid":77016,"phase":"git:rev-parse","start_ns":1789219418519360000,"ns":7664125}
PERF {"pid":77016,"phase":"git:rev-parse","start_ns":1789219418527081000,"ns":7822833}
PERF {"pid":77016,"phase":"git:rev-parse","start_ns":1789219418534966000,"ns":8319750}
PERF {"pid":77016,"phase":"git:rev-parse","start_ns":1789219418543327000,"ns":7707041}
PERF {"pid":77016,"phase":"git:rev-parse","start_ns":1789219418551070000,"ns":7570041}
PERF {"pid":77016,"phase":"git:rev-parse","start_ns":1789219418558679000,"ns":7583708}
PERF {"pid":77016,"phase":"git:rev-parse","start_ns":1789219418566296000,"ns":7699542}
PERF {"pid":77016,"phase":"git:rev-parse","start_ns":1789219418574037000,"ns":7874917}
PERF {"pid":77016,"phase":"git:rev-parse","start_ns":1789219418582026000,"ns":7745708}
PERF {"pid":77016,"phase":"git:rev-parse","start_ns":1789219418589808000,"ns":7473167}
PERF {"pid":77016,"phase":"git:rev-parse","start_ns":1789219418597317000,"ns":8059291}
PERF {"pid":77016,"phase":"git:rev-parse","start_ns":1789219418605421000,"ns":7748708}
PERF {"pid":77016,"phase":"git:rev-parse","start_ns":1789219418613205000,"ns":7740625}
PERF {"pid":77016,"phase":"git:rev-parse","start_ns":1789219418620986000,"ns":8039000}
PERF {"pid":77016,"phase":"git:rev-parse","start_ns":1789219418629066000,"ns":7454459}
PERF {"pid":77016,"phase":"git:rev-parse","start_ns":1789219418636577000,"ns":7643417}
PERF {"pid":77016,"phase":"git:for-each-ref","start_ns":1789219418644269000,"ns":49816083}
PERF {"pid":77016,"phase":"pins","start_ns":1789219410912502000,"ns":7782881125}
PERF {"pid":77016,"phase":"git:hash-object","start_ns":1789219418695554000,"ns":36524541}
PERF {"pid":77016,"phase":"git:mktree","start_ns":1789219418732129000,"ns":9513250}
PERF {"pid":77016,"phase":"git:commit-tree","start_ns":1789219418741713000,"ns":12918166}
PERF {"pid":77016,"phase":"git:update-ref","start_ns":1789219418755783000,"ns":369646708}
PERF {"pid":77016,"phase":"lock-held","start_ns":1789219410833831000,"ns":8291526875}
PERF {"pid":77016,"phase":"git:for-each-ref","start_ns":1789219419247888000,"ns":7597208}
PERF {"pid":77016,"phase":"git:cat-file","start_ns":1789219419255681000,"ns":6979333}
PERF {"pid":77016,"phase":"git:ls-tree","start_ns":1789219419262734000,"ns":7195167}
PERF {"pid":77016,"phase":"git:cat-file","start_ns":1789219419269967000,"ns":13624291}
PERF {"pid":77016,"phase":"lock-wait","start_ns":1789219419300725000,"ns":79041}
PERF {"pid":77016,"phase":"git:for-each-ref","start_ns":1789219419300832000,"ns":7730209}
PERF {"pid":77016,"phase":"git:cat-file","start_ns":1789219419308610000,"ns":7886125}
PERF {"pid":77016,"phase":"git:ls-tree","start_ns":1789219419316535000,"ns":7748083}
PERF {"pid":77016,"phase":"git:cat-file","start_ns":1789219419324337000,"ns":13459458}
PERF {"pid":77016,"phase":"read","start_ns":1789219419300830000,"ns":53166834}
PERF {"pid":77016,"phase":"encode-before","start_ns":1789219419354037000,"ns":8420917}
PERF {"pid":77016,"phase":"encode-after","start_ns":1789219419362506000,"ns":8666041}
PERF {"pid":77016,"phase":"git:cat-file","start_ns":1789219419373131000,"ns":10202792}
PERF {"pid":77016,"phase":"git:rev-parse","start_ns":1789219419383566000,"ns":7692584}
PERF {"pid":77016,"phase":"git:rev-parse","start_ns":1789219419391381000,"ns":8537542}
PERF {"pid":77016,"phase":"git:rev-parse","start_ns":1789219419399971000,"ns":7893708}
PERF {"pid":77016,"phase":"git:rev-parse","start_ns":1789219419407956000,"ns":8608333}
PERF {"pid":77016,"phase":"git:rev-parse","start_ns":1789219419416600000,"ns":7795250}
PERF {"pid":77016,"phase":"git:rev-parse","start_ns":1789219419424533000,"ns":8686792}
PERF {"pid":77016,"phase":"git:rev-parse","start_ns":1789219419433257000,"ns":8607625}
PERF {"pid":77016,"phase":"git:rev-parse","start_ns":1789219419441974000,"ns":8898042}
PERF {"pid":77016,"phase":"git:rev-parse","start_ns":1789219419450929000,"ns":7748334}
PERF {"pid":77016,"phase":"git:rev-parse","start_ns":1789219419458733000,"ns":7640917}
PERF {"pid":77016,"phase":"git:rev-parse","start_ns":1789219419466434000,"ns":8378167}
PERF {"pid":77016,"phase":"git:rev-parse","start_ns":1789219419474848000,"ns":8074542}
PERF {"pid":77016,"phase":"git:rev-parse","start_ns":1789219419482967000,"ns":8508417}
PERF {"pid":77016,"phase":"git:rev-parse","start_ns":1789219419491518000,"ns":8082041}
PERF {"pid":77016,"phase":"git:rev-parse","start_ns":1789219419499639000,"ns":8562875}
PERF {"pid":77016,"phase":"git:rev-parse","start_ns":1789219419508254000,"ns":7996208}
PERF {"pid":77016,"phase":"git:rev-parse","start_ns":1789219419516318000,"ns":8450334}
PERF {"pid":77016,"phase":"git:rev-parse","start_ns":1789219419524835000,"ns":8185125}
PERF {"pid":77016,"phase":"git:rev-parse","start_ns":1789219419533069000,"ns":9659167}
PERF {"pid":77016,"phase":"git:rev-parse","start_ns":1789219419542791000,"ns":8480458}
PERF {"pid":77016,"phase":"git:rev-parse","start_ns":1789219419551359000,"ns":8713667}
PERF {"pid":77016,"phase":"git:rev-parse","start_ns":1789219419560131000,"ns":8252959}
PERF {"pid":77016,"phase":"git:rev-parse","start_ns":1789219419568445000,"ns":8220125}
PERF {"pid":77016,"phase":"git:rev-parse","start_ns":1789219419576757000,"ns":7999625}
PERF {"pid":77016,"phase":"git:rev-parse","start_ns":1789219419584813000,"ns":8317375}
PERF {"pid":77016,"phase":"git:rev-parse","start_ns":1789219419593194000,"ns":7784666}
PERF {"pid":77016,"phase":"git:rev-parse","start_ns":1789219419601036000,"ns":8475166}
PERF {"pid":77016,"phase":"git:rev-parse","start_ns":1789219419609600000,"ns":8577125}
PERF {"pid":77016,"phase":"git:rev-parse","start_ns":1789219419618230000,"ns":7420333}
PERF {"pid":77016,"phase":"git:rev-parse","start_ns":1789219419625707000,"ns":8190292}
PERF {"pid":77016,"phase":"git:rev-parse","start_ns":1789219419633931000,"ns":7823125}
PERF {"pid":77016,"phase":"git:rev-parse","start_ns":1789219419641803000,"ns":8281500}
PERF {"pid":77016,"phase":"git:rev-parse","start_ns":1789219419650122000,"ns":8337000}
PERF {"pid":77016,"phase":"git:rev-parse","start_ns":1789219419658513000,"ns":7872334}
PERF {"pid":77016,"phase":"git:rev-parse","start_ns":1789219419666478000,"ns":7900708}
PERF {"pid":77016,"phase":"git:rev-parse","start_ns":1789219419674578000,"ns":9039625}
PERF {"pid":77016,"phase":"git:rev-parse","start_ns":1789219419683673000,"ns":8739917}
PERF {"pid":77016,"phase":"git:rev-parse","start_ns":1789219419692452000,"ns":7775000}
PERF {"pid":77016,"phase":"git:rev-parse","start_ns":1789219419700266000,"ns":7704750}
PERF {"pid":77016,"phase":"git:rev-parse","start_ns":1789219419708026000,"ns":7341542}
PERF {"pid":77016,"phase":"git:rev-parse","start_ns":1789219419715432000,"ns":8028250}
PERF {"pid":77016,"phase":"git:rev-parse","start_ns":1789219419723621000,"ns":7853125}
PERF {"pid":77016,"phase":"git:rev-parse","start_ns":1789219419731548000,"ns":8034166}
PERF {"pid":77016,"phase":"git:rev-parse","start_ns":1789219419739675000,"ns":7166083}
PERF {"pid":77016,"phase":"git:rev-parse","start_ns":1789219419746902000,"ns":6556500}
PERF {"pid":77016,"phase":"git:rev-parse","start_ns":1789219419753540000,"ns":7361833}
PERF {"pid":77016,"phase":"git:rev-parse","start_ns":1789219419760960000,"ns":7287625}
PERF {"pid":77016,"phase":"git:rev-parse","start_ns":1789219419768304000,"ns":7776000}
PERF {"pid":77016,"phase":"git:rev-parse","start_ns":1789219419776136000,"ns":7979875}
PERF {"pid":77016,"phase":"git:rev-parse","start_ns":1789219419784178000,"ns":7654917}
PERF {"pid":77016,"phase":"git:rev-parse","start_ns":1789219419791872000,"ns":7540416}
PERF {"pid":77016,"phase":"git:rev-parse","start_ns":1789219419799480000,"ns":8246917}
PERF {"pid":77016,"phase":"git:rev-parse","start_ns":1789219419807839000,"ns":7825750}
PERF {"pid":77016,"phase":"git:rev-parse","start_ns":1789219419815731000,"ns":8045625}
PERF {"pid":77016,"phase":"git:rev-parse","start_ns":1789219419823819000,"ns":7770292}
PERF {"pid":77016,"phase":"git:rev-parse","start_ns":1789219419831639000,"ns":7346791}
PERF {"pid":77016,"phase":"git:rev-parse","start_ns":1789219419839068000,"ns":7819000}
PERF {"pid":77016,"phase":"git:rev-parse","start_ns":1789219419846956000,"ns":6738750}
PERF {"pid":77016,"phase":"git:rev-parse","start_ns":1789219419853752000,"ns":7122375}
PERF {"pid":77016,"phase":"git:rev-parse","start_ns":1789219419861001000,"ns":7514375}
PERF {"pid":77016,"phase":"git:rev-parse","start_ns":1789219419868571000,"ns":7861084}
PERF {"pid":77016,"phase":"git:rev-parse","start_ns":1789219419876496000,"ns":7844166}
PERF {"pid":77016,"phase":"git:rev-parse","start_ns":1789219419884379000,"ns":10334666}
PERF {"pid":77016,"phase":"git:rev-parse","start_ns":1789219419894849000,"ns":8631375}
PERF {"pid":77016,"phase":"git:rev-parse","start_ns":1789219419903654000,"ns":8623792}
PERF {"pid":77016,"phase":"git:rev-parse","start_ns":1789219419912338000,"ns":6610500}
PERF {"pid":77016,"phase":"git:rev-parse","start_ns":1789219419919010000,"ns":7330958}
PERF {"pid":77016,"phase":"git:rev-parse","start_ns":1789219419926407000,"ns":9206084}
PERF {"pid":77016,"phase":"git:rev-parse","start_ns":1789219419935696000,"ns":7557667}
PERF {"pid":77016,"phase":"git:rev-parse","start_ns":1789219419943300000,"ns":7268542}
PERF {"pid":77016,"phase":"git:rev-parse","start_ns":1789219419950604000,"ns":7768958}
PERF {"pid":77016,"phase":"git:rev-parse","start_ns":1789219419958449000,"ns":8504958}
PERF {"pid":77016,"phase":"git:rev-parse","start_ns":1789219419967016000,"ns":8077542}
PERF {"pid":77016,"phase":"git:rev-parse","start_ns":1789219419975188000,"ns":8443750}
PERF {"pid":77016,"phase":"git:rev-parse","start_ns":1789219419983680000,"ns":7890583}
PERF {"pid":77016,"phase":"git:rev-parse","start_ns":1789219419991637000,"ns":7820958}
PERF {"pid":77016,"phase":"git:rev-parse","start_ns":1789219419999523000,"ns":7404208}
PERF {"pid":77016,"phase":"git:rev-parse","start_ns":1789219420007047000,"ns":7873958}
PERF {"pid":77016,"phase":"git:rev-parse","start_ns":1789219420014957000,"ns":6996417}
PERF {"pid":77016,"phase":"git:rev-parse","start_ns":1789219420022071000,"ns":7088958}
PERF {"pid":77016,"phase":"git:rev-parse","start_ns":1789219420029255000,"ns":7387916}
PERF {"pid":77016,"phase":"git:rev-parse","start_ns":1789219420036771000,"ns":7589458}
PERF {"pid":77016,"phase":"git:rev-parse","start_ns":1789219420044846000,"ns":10313667}
PERF {"pid":77016,"phase":"git:rev-parse","start_ns":1789219420055212000,"ns":8621500}
PERF {"pid":77016,"phase":"git:rev-parse","start_ns":1789219420063903000,"ns":8271000}
PERF {"pid":77016,"phase":"git:rev-parse","start_ns":1789219420072202000,"ns":6155541}
PERF {"pid":77016,"phase":"git:rev-parse","start_ns":1789219420078422000,"ns":7502458}
PERF {"pid":77016,"phase":"git:rev-parse","start_ns":1789219420085963000,"ns":8478417}
PERF {"pid":77016,"phase":"git:rev-parse","start_ns":1789219420094522000,"ns":8516583}
PERF {"pid":77016,"phase":"git:rev-parse","start_ns":1789219420103235000,"ns":9384791}
PERF {"pid":77016,"phase":"git:rev-parse","start_ns":1789219420112698000,"ns":10538584}
PERF {"pid":77016,"phase":"git:rev-parse","start_ns":1789219420123302000,"ns":7909125}
PERF {"pid":77016,"phase":"git:rev-parse","start_ns":1789219420131260000,"ns":7771500}
PERF {"pid":77016,"phase":"git:rev-parse","start_ns":1789219420139104000,"ns":8230333}
PERF {"pid":77016,"phase":"git:rev-parse","start_ns":1789219420147427000,"ns":8649958}
PERF {"pid":77016,"phase":"git:rev-parse","start_ns":1789219420156173000,"ns":8437000}
PERF {"pid":77016,"phase":"git:rev-parse","start_ns":1789219420164654000,"ns":8274500}
PERF {"pid":77016,"phase":"git:rev-parse","start_ns":1789219420172963000,"ns":6781583}
PERF {"pid":77016,"phase":"git:rev-parse","start_ns":1789219420179781000,"ns":8536542}
PERF {"pid":77016,"phase":"git:rev-parse","start_ns":1789219420188352000,"ns":7018333}
PERF {"pid":77016,"phase":"git:rev-parse","start_ns":1789219420195443000,"ns":6286792}
PERF {"pid":77016,"phase":"git:rev-parse","start_ns":1789219420201801000,"ns":8616458}
PERF {"pid":77016,"phase":"git:rev-parse","start_ns":1789219420210446000,"ns":7992125}
PERF {"pid":77016,"phase":"git:rev-parse","start_ns":1789219420218490000,"ns":7544667}
PERF {"pid":77016,"phase":"git:rev-parse","start_ns":1789219420226094000,"ns":7633833}
PERF {"pid":77016,"phase":"git:rev-parse","start_ns":1789219420233767000,"ns":7585708}
PERF {"pid":77016,"phase":"git:rev-parse","start_ns":1789219420241404000,"ns":7800917}
PERF {"pid":77016,"phase":"git:rev-parse","start_ns":1789219420249263000,"ns":7563167}
PERF {"pid":77016,"phase":"git:rev-parse","start_ns":1789219420256901000,"ns":7701541}
PERF {"pid":77016,"phase":"git:rev-parse","start_ns":1789219420264652000,"ns":8042375}
PERF {"pid":77016,"phase":"git:rev-parse","start_ns":1789219420272754000,"ns":9132667}
PERF {"pid":77016,"phase":"git:rev-parse","start_ns":1789219420282015000,"ns":10576542}
PERF {"pid":77016,"phase":"git:rev-parse","start_ns":1789219420292656000,"ns":8212792}
PERF {"pid":77016,"phase":"git:rev-parse","start_ns":1789219420300946000,"ns":9902542}
PERF {"pid":77016,"phase":"git:rev-parse","start_ns":1789219420310914000,"ns":8424084}
PERF {"pid":77016,"phase":"git:rev-parse","start_ns":1789219420319412000,"ns":8051833}
PERF {"pid":77016,"phase":"git:rev-parse","start_ns":1789219420327569000,"ns":7858958}
PERF {"pid":77016,"phase":"git:rev-parse","start_ns":1789219420335503000,"ns":8433333}
PERF {"pid":77016,"phase":"git:rev-parse","start_ns":1789219420344012000,"ns":8388250}
PERF {"pid":77016,"phase":"git:rev-parse","start_ns":1789219420352463000,"ns":6487333}
PERF {"pid":77016,"phase":"git:rev-parse","start_ns":1789219420359145000,"ns":7661459}
PERF {"pid":77016,"phase":"git:rev-parse","start_ns":1789219420366866000,"ns":7915167}
PERF {"pid":77016,"phase":"git:rev-parse","start_ns":1789219420374897000,"ns":8093542}
PERF {"pid":77016,"phase":"git:rev-parse","start_ns":1789219420383102000,"ns":8295417}
PERF {"pid":77016,"phase":"git:rev-parse","start_ns":1789219420391477000,"ns":8324209}
PERF {"pid":77016,"phase":"git:rev-parse","start_ns":1789219420399908000,"ns":8583875}
PERF {"pid":77016,"phase":"git:rev-parse","start_ns":1789219420408577000,"ns":8126708}
PERF {"pid":77016,"phase":"git:rev-parse","start_ns":1789219420416774000,"ns":8110000}
PERF {"pid":77016,"phase":"git:rev-parse","start_ns":1789219420424968000,"ns":7973125}
PERF {"pid":77016,"phase":"git:rev-parse","start_ns":1789219420433010000,"ns":9731458}
PERF {"pid":77016,"phase":"git:rev-parse","start_ns":1789219420442805000,"ns":9362042}
PERF {"pid":77016,"phase":"git:rev-parse","start_ns":1789219420452224000,"ns":8357958}
PERF {"pid":77016,"phase":"git:rev-parse","start_ns":1789219420460638000,"ns":8331666}
PERF {"pid":77016,"phase":"git:rev-parse","start_ns":1789219420469005000,"ns":8256584}
PERF {"pid":77016,"phase":"git:rev-parse","start_ns":1789219420477315000,"ns":8612584}
PERF {"pid":77016,"phase":"git:rev-parse","start_ns":1789219420485966000,"ns":8337042}
PERF {"pid":77016,"phase":"git:rev-parse","start_ns":1789219420494460000,"ns":8497917}
PERF {"pid":77016,"phase":"git:rev-parse","start_ns":1789219420503043000,"ns":8830083}
PERF {"pid":77016,"phase":"git:rev-parse","start_ns":1789219420511981000,"ns":7616750}
PERF {"pid":77016,"phase":"git:rev-parse","start_ns":1789219420519695000,"ns":8765417}
PERF {"pid":77016,"phase":"git:rev-parse","start_ns":1789219420528549000,"ns":7683792}
PERF {"pid":77016,"phase":"git:rev-parse","start_ns":1789219420536357000,"ns":7845167}
PERF {"pid":77016,"phase":"git:rev-parse","start_ns":1789219420544260000,"ns":7426292}
PERF {"pid":77016,"phase":"git:rev-parse","start_ns":1789219420551741000,"ns":8472958}
PERF {"pid":77016,"phase":"git:rev-parse","start_ns":1789219420560263000,"ns":8220084}
PERF {"pid":77016,"phase":"git:rev-parse","start_ns":1789219420568529000,"ns":8583959}
PERF {"pid":77016,"phase":"git:rev-parse","start_ns":1789219420577155000,"ns":9894750}
PERF {"pid":77016,"phase":"git:rev-parse","start_ns":1789219420587120000,"ns":9538459}
PERF {"pid":77016,"phase":"git:rev-parse","start_ns":1789219420596718000,"ns":8413541}
PERF {"pid":77016,"phase":"git:rev-parse","start_ns":1789219420605228000,"ns":8765042}
PERF {"pid":77016,"phase":"git:rev-parse","start_ns":1789219420614059000,"ns":9403375}
PERF {"pid":77016,"phase":"git:rev-parse","start_ns":1789219420623514000,"ns":7544209}
PERF {"pid":77016,"phase":"git:rev-parse","start_ns":1789219420631112000,"ns":8498917}
PERF {"pid":77016,"phase":"git:rev-parse","start_ns":1789219420639698000,"ns":7514292}
PERF {"pid":77016,"phase":"git:rev-parse","start_ns":1789219420647289000,"ns":9895959}
PERF {"pid":77016,"phase":"git:rev-parse","start_ns":1789219420657265000,"ns":8673625}
PERF {"pid":77016,"phase":"git:rev-parse","start_ns":1789219420666057000,"ns":8393166}
PERF {"pid":77016,"phase":"git:rev-parse","start_ns":1789219420674553000,"ns":8315458}
PERF {"pid":77016,"phase":"git:rev-parse","start_ns":1789219420683043000,"ns":8648875}
PERF {"pid":77016,"phase":"git:rev-parse","start_ns":1789219420691767000,"ns":7765125}
PERF {"pid":77016,"phase":"git:rev-parse","start_ns":1789219420699592000,"ns":8171167}
PERF {"pid":77016,"phase":"git:rev-parse","start_ns":1789219420707912000,"ns":7855750}
PERF {"pid":77016,"phase":"git:rev-parse","start_ns":1789219420715839000,"ns":8311542}
PERF {"pid":77016,"phase":"git:rev-parse","start_ns":1789219420724236000,"ns":8544167}
PERF {"pid":77016,"phase":"git:rev-parse","start_ns":1789219420732867000,"ns":7135583}
PERF {"pid":77016,"phase":"git:rev-parse","start_ns":1789219420740101000,"ns":7114208}
PERF {"pid":77016,"phase":"git:rev-parse","start_ns":1789219420747297000,"ns":8112167}
PERF {"pid":77016,"phase":"git:rev-parse","start_ns":1789219420755480000,"ns":7397000}
PERF {"pid":77016,"phase":"git:rev-parse","start_ns":1789219420762963000,"ns":8442833}
PERF {"pid":77016,"phase":"git:rev-parse","start_ns":1789219420771465000,"ns":7641041}
PERF {"pid":77016,"phase":"git:rev-parse","start_ns":1789219420779167000,"ns":7836167}
PERF {"pid":77016,"phase":"git:rev-parse","start_ns":1789219420787065000,"ns":7987500}
PERF {"pid":77016,"phase":"git:rev-parse","start_ns":1789219420795092000,"ns":7565292}
PERF {"pid":77016,"phase":"git:rev-parse","start_ns":1789219420802734000,"ns":8420917}
PERF {"pid":77016,"phase":"git:rev-parse","start_ns":1789219420811225000,"ns":6309917}
PERF {"pid":77016,"phase":"git:rev-parse","start_ns":1789219420817602000,"ns":7335375}
PERF {"pid":77016,"phase":"git:rev-parse","start_ns":1789219420825004000,"ns":7658291}
PERF {"pid":77016,"phase":"git:rev-parse","start_ns":1789219420832720000,"ns":7583584}
PERF {"pid":77016,"phase":"git:rev-parse","start_ns":1789219420840403000,"ns":8159125}
PERF {"pid":77016,"phase":"git:rev-parse","start_ns":1789219420848605000,"ns":7745791}
PERF {"pid":77016,"phase":"git:rev-parse","start_ns":1789219420856396000,"ns":8934125}
PERF {"pid":77016,"phase":"git:rev-parse","start_ns":1789219420865376000,"ns":7449959}
PERF {"pid":77016,"phase":"git:rev-parse","start_ns":1789219420872886000,"ns":7910584}
PERF {"pid":77016,"phase":"git:rev-parse","start_ns":1789219420880842000,"ns":7842875}
PERF {"pid":77016,"phase":"git:rev-parse","start_ns":1789219420888748000,"ns":7116916}
PERF {"pid":77016,"phase":"git:rev-parse","start_ns":1789219420895908000,"ns":7127708}
PERF {"pid":77016,"phase":"git:rev-parse","start_ns":1789219420903093000,"ns":7059666}
PERF {"pid":77016,"phase":"git:rev-parse","start_ns":1789219420910217000,"ns":7693584}
PERF {"pid":77016,"phase":"git:rev-parse","start_ns":1789219420917974000,"ns":7984875}
PERF {"pid":77016,"phase":"git:rev-parse","start_ns":1789219420926022000,"ns":7638000}
PERF {"pid":77016,"phase":"git:rev-parse","start_ns":1789219420933724000,"ns":8236333}
PERF {"pid":77016,"phase":"git:rev-parse","start_ns":1789219420942021000,"ns":8356958}
PERF {"pid":77016,"phase":"git:rev-parse","start_ns":1789219420950442000,"ns":8868500}
PERF {"pid":77016,"phase":"git:rev-parse","start_ns":1789219420959367000,"ns":8172709}
PERF {"pid":77016,"phase":"git:rev-parse","start_ns":1789219420967611000,"ns":8340458}
PERF {"pid":77016,"phase":"git:rev-parse","start_ns":1789219420976053000,"ns":8143458}
PERF {"pid":77016,"phase":"git:rev-parse","start_ns":1789219420984259000,"ns":8318792}
PERF {"pid":77016,"phase":"git:rev-parse","start_ns":1789219420992639000,"ns":7654250}
PERF {"pid":77016,"phase":"git:rev-parse","start_ns":1789219421000328000,"ns":7589125}
PERF {"pid":77016,"phase":"git:rev-parse","start_ns":1789219421007963000,"ns":8482125}
PERF {"pid":77016,"phase":"git:rev-parse","start_ns":1789219421016478000,"ns":7855083}
PERF {"pid":77016,"phase":"git:rev-parse","start_ns":1789219421024441000,"ns":7660167}
PERF {"pid":77016,"phase":"git:rev-parse","start_ns":1789219421032134000,"ns":8128250}
PERF {"pid":77016,"phase":"git:rev-parse","start_ns":1789219421040406000,"ns":7736708}
PERF {"pid":77016,"phase":"git:rev-parse","start_ns":1789219421048201000,"ns":8461709}
PERF {"pid":77016,"phase":"git:rev-parse","start_ns":1789219421056711000,"ns":7910459}
PERF {"pid":77016,"phase":"git:rev-parse","start_ns":1789219421064657000,"ns":8484375}
PERF {"pid":77016,"phase":"git:rev-parse","start_ns":1789219421073207000,"ns":8811125}
PERF {"pid":77016,"phase":"git:rev-parse","start_ns":1789219421082135000,"ns":8139167}
PERF {"pid":77016,"phase":"git:rev-parse","start_ns":1789219421090406000,"ns":8149625}
PERF {"pid":77016,"phase":"git:rev-parse","start_ns":1789219421098657000,"ns":7687666}
PERF {"pid":77016,"phase":"git:rev-parse","start_ns":1789219421106411000,"ns":8167875}
PERF {"pid":77016,"phase":"git:rev-parse","start_ns":1789219421114650000,"ns":8219667}
PERF {"pid":77016,"phase":"git:rev-parse","start_ns":1789219421122899000,"ns":7606458}
PERF {"pid":77016,"phase":"git:rev-parse","start_ns":1789219421130560000,"ns":7684500}
PERF {"pid":77016,"phase":"git:rev-parse","start_ns":1789219421138303000,"ns":8254334}
PERF {"pid":77016,"phase":"git:rev-parse","start_ns":1789219421146624000,"ns":8467209}
PERF {"pid":77016,"phase":"git:rev-parse","start_ns":1789219421155152000,"ns":8359416}
PERF {"pid":77016,"phase":"git:rev-parse","start_ns":1789219421163560000,"ns":8360875}
PERF {"pid":77016,"phase":"git:rev-parse","start_ns":1789219421171969000,"ns":8028708}
PERF {"pid":77016,"phase":"git:rev-parse","start_ns":1789219421180063000,"ns":7902917}
PERF {"pid":77016,"phase":"git:rev-parse","start_ns":1789219421188041000,"ns":8381208}
PERF {"pid":77016,"phase":"git:rev-parse","start_ns":1789219421196500000,"ns":7840042}
PERF {"pid":77016,"phase":"git:rev-parse","start_ns":1789219421204408000,"ns":8127458}
PERF {"pid":77016,"phase":"git:rev-parse","start_ns":1789219421212632000,"ns":8032833}
PERF {"pid":77016,"phase":"git:rev-parse","start_ns":1789219421220791000,"ns":7983958}
PERF {"pid":77016,"phase":"git:rev-parse","start_ns":1789219421228826000,"ns":7716334}
PERF {"pid":77016,"phase":"git:rev-parse","start_ns":1789219421236637000,"ns":8132167}
PERF {"pid":77016,"phase":"git:rev-parse","start_ns":1789219421244808000,"ns":7811000}
PERF {"pid":77016,"phase":"git:rev-parse","start_ns":1789219421252674000,"ns":9172916}
PERF {"pid":77016,"phase":"git:rev-parse","start_ns":1789219421261897000,"ns":7329208}
PERF {"pid":77016,"phase":"git:rev-parse","start_ns":1789219421269260000,"ns":7901042}
PERF {"pid":77016,"phase":"git:rev-parse","start_ns":1789219421277219000,"ns":9500667}
PERF {"pid":77016,"phase":"git:rev-parse","start_ns":1789219421286809000,"ns":7441000}
PERF {"pid":77016,"phase":"git:rev-parse","start_ns":1789219421294320000,"ns":5922166}
PERF {"pid":77016,"phase":"git:rev-parse","start_ns":1789219421300291000,"ns":7397167}
PERF {"pid":77016,"phase":"git:rev-parse","start_ns":1789219421307748000,"ns":7846709}
PERF {"pid":77016,"phase":"git:rev-parse","start_ns":1789219421315652000,"ns":7767583}
PERF {"pid":77016,"phase":"git:rev-parse","start_ns":1789219421323457000,"ns":7341625}
PERF {"pid":77016,"phase":"git:rev-parse","start_ns":1789219421330859000,"ns":7490292}
PERF {"pid":77016,"phase":"git:rev-parse","start_ns":1789219421338454000,"ns":6458084}
PERF {"pid":77016,"phase":"git:rev-parse","start_ns":1789219421344966000,"ns":6785208}
PERF {"pid":77016,"phase":"git:rev-parse","start_ns":1789219421351790000,"ns":7594959}
PERF {"pid":77016,"phase":"git:rev-parse","start_ns":1789219421359446000,"ns":6799083}
PERF {"pid":77016,"phase":"git:rev-parse","start_ns":1789219421366316000,"ns":7598292}
PERF {"pid":77016,"phase":"git:rev-parse","start_ns":1789219421373954000,"ns":6656292}
PERF {"pid":77016,"phase":"git:rev-parse","start_ns":1789219421380648000,"ns":6404667}
PERF {"pid":77016,"phase":"git:rev-parse","start_ns":1789219421387108000,"ns":6748333}
PERF {"pid":77016,"phase":"git:rev-parse","start_ns":1789219421393918000,"ns":6843959}
PERF {"pid":77016,"phase":"git:rev-parse","start_ns":1789219421400818000,"ns":7833583}
PERF {"pid":77016,"phase":"git:rev-parse","start_ns":1789219421408751000,"ns":7137458}
PERF {"pid":77016,"phase":"git:rev-parse","start_ns":1789219421415973000,"ns":7085958}
PERF {"pid":77016,"phase":"git:rev-parse","start_ns":1789219421423152000,"ns":6763292}
PERF {"pid":77016,"phase":"git:rev-parse","start_ns":1789219421429998000,"ns":5535292}
PERF {"pid":77016,"phase":"git:rev-parse","start_ns":1789219421435612000,"ns":7532458}
PERF {"pid":77016,"phase":"git:rev-parse","start_ns":1789219421443229000,"ns":6318625}
PERF {"pid":77016,"phase":"git:rev-parse","start_ns":1789219421449632000,"ns":6715000}
PERF {"pid":77016,"phase":"git:rev-parse","start_ns":1789219421456409000,"ns":8357791}
PERF {"pid":77016,"phase":"git:rev-parse","start_ns":1789219421464830000,"ns":7000458}
PERF {"pid":77016,"phase":"git:rev-parse","start_ns":1789219421471883000,"ns":7691291}
PERF {"pid":77016,"phase":"git:rev-parse","start_ns":1789219421479653000,"ns":6084375}
PERF {"pid":77016,"phase":"git:rev-parse","start_ns":1789219421485789000,"ns":6162833}
PERF {"pid":77016,"phase":"git:rev-parse","start_ns":1789219421492001000,"ns":7782250}
PERF {"pid":77016,"phase":"git:rev-parse","start_ns":1789219421499840000,"ns":6267959}
PERF {"pid":77016,"phase":"git:rev-parse","start_ns":1789219421506137000,"ns":6632416}
PERF {"pid":77016,"phase":"git:rev-parse","start_ns":1789219421512830000,"ns":7958875}
PERF {"pid":77016,"phase":"git:rev-parse","start_ns":1789219421520885000,"ns":7531416}
PERF {"pid":77016,"phase":"git:rev-parse","start_ns":1789219421528498000,"ns":8329916}
PERF {"pid":77016,"phase":"git:rev-parse","start_ns":1789219421536915000,"ns":7689750}
PERF {"pid":77016,"phase":"git:rev-parse","start_ns":1789219421544682000,"ns":7694834}
PERF {"pid":77016,"phase":"git:rev-parse","start_ns":1789219421552442000,"ns":7381250}
PERF {"pid":77016,"phase":"git:rev-parse","start_ns":1789219421559914000,"ns":7496916}
PERF {"pid":77016,"phase":"git:rev-parse","start_ns":1789219421567478000,"ns":6379416}
PERF {"pid":77016,"phase":"git:rev-parse","start_ns":1789219421573931000,"ns":7513542}
PERF {"pid":77016,"phase":"git:rev-parse","start_ns":1789219421581514000,"ns":6975291}
PERF {"pid":77016,"phase":"git:rev-parse","start_ns":1789219421588548000,"ns":7728417}
PERF {"pid":77016,"phase":"git:rev-parse","start_ns":1789219421596340000,"ns":7297375}
PERF {"pid":77016,"phase":"git:rev-parse","start_ns":1789219421603726000,"ns":6945750}
PERF {"pid":77016,"phase":"git:rev-parse","start_ns":1789219421610746000,"ns":7176958}
PERF {"pid":77016,"phase":"git:rev-parse","start_ns":1789219421618025000,"ns":10045833}
PERF {"pid":77016,"phase":"git:rev-parse","start_ns":1789219421628171000,"ns":8649667}
PERF {"pid":77016,"phase":"git:rev-parse","start_ns":1789219421636855000,"ns":6499334}
PERF {"pid":77016,"phase":"git:rev-parse","start_ns":1789219421643430000,"ns":7358542}
PERF {"pid":77016,"phase":"git:rev-parse","start_ns":1789219421650877000,"ns":6273166}
PERF {"pid":77016,"phase":"git:rev-parse","start_ns":1789219421657207000,"ns":7386708}
PERF {"pid":77016,"phase":"git:rev-parse","start_ns":1789219421664658000,"ns":7883167}
PERF {"pid":77016,"phase":"git:rev-parse","start_ns":1789219421672633000,"ns":7649375}
PERF {"pid":77016,"phase":"git:rev-parse","start_ns":1789219421680431000,"ns":7499000}
PERF {"pid":77016,"phase":"git:rev-parse","start_ns":1789219421687978000,"ns":7516875}
PERF {"pid":77016,"phase":"git:rev-parse","start_ns":1789219421695555000,"ns":7525542}
PERF {"pid":77016,"phase":"git:rev-parse","start_ns":1789219421703152000,"ns":7433708}
PERF {"pid":77016,"phase":"git:rev-parse","start_ns":1789219421710645000,"ns":7527042}
PERF {"pid":77016,"phase":"git:rev-parse","start_ns":1789219421718261000,"ns":7492417}
PERF {"pid":77016,"phase":"git:rev-parse","start_ns":1789219421725835000,"ns":7881125}
PERF {"pid":77016,"phase":"git:rev-parse","start_ns":1789219421733798000,"ns":7731708}
PERF {"pid":77016,"phase":"git:rev-parse","start_ns":1789219421741593000,"ns":7023583}
PERF {"pid":77016,"phase":"git:rev-parse","start_ns":1789219421748681000,"ns":7189917}
PERF {"pid":77016,"phase":"git:rev-parse","start_ns":1789219421755949000,"ns":6851667}
PERF {"pid":77016,"phase":"git:rev-parse","start_ns":1789219421762840000,"ns":7204792}
PERF {"pid":77016,"phase":"git:rev-parse","start_ns":1789219421770118000,"ns":7195166}
PERF {"pid":77016,"phase":"git:rev-parse","start_ns":1789219421777366000,"ns":7430417}
PERF {"pid":77016,"phase":"git:rev-parse","start_ns":1789219421784860000,"ns":7365958}
PERF {"pid":77016,"phase":"git:rev-parse","start_ns":1789219421792335000,"ns":7208375}
PERF {"pid":77016,"phase":"git:rev-parse","start_ns":1789219421799622000,"ns":8036292}
PERF {"pid":77016,"phase":"git:rev-parse","start_ns":1789219421807805000,"ns":8059417}
PERF {"pid":77016,"phase":"git:rev-parse","start_ns":1789219421815982000,"ns":8387208}
PERF {"pid":77016,"phase":"git:rev-parse","start_ns":1789219421824411000,"ns":10904792}
PERF {"pid":77016,"phase":"git:rev-parse","start_ns":1789219421835369000,"ns":10109916}
PERF {"pid":77016,"phase":"git:rev-parse","start_ns":1789219421845563000,"ns":10773500}
PERF {"pid":77016,"phase":"git:rev-parse","start_ns":1789219421856389000,"ns":9099333}
PERF {"pid":77016,"phase":"git:rev-parse","start_ns":1789219421865553000,"ns":8670208}
PERF {"pid":77016,"phase":"git:rev-parse","start_ns":1789219421874289000,"ns":7413792}
PERF {"pid":77016,"phase":"git:rev-parse","start_ns":1789219421881834000,"ns":7766042}
PERF {"pid":77016,"phase":"git:rev-parse","start_ns":1789219421889690000,"ns":6232584}
PERF {"pid":77016,"phase":"git:rev-parse","start_ns":1789219421895974000,"ns":7375625}
PERF {"pid":77016,"phase":"git:rev-parse","start_ns":1789219421903434000,"ns":6987500}
PERF {"pid":77016,"phase":"git:rev-parse","start_ns":1789219421910516000,"ns":6762708}
PERF {"pid":77016,"phase":"git:rev-parse","start_ns":1789219421917342000,"ns":7843333}
PERF {"pid":77016,"phase":"git:rev-parse","start_ns":1789219421925257000,"ns":7598375}
PERF {"pid":77016,"phase":"git:rev-parse","start_ns":1789219421932921000,"ns":5793667}
PERF {"pid":77016,"phase":"git:rev-parse","start_ns":1789219421938750000,"ns":7160166}
PERF {"pid":77016,"phase":"git:rev-parse","start_ns":1789219421945985000,"ns":7191458}
PERF {"pid":77016,"phase":"git:rev-parse","start_ns":1789219421953240000,"ns":7212458}
PERF {"pid":77016,"phase":"git:rev-parse","start_ns":1789219421960552000,"ns":7834917}
PERF {"pid":77016,"phase":"git:rev-parse","start_ns":1789219421968424000,"ns":7035084}
PERF {"pid":77016,"phase":"git:rev-parse","start_ns":1789219421975508000,"ns":5967708}
PERF {"pid":77016,"phase":"git:rev-parse","start_ns":1789219421981527000,"ns":6951583}
PERF {"pid":77016,"phase":"git:rev-parse","start_ns":1789219421988542000,"ns":7182625}
PERF {"pid":77016,"phase":"git:rev-parse","start_ns":1789219421995759000,"ns":7214750}
PERF {"pid":77016,"phase":"git:rev-parse","start_ns":1789219422003006000,"ns":7386667}
PERF {"pid":77016,"phase":"git:rev-parse","start_ns":1789219422010425000,"ns":7190500}
PERF {"pid":77016,"phase":"git:rev-parse","start_ns":1789219422017648000,"ns":6671916}
PERF {"pid":77016,"phase":"git:rev-parse","start_ns":1789219422024375000,"ns":6556416}
PERF {"pid":77016,"phase":"git:rev-parse","start_ns":1789219422030966000,"ns":8488667}
PERF {"pid":77016,"phase":"git:rev-parse","start_ns":1789219422039495000,"ns":7431959}
PERF {"pid":77016,"phase":"git:rev-parse","start_ns":1789219422046956000,"ns":8118500}
PERF {"pid":77016,"phase":"git:rev-parse","start_ns":1789219422055134000,"ns":7373708}
PERF {"pid":77016,"phase":"git:rev-parse","start_ns":1789219422062567000,"ns":7416834}
PERF {"pid":77016,"phase":"git:rev-parse","start_ns":1789219422070042000,"ns":7361833}
PERF {"pid":77016,"phase":"git:rev-parse","start_ns":1789219422077472000,"ns":7374584}
PERF {"pid":77016,"phase":"git:rev-parse","start_ns":1789219422084913000,"ns":7127167}
PERF {"pid":77016,"phase":"git:rev-parse","start_ns":1789219422092159000,"ns":8878041}
PERF {"pid":77016,"phase":"git:rev-parse","start_ns":1789219422101125000,"ns":8587000}
PERF {"pid":77016,"phase":"git:rev-parse","start_ns":1789219422109820000,"ns":7644875}
PERF {"pid":77016,"phase":"git:rev-parse","start_ns":1789219422117545000,"ns":7819625}
PERF {"pid":77016,"phase":"git:rev-parse","start_ns":1789219422125435000,"ns":6849209}
PERF {"pid":77016,"phase":"git:rev-parse","start_ns":1789219422132342000,"ns":8372042}
PERF {"pid":77016,"phase":"git:rev-parse","start_ns":1789219422140818000,"ns":6925625}
PERF {"pid":77016,"phase":"git:rev-parse","start_ns":1789219422147804000,"ns":7430416}
PERF {"pid":77016,"phase":"git:rev-parse","start_ns":1789219422155286000,"ns":7822250}
PERF {"pid":77016,"phase":"git:rev-parse","start_ns":1789219422163164000,"ns":7655042}
PERF {"pid":77016,"phase":"git:rev-parse","start_ns":1789219422170880000,"ns":7154791}
PERF {"pid":77016,"phase":"git:rev-parse","start_ns":1789219422178097000,"ns":7834250}
PERF {"pid":77016,"phase":"git:rev-parse","start_ns":1789219422185996000,"ns":6055833}
PERF {"pid":77016,"phase":"git:rev-parse","start_ns":1789219422192105000,"ns":7560417}
PERF {"pid":77016,"phase":"git:rev-parse","start_ns":1789219422199721000,"ns":7444041}
PERF {"pid":77016,"phase":"git:rev-parse","start_ns":1789219422207223000,"ns":7121292}
PERF {"pid":77016,"phase":"git:rev-parse","start_ns":1789219422214399000,"ns":6803708}
PERF {"pid":77016,"phase":"git:rev-parse","start_ns":1789219422221269000,"ns":6923458}
PERF {"pid":77016,"phase":"git:rev-parse","start_ns":1789219422228301000,"ns":7853000}
PERF {"pid":77016,"phase":"git:rev-parse","start_ns":1789219422236222000,"ns":7539625}
PERF {"pid":77016,"phase":"git:rev-parse","start_ns":1789219422243814000,"ns":7062000}
PERF {"pid":77016,"phase":"git:rev-parse","start_ns":1789219422250926000,"ns":7567041}
PERF {"pid":77016,"phase":"git:rev-parse","start_ns":1789219422258554000,"ns":7556000}
PERF {"pid":77016,"phase":"git:rev-parse","start_ns":1789219422266152000,"ns":7368209}
PERF {"pid":77016,"phase":"git:rev-parse","start_ns":1789219422273583000,"ns":7125708}
PERF {"pid":77016,"phase":"git:rev-parse","start_ns":1789219422280796000,"ns":6904083}
PERF {"pid":77016,"phase":"git:rev-parse","start_ns":1789219422287805000,"ns":6776459}
PERF {"pid":77016,"phase":"git:rev-parse","start_ns":1789219422294640000,"ns":7845042}
PERF {"pid":77016,"phase":"git:rev-parse","start_ns":1789219422302549000,"ns":10166958}
PERF {"pid":77016,"phase":"git:rev-parse","start_ns":1789219422312791000,"ns":7934625}
PERF {"pid":77016,"phase":"git:rev-parse","start_ns":1789219422320826000,"ns":7774750}
PERF {"pid":77016,"phase":"git:rev-parse","start_ns":1789219422328675000,"ns":7395292}
PERF {"pid":77016,"phase":"git:rev-parse","start_ns":1789219422336138000,"ns":7995542}
PERF {"pid":77016,"phase":"git:rev-parse","start_ns":1789219422344205000,"ns":8074208}
PERF {"pid":77016,"phase":"git:rev-parse","start_ns":1789219422352375000,"ns":7858625}
PERF {"pid":77016,"phase":"git:rev-parse","start_ns":1789219422360307000,"ns":7612917}
PERF {"pid":77016,"phase":"git:rev-parse","start_ns":1789219422367980000,"ns":7822250}
PERF {"pid":77016,"phase":"git:rev-parse","start_ns":1789219422375869000,"ns":7567292}
PERF {"pid":77016,"phase":"git:rev-parse","start_ns":1789219422383494000,"ns":7669583}
PERF {"pid":77016,"phase":"git:rev-parse","start_ns":1789219422391233000,"ns":7764250}
PERF {"pid":77016,"phase":"git:rev-parse","start_ns":1789219422399080000,"ns":7653500}
PERF {"pid":77016,"phase":"git:rev-parse","start_ns":1789219422406802000,"ns":6984000}
PERF {"pid":77016,"phase":"git:rev-parse","start_ns":1789219422413848000,"ns":8539333}
PERF {"pid":77016,"phase":"git:rev-parse","start_ns":1789219422422462000,"ns":7024500}
PERF {"pid":77016,"phase":"git:rev-parse","start_ns":1789219422429569000,"ns":7224917}
PERF {"pid":77016,"phase":"git:rev-parse","start_ns":1789219422436869000,"ns":7211458}
PERF {"pid":77016,"phase":"git:rev-parse","start_ns":1789219422444146000,"ns":7146708}
PERF {"pid":77016,"phase":"git:rev-parse","start_ns":1789219422451351000,"ns":7891292}
PERF {"pid":77016,"phase":"git:rev-parse","start_ns":1789219422459297000,"ns":8180291}
PERF {"pid":77016,"phase":"git:rev-parse","start_ns":1789219422467539000,"ns":7136500}
PERF {"pid":77016,"phase":"git:rev-parse","start_ns":1789219422474738000,"ns":7787458}
PERF {"pid":77016,"phase":"git:rev-parse","start_ns":1789219422482667000,"ns":7282625}
PERF {"pid":77016,"phase":"git:rev-parse","start_ns":1789219422490095000,"ns":8149833}
PERF {"pid":77016,"phase":"git:rev-parse","start_ns":1789219422498391000,"ns":7663791}
PERF {"pid":77016,"phase":"git:rev-parse","start_ns":1789219422506116000,"ns":7972917}
PERF {"pid":77016,"phase":"git:rev-parse","start_ns":1789219422514187000,"ns":8261834}
PERF {"pid":77016,"phase":"git:rev-parse","start_ns":1789219422522503000,"ns":7169000}
PERF {"pid":77016,"phase":"git:rev-parse","start_ns":1789219422529724000,"ns":8057667}
PERF {"pid":77016,"phase":"git:rev-parse","start_ns":1789219422537848000,"ns":7622416}
PERF {"pid":77016,"phase":"git:rev-parse","start_ns":1789219422545573000,"ns":7377750}
PERF {"pid":77016,"phase":"git:rev-parse","start_ns":1789219422553031000,"ns":7803958}
PERF {"pid":77016,"phase":"git:rev-parse","start_ns":1789219422560917000,"ns":7532958}
PERF {"pid":77016,"phase":"git:rev-parse","start_ns":1789219422568485000,"ns":7691083}
PERF {"pid":77016,"phase":"git:rev-parse","start_ns":1789219422576213000,"ns":7769083}
PERF {"pid":77016,"phase":"git:rev-parse","start_ns":1789219422584066000,"ns":7922500}
PERF {"pid":77016,"phase":"git:rev-parse","start_ns":1789219422592046000,"ns":8021583}
PERF {"pid":77016,"phase":"git:rev-parse","start_ns":1789219422600144000,"ns":7140708}
PERF {"pid":77016,"phase":"git:rev-parse","start_ns":1789219422607369000,"ns":7485541}
PERF {"pid":77016,"phase":"git:rev-parse","start_ns":1789219422614911000,"ns":7817041}
PERF {"pid":77016,"phase":"git:rev-parse","start_ns":1789219422622792000,"ns":9664000}
PERF {"pid":77016,"phase":"git:rev-parse","start_ns":1789219422636165000,"ns":7610083}
PERF {"pid":77016,"phase":"git:rev-parse","start_ns":1789219422643986000,"ns":7846375}
PERF {"pid":77016,"phase":"git:rev-parse","start_ns":1789219422651897000,"ns":7921708}
PERF {"pid":77016,"phase":"git:rev-parse","start_ns":1789219422659853000,"ns":8427209}
PERF {"pid":77016,"phase":"git:rev-parse","start_ns":1789219422668345000,"ns":7229542}
PERF {"pid":77016,"phase":"git:rev-parse","start_ns":1789219422675608000,"ns":7424042}
PERF {"pid":77016,"phase":"git:rev-parse","start_ns":1789219422683122000,"ns":7171750}
PERF {"pid":77016,"phase":"git:rev-parse","start_ns":1789219422690352000,"ns":7847500}
PERF {"pid":77016,"phase":"git:rev-parse","start_ns":1789219422698279000,"ns":8322209}
PERF {"pid":77016,"phase":"git:rev-parse","start_ns":1789219422706669000,"ns":8222791}
PERF {"pid":77016,"phase":"git:rev-parse","start_ns":1789219422715004000,"ns":8381292}
PERF {"pid":77016,"phase":"git:rev-parse","start_ns":1789219422723457000,"ns":7305750}
PERF {"pid":77016,"phase":"git:rev-parse","start_ns":1789219422730923000,"ns":8182125}
PERF {"pid":77016,"phase":"git:rev-parse","start_ns":1789219422739200000,"ns":7696041}
PERF {"pid":77016,"phase":"git:rev-parse","start_ns":1789219422746939000,"ns":7422500}
PERF {"pid":77016,"phase":"git:rev-parse","start_ns":1789219422754395000,"ns":7558084}
PERF {"pid":77016,"phase":"git:rev-parse","start_ns":1789219422762029000,"ns":7916917}
PERF {"pid":77016,"phase":"git:rev-parse","start_ns":1789219422770009000,"ns":7625000}
PERF {"pid":77016,"phase":"git:rev-parse","start_ns":1789219422777687000,"ns":6281416}
PERF {"pid":77016,"phase":"git:rev-parse","start_ns":1789219422784024000,"ns":7897917}
PERF {"pid":77016,"phase":"git:rev-parse","start_ns":1789219422792000000,"ns":7099500}
PERF {"pid":77016,"phase":"git:rev-parse","start_ns":1789219422799168000,"ns":8372750}
PERF {"pid":77016,"phase":"git:rev-parse","start_ns":1789219422807665000,"ns":7496583}
PERF {"pid":77016,"phase":"git:rev-parse","start_ns":1789219422815225000,"ns":6757958}
PERF {"pid":77016,"phase":"git:rev-parse","start_ns":1789219422822072000,"ns":7990333}
PERF {"pid":77016,"phase":"git:rev-parse","start_ns":1789219422830126000,"ns":8535375}
PERF {"pid":77016,"phase":"git:rev-parse","start_ns":1789219422838711000,"ns":6714458}
PERF {"pid":77016,"phase":"git:rev-parse","start_ns":1789219422845521000,"ns":6700209}
PERF {"pid":77016,"phase":"git:rev-parse","start_ns":1789219422852283000,"ns":7573750}
PERF {"pid":77016,"phase":"git:rev-parse","start_ns":1789219422859889000,"ns":7656125}
PERF {"pid":77016,"phase":"git:rev-parse","start_ns":1789219422867587000,"ns":8275000}
PERF {"pid":77016,"phase":"git:rev-parse","start_ns":1789219422875960000,"ns":7625625}
PERF {"pid":77016,"phase":"git:rev-parse","start_ns":1789219422883707000,"ns":7766209}
PERF {"pid":77016,"phase":"git:rev-parse","start_ns":1789219422891533000,"ns":7217250}
PERF {"pid":77016,"phase":"git:rev-parse","start_ns":1789219422898888000,"ns":8078959}
PERF {"pid":77016,"phase":"git:rev-parse","start_ns":1789219422907052000,"ns":8269542}
PERF {"pid":77016,"phase":"git:rev-parse","start_ns":1789219422915404000,"ns":7581250}
PERF {"pid":77016,"phase":"git:rev-parse","start_ns":1789219422923063000,"ns":7597041}
PERF {"pid":77016,"phase":"git:rev-parse","start_ns":1789219422930695000,"ns":7864125}
PERF {"pid":77016,"phase":"git:rev-parse","start_ns":1789219422938657000,"ns":7152583}
PERF {"pid":77016,"phase":"git:rev-parse","start_ns":1789219422945877000,"ns":6698250}
PERF {"pid":77016,"phase":"git:rev-parse","start_ns":1789219422952729000,"ns":7216375}
PERF {"pid":77016,"phase":"git:rev-parse","start_ns":1789219422960011000,"ns":7432709}
PERF {"pid":77016,"phase":"git:rev-parse","start_ns":1789219422967515000,"ns":7223167}
PERF {"pid":77016,"phase":"git:rev-parse","start_ns":1789219422974802000,"ns":7739041}
PERF {"pid":77016,"phase":"git:rev-parse","start_ns":1789219422982667000,"ns":7308042}
PERF {"pid":77016,"phase":"git:rev-parse","start_ns":1789219422990062000,"ns":7117583}
PERF {"pid":77016,"phase":"git:rev-parse","start_ns":1789219422997271000,"ns":7356792}
PERF {"pid":77016,"phase":"git:rev-parse","start_ns":1789219423004698000,"ns":7068791}
PERF {"pid":77016,"phase":"git:rev-parse","start_ns":1789219423011875000,"ns":7448541}
PERF {"pid":77016,"phase":"git:rev-parse","start_ns":1789219423019388000,"ns":7085834}
PERF {"pid":77016,"phase":"git:rev-parse","start_ns":1789219423026507000,"ns":7637084}
PERF {"pid":77016,"phase":"git:rev-parse","start_ns":1789219423034178000,"ns":7394500}
PERF {"pid":77016,"phase":"git:rev-parse","start_ns":1789219423041614000,"ns":7157917}
PERF {"pid":77016,"phase":"git:rev-parse","start_ns":1789219423048815000,"ns":7434625}
PERF {"pid":77016,"phase":"git:rev-parse","start_ns":1789219423056300000,"ns":7184292}
PERF {"pid":77016,"phase":"git:rev-parse","start_ns":1789219423063526000,"ns":7886625}
PERF {"pid":77016,"phase":"git:rev-parse","start_ns":1789219423071449000,"ns":6963500}
PERF {"pid":77016,"phase":"git:rev-parse","start_ns":1789219423078486000,"ns":7190333}
PERF {"pid":77016,"phase":"git:rev-parse","start_ns":1789219423085795000,"ns":7095125}
PERF {"pid":77016,"phase":"git:rev-parse","start_ns":1789219423092942000,"ns":7982583}
PERF {"pid":77016,"phase":"git:rev-parse","start_ns":1789219423100981000,"ns":7375917}
PERF {"pid":77016,"phase":"git:rev-parse","start_ns":1789219423108417000,"ns":7840167}
PERF {"pid":77016,"phase":"git:rev-parse","start_ns":1789219423116333000,"ns":9565000}
PERF {"pid":77016,"phase":"git:rev-parse","start_ns":1789219423125944000,"ns":8758750}
PERF {"pid":77016,"phase":"git:rev-parse","start_ns":1789219423134768000,"ns":8347084}
PERF {"pid":77016,"phase":"git:rev-parse","start_ns":1789219423143183000,"ns":7672041}
PERF {"pid":77016,"phase":"git:rev-parse","start_ns":1789219423150893000,"ns":7406333}
PERF {"pid":77016,"phase":"git:rev-parse","start_ns":1789219423158359000,"ns":7259667}
PERF {"pid":77016,"phase":"git:rev-parse","start_ns":1789219423165659000,"ns":7393458}
PERF {"pid":77016,"phase":"git:rev-parse","start_ns":1789219423173118000,"ns":7118125}
PERF {"pid":77016,"phase":"git:rev-parse","start_ns":1789219423180406000,"ns":7510250}
PERF {"pid":77016,"phase":"git:rev-parse","start_ns":1789219423187983000,"ns":6907000}
PERF {"pid":77016,"phase":"git:rev-parse","start_ns":1789219423195035000,"ns":8308000}
PERF {"pid":77016,"phase":"git:rev-parse","start_ns":1789219423203405000,"ns":7156916}
PERF {"pid":77016,"phase":"git:rev-parse","start_ns":1789219423210662000,"ns":7031625}
PERF {"pid":77016,"phase":"git:rev-parse","start_ns":1789219423217787000,"ns":6495375}
PERF {"pid":77016,"phase":"git:rev-parse","start_ns":1789219423224316000,"ns":7750833}
PERF {"pid":77016,"phase":"git:rev-parse","start_ns":1789219423232109000,"ns":7473792}
PERF {"pid":77016,"phase":"git:rev-parse","start_ns":1789219423239645000,"ns":7288042}
PERF {"pid":77016,"phase":"git:rev-parse","start_ns":1789219423246982000,"ns":7483750}
PERF {"pid":77016,"phase":"git:rev-parse","start_ns":1789219423254522000,"ns":7399750}
PERF {"pid":77016,"phase":"git:rev-parse","start_ns":1789219423262015000,"ns":7903416}
PERF {"pid":77016,"phase":"git:rev-parse","start_ns":1789219423270005000,"ns":7340375}
PERF {"pid":77016,"phase":"git:rev-parse","start_ns":1789219423277416000,"ns":6939084}
PERF {"pid":77016,"phase":"git:rev-parse","start_ns":1789219423284417000,"ns":6276834}
PERF {"pid":77016,"phase":"git:rev-parse","start_ns":1789219423290842000,"ns":7641917}
PERF {"pid":77016,"phase":"git:rev-parse","start_ns":1789219423298555000,"ns":7272542}
PERF {"pid":77016,"phase":"git:rev-parse","start_ns":1789219423305861000,"ns":7289792}
PERF {"pid":77016,"phase":"git:rev-parse","start_ns":1789219423313187000,"ns":7339250}
PERF {"pid":77016,"phase":"git:rev-parse","start_ns":1789219423320562000,"ns":6685666}
PERF {"pid":77016,"phase":"git:rev-parse","start_ns":1789219423327321000,"ns":7727166}
PERF {"pid":77016,"phase":"git:rev-parse","start_ns":1789219423335094000,"ns":6901250}
PERF {"pid":77016,"phase":"git:rev-parse","start_ns":1789219423342036000,"ns":6967042}
PERF {"pid":77016,"phase":"git:rev-parse","start_ns":1789219423349124000,"ns":7009250}
PERF {"pid":77016,"phase":"git:rev-parse","start_ns":1789219423356214000,"ns":7509500}
PERF {"pid":77016,"phase":"git:rev-parse","start_ns":1789219423363777000,"ns":7691125}
PERF {"pid":77016,"phase":"git:rev-parse","start_ns":1789219423371531000,"ns":7723958}
PERF {"pid":77016,"phase":"git:rev-parse","start_ns":1789219423379355000,"ns":7413458}
PERF {"pid":77016,"phase":"git:rev-parse","start_ns":1789219423386825000,"ns":6989833}
PERF {"pid":77016,"phase":"git:rev-parse","start_ns":1789219423393918000,"ns":7307792}
PERF {"pid":77016,"phase":"git:rev-parse","start_ns":1789219423401299000,"ns":7046625}
PERF {"pid":77016,"phase":"git:rev-parse","start_ns":1789219423408398000,"ns":6677458}
PERF {"pid":77016,"phase":"git:rev-parse","start_ns":1789219423415110000,"ns":7385833}
PERF {"pid":77016,"phase":"git:rev-parse","start_ns":1789219423422534000,"ns":7249209}
PERF {"pid":77016,"phase":"git:rev-parse","start_ns":1789219423429960000,"ns":7608750}
PERF {"pid":77016,"phase":"git:rev-parse","start_ns":1789219423437629000,"ns":7132250}
PERF {"pid":77016,"phase":"git:rev-parse","start_ns":1789219423444863000,"ns":7727334}
PERF {"pid":77016,"phase":"git:rev-parse","start_ns":1789219423452672000,"ns":7077458}
PERF {"pid":77016,"phase":"git:rev-parse","start_ns":1789219423459855000,"ns":7856792}
PERF {"pid":77016,"phase":"git:rev-parse","start_ns":1789219423467783000,"ns":7427625}
PERF {"pid":77016,"phase":"git:rev-parse","start_ns":1789219423475314000,"ns":6806334}
PERF {"pid":77016,"phase":"git:rev-parse","start_ns":1789219423482255000,"ns":7081917}
PERF {"pid":77016,"phase":"git:rev-parse","start_ns":1789219423489406000,"ns":7768250}
PERF {"pid":77016,"phase":"git:rev-parse","start_ns":1789219423497235000,"ns":8372833}
PERF {"pid":77016,"phase":"git:rev-parse","start_ns":1789219423505646000,"ns":7880750}
PERF {"pid":77016,"phase":"git:rev-parse","start_ns":1789219423513566000,"ns":7334458}
PERF {"pid":77016,"phase":"git:rev-parse","start_ns":1789219423520957000,"ns":7179541}
PERF {"pid":77016,"phase":"git:rev-parse","start_ns":1789219423528228000,"ns":8871625}
PERF {"pid":77016,"phase":"git:rev-parse","start_ns":1789219423537166000,"ns":7471375}
PERF {"pid":77016,"phase":"git:rev-parse","start_ns":1789219423544733000,"ns":7669916}
PERF {"pid":77016,"phase":"git:rev-parse","start_ns":1789219423552476000,"ns":7987000}
PERF {"pid":77016,"phase":"git:rev-parse","start_ns":1789219423560505000,"ns":8015417}
PERF {"pid":77016,"phase":"git:rev-parse","start_ns":1789219423568591000,"ns":7791791}
PERF {"pid":77016,"phase":"git:rev-parse","start_ns":1789219423576419000,"ns":7583750}
PERF {"pid":77016,"phase":"git:rev-parse","start_ns":1789219423584042000,"ns":7226541}
PERF {"pid":77016,"phase":"git:rev-parse","start_ns":1789219423591334000,"ns":7059125}
PERF {"pid":77016,"phase":"git:rev-parse","start_ns":1789219423598490000,"ns":7387125}
PERF {"pid":77016,"phase":"git:rev-parse","start_ns":1789219423605943000,"ns":7411167}
PERF {"pid":77016,"phase":"git:rev-parse","start_ns":1789219423613418000,"ns":7518375}
PERF {"pid":77016,"phase":"git:rev-parse","start_ns":1789219423620991000,"ns":7279709}
PERF {"pid":77016,"phase":"git:rev-parse","start_ns":1789219423628391000,"ns":7071333}
PERF {"pid":77016,"phase":"git:rev-parse","start_ns":1789219423635590000,"ns":6818250}
PERF {"pid":77016,"phase":"git:rev-parse","start_ns":1789219423642526000,"ns":7113250}
PERF {"pid":77016,"phase":"git:rev-parse","start_ns":1789219423649730000,"ns":7160375}
PERF {"pid":77016,"phase":"git:rev-parse","start_ns":1789219423656949000,"ns":7801875}
PERF {"pid":77016,"phase":"git:rev-parse","start_ns":1789219423664791000,"ns":8271833}
PERF {"pid":77016,"phase":"git:rev-parse","start_ns":1789219423673134000,"ns":7056834}
PERF {"pid":77016,"phase":"git:rev-parse","start_ns":1789219423680253000,"ns":7495459}
PERF {"pid":77016,"phase":"git:rev-parse","start_ns":1789219423687810000,"ns":8049000}
PERF {"pid":77016,"phase":"git:rev-parse","start_ns":1789219423695913000,"ns":7750792}
PERF {"pid":77016,"phase":"git:rev-parse","start_ns":1789219423703719000,"ns":7394250}
PERF {"pid":77016,"phase":"git:rev-parse","start_ns":1789219423711174000,"ns":6777167}
PERF {"pid":77016,"phase":"git:rev-parse","start_ns":1789219423718049000,"ns":6779375}
PERF {"pid":77016,"phase":"git:rev-parse","start_ns":1789219423724954000,"ns":6482541}
PERF {"pid":77016,"phase":"git:rev-parse","start_ns":1789219423731477000,"ns":7722750}
PERF {"pid":77016,"phase":"git:rev-parse","start_ns":1789219423739255000,"ns":7315166}
PERF {"pid":77016,"phase":"git:rev-parse","start_ns":1789219423746627000,"ns":7241167}
PERF {"pid":77016,"phase":"git:rev-parse","start_ns":1789219423753913000,"ns":6227250}
PERF {"pid":77016,"phase":"git:rev-parse","start_ns":1789219423760202000,"ns":6954667}
PERF {"pid":77016,"phase":"git:rev-parse","start_ns":1789219423767225000,"ns":7677666}
PERF {"pid":77016,"phase":"git:rev-parse","start_ns":1789219423774948000,"ns":7470875}
PERF {"pid":77016,"phase":"git:rev-parse","start_ns":1789219423782486000,"ns":7111000}
PERF {"pid":77016,"phase":"git:rev-parse","start_ns":1789219423789657000,"ns":6435791}
PERF {"pid":77016,"phase":"git:rev-parse","start_ns":1789219423796171000,"ns":6513000}
PERF {"pid":77016,"phase":"git:rev-parse","start_ns":1789219423802741000,"ns":8365083}
PERF {"pid":77016,"phase":"git:rev-parse","start_ns":1789219423811229000,"ns":7566375}
PERF {"pid":77016,"phase":"git:rev-parse","start_ns":1789219423818844000,"ns":7960542}
PERF {"pid":77016,"phase":"git:rev-parse","start_ns":1789219423826876000,"ns":8613250}
PERF {"pid":77016,"phase":"git:rev-parse","start_ns":1789219423835563000,"ns":7679375}
PERF {"pid":77016,"phase":"git:rev-parse","start_ns":1789219423843278000,"ns":7394208}
PERF {"pid":77016,"phase":"git:rev-parse","start_ns":1789219423850736000,"ns":7788125}
PERF {"pid":77016,"phase":"git:rev-parse","start_ns":1789219423858598000,"ns":7568125}
PERF {"pid":77016,"phase":"git:rev-parse","start_ns":1789219423866230000,"ns":7546541}
PERF {"pid":77016,"phase":"git:rev-parse","start_ns":1789219423873872000,"ns":7291917}
PERF {"pid":77016,"phase":"git:rev-parse","start_ns":1789219423881304000,"ns":6661542}
PERF {"pid":77016,"phase":"git:rev-parse","start_ns":1789219423888018000,"ns":8325416}
PERF {"pid":77016,"phase":"git:rev-parse","start_ns":1789219423896450000,"ns":7694292}
PERF {"pid":77016,"phase":"git:rev-parse","start_ns":1789219423904263000,"ns":8971334}
PERF {"pid":77016,"phase":"git:rev-parse","start_ns":1789219423913350000,"ns":6508750}
PERF {"pid":77016,"phase":"git:rev-parse","start_ns":1789219423919923000,"ns":8386833}
PERF {"pid":77016,"phase":"git:rev-parse","start_ns":1789219423928354000,"ns":7548292}
PERF {"pid":77016,"phase":"git:rev-parse","start_ns":1789219423936002000,"ns":7631209}
PERF {"pid":77016,"phase":"git:rev-parse","start_ns":1789219423943668000,"ns":7510542}
PERF {"pid":77016,"phase":"git:rev-parse","start_ns":1789219423951225000,"ns":7417000}
PERF {"pid":77016,"phase":"git:rev-parse","start_ns":1789219423958705000,"ns":7164041}
PERF {"pid":77016,"phase":"git:rev-parse","start_ns":1789219423965928000,"ns":6455583}
PERF {"pid":77016,"phase":"git:rev-parse","start_ns":1789219423972459000,"ns":7500417}
PERF {"pid":77016,"phase":"git:rev-parse","start_ns":1789219423980051000,"ns":6690209}
PERF {"pid":77016,"phase":"git:rev-parse","start_ns":1789219423986814000,"ns":7567625}
PERF {"pid":77016,"phase":"git:rev-parse","start_ns":1789219423994470000,"ns":8033084}
PERF {"pid":77016,"phase":"git:rev-parse","start_ns":1789219424002564000,"ns":7669541}
PERF {"pid":77016,"phase":"git:rev-parse","start_ns":1789219424010297000,"ns":7577959}
PERF {"pid":77016,"phase":"git:rev-parse","start_ns":1789219424017932000,"ns":7734208}
PERF {"pid":77016,"phase":"git:rev-parse","start_ns":1789219424025701000,"ns":7321750}
PERF {"pid":77016,"phase":"git:rev-parse","start_ns":1789219424033093000,"ns":7683750}
PERF {"pid":77016,"phase":"git:rev-parse","start_ns":1789219424040854000,"ns":7253542}
PERF {"pid":77016,"phase":"git:rev-parse","start_ns":1789219424048183000,"ns":6385792}
PERF {"pid":77016,"phase":"git:rev-parse","start_ns":1789219424054675000,"ns":7732667}
PERF {"pid":77016,"phase":"git:rev-parse","start_ns":1789219424062450000,"ns":6805459}
PERF {"pid":77016,"phase":"git:rev-parse","start_ns":1789219424069310000,"ns":7617625}
PERF {"pid":77016,"phase":"git:rev-parse","start_ns":1789219424076993000,"ns":7648042}
PERF {"pid":77016,"phase":"git:rev-parse","start_ns":1789219424084695000,"ns":7434500}
PERF {"pid":77016,"phase":"git:rev-parse","start_ns":1789219424092216000,"ns":7209125}
PERF {"pid":77016,"phase":"git:rev-parse","start_ns":1789219424099491000,"ns":7601917}
PERF {"pid":77016,"phase":"git:rev-parse","start_ns":1789219424107154000,"ns":7488042}
PERF {"pid":77016,"phase":"git:rev-parse","start_ns":1789219424114681000,"ns":6900458}
PERF {"pid":77016,"phase":"git:rev-parse","start_ns":1789219424121680000,"ns":6468042}
PERF {"pid":77016,"phase":"git:rev-parse","start_ns":1789219424128213000,"ns":7475375}
PERF {"pid":77016,"phase":"git:rev-parse","start_ns":1789219424135743000,"ns":8728708}
PERF {"pid":77016,"phase":"git:rev-parse","start_ns":1789219424144572000,"ns":8321750}
PERF {"pid":77016,"phase":"git:rev-parse","start_ns":1789219424152968000,"ns":8931416}
PERF {"pid":77016,"phase":"git:rev-parse","start_ns":1789219424161943000,"ns":7839333}
PERF {"pid":77016,"phase":"git:rev-parse","start_ns":1789219424169852000,"ns":7309958}
PERF {"pid":77016,"phase":"git:rev-parse","start_ns":1789219424177208000,"ns":7720833}
PERF {"pid":77016,"phase":"git:rev-parse","start_ns":1789219424184959000,"ns":6798875}
PERF {"pid":77016,"phase":"git:rev-parse","start_ns":1789219424191818000,"ns":7797208}
PERF {"pid":77016,"phase":"git:rev-parse","start_ns":1789219424199695000,"ns":7721500}
PERF {"pid":77016,"phase":"git:rev-parse","start_ns":1789219424207490000,"ns":6925667}
PERF {"pid":77016,"phase":"git:rev-parse","start_ns":1789219424214477000,"ns":7148584}
PERF {"pid":77016,"phase":"git:rev-parse","start_ns":1789219424221756000,"ns":6381334}
PERF {"pid":77016,"phase":"git:rev-parse","start_ns":1789219424228198000,"ns":7246500}
PERF {"pid":77016,"phase":"git:rev-parse","start_ns":1789219424235482000,"ns":7626791}
PERF {"pid":77016,"phase":"git:rev-parse","start_ns":1789219424243165000,"ns":7712834}
PERF {"pid":77016,"phase":"git:rev-parse","start_ns":1789219424250918000,"ns":7563208}
PERF {"pid":77016,"phase":"git:rev-parse","start_ns":1789219424258520000,"ns":7148334}
PERF {"pid":77016,"phase":"git:rev-parse","start_ns":1789219424265750000,"ns":7868250}
PERF {"pid":77016,"phase":"git:rev-parse","start_ns":1789219424273670000,"ns":7247917}
PERF {"pid":77016,"phase":"git:rev-parse","start_ns":1789219424280963000,"ns":7327875}
PERF {"pid":77016,"phase":"git:rev-parse","start_ns":1789219424288409000,"ns":6691500}
PERF {"pid":77016,"phase":"git:rev-parse","start_ns":1789219424295227000,"ns":6874459}
PERF {"pid":77016,"phase":"git:rev-parse","start_ns":1789219424302140000,"ns":7976959}
PERF {"pid":77016,"phase":"git:rev-parse","start_ns":1789219424310155000,"ns":7017666}
PERF {"pid":77016,"phase":"git:rev-parse","start_ns":1789219424317211000,"ns":7941209}
PERF {"pid":77016,"phase":"git:rev-parse","start_ns":1789219424325185000,"ns":7706791}
PERF {"pid":77016,"phase":"git:rev-parse","start_ns":1789219424332960000,"ns":9335750}
PERF {"pid":77016,"phase":"git:rev-parse","start_ns":1789219424342357000,"ns":7393334}
PERF {"pid":77016,"phase":"git:rev-parse","start_ns":1789219424349815000,"ns":7442375}
PERF {"pid":77016,"phase":"git:rev-parse","start_ns":1789219424357340000,"ns":7294000}
PERF {"pid":77016,"phase":"git:rev-parse","start_ns":1789219424364701000,"ns":7404833}
PERF {"pid":77016,"phase":"git:rev-parse","start_ns":1789219424372155000,"ns":7093167}
PERF {"pid":77016,"phase":"git:rev-parse","start_ns":1789219424379341000,"ns":7900750}
PERF {"pid":77016,"phase":"git:rev-parse","start_ns":1789219424387317000,"ns":7309375}
PERF {"pid":77016,"phase":"git:rev-parse","start_ns":1789219424394698000,"ns":7785708}
PERF {"pid":77016,"phase":"git:rev-parse","start_ns":1789219424402636000,"ns":8267041}
PERF {"pid":77016,"phase":"git:rev-parse","start_ns":1789219424410941000,"ns":7875875}
PERF {"pid":77016,"phase":"git:rev-parse","start_ns":1789219424418864000,"ns":7648041}
PERF {"pid":77016,"phase":"git:rev-parse","start_ns":1789219424426553000,"ns":7297125}
PERF {"pid":77016,"phase":"git:rev-parse","start_ns":1789219424433915000,"ns":7542542}
PERF {"pid":77016,"phase":"git:rev-parse","start_ns":1789219424441493000,"ns":7247625}
PERF {"pid":77016,"phase":"git:rev-parse","start_ns":1789219424448782000,"ns":8048667}
PERF {"pid":77016,"phase":"git:rev-parse","start_ns":1789219424456870000,"ns":7486292}
PERF {"pid":77016,"phase":"git:rev-parse","start_ns":1789219424464420000,"ns":8575041}
PERF {"pid":77016,"phase":"git:rev-parse","start_ns":1789219424473042000,"ns":7842542}
PERF {"pid":77016,"phase":"git:rev-parse","start_ns":1789219424480953000,"ns":7255292}
PERF {"pid":77016,"phase":"git:rev-parse","start_ns":1789219424488296000,"ns":7764459}
PERF {"pid":77016,"phase":"git:rev-parse","start_ns":1789219424496150000,"ns":7258333}
PERF {"pid":77016,"phase":"git:rev-parse","start_ns":1789219424503564000,"ns":7963375}
PERF {"pid":77016,"phase":"git:rev-parse","start_ns":1789219424511590000,"ns":7224708}
PERF {"pid":77016,"phase":"git:rev-parse","start_ns":1789219424518852000,"ns":8226875}
PERF {"pid":77016,"phase":"git:rev-parse","start_ns":1789219424527205000,"ns":8160833}
PERF {"pid":77016,"phase":"git:rev-parse","start_ns":1789219424535468000,"ns":7741792}
PERF {"pid":77016,"phase":"git:rev-parse","start_ns":1789219424543277000,"ns":7579709}
PERF {"pid":77016,"phase":"git:rev-parse","start_ns":1789219424550893000,"ns":8254500}
PERF {"pid":77016,"phase":"git:rev-parse","start_ns":1789219424559216000,"ns":7729666}
PERF {"pid":77016,"phase":"git:rev-parse","start_ns":1789219424567012000,"ns":7801750}
PERF {"pid":77016,"phase":"git:rev-parse","start_ns":1789219424574884000,"ns":7949250}
PERF {"pid":77016,"phase":"git:rev-parse","start_ns":1789219424582918000,"ns":8310667}
PERF {"pid":77016,"phase":"git:rev-parse","start_ns":1789219424591319000,"ns":7374166}
PERF {"pid":77016,"phase":"git:rev-parse","start_ns":1789219424598775000,"ns":7933125}
PERF {"pid":77016,"phase":"git:rev-parse","start_ns":1789219424606823000,"ns":7099875}
PERF {"pid":77016,"phase":"git:rev-parse","start_ns":1789219424613985000,"ns":7977333}
PERF {"pid":77016,"phase":"git:rev-parse","start_ns":1789219424622044000,"ns":6601583}
PERF {"pid":77016,"phase":"git:rev-parse","start_ns":1789219424628766000,"ns":7027125}
PERF {"pid":77016,"phase":"git:rev-parse","start_ns":1789219424635855000,"ns":7573916}
PERF {"pid":77016,"phase":"git:rev-parse","start_ns":1789219424643463000,"ns":6724333}
PERF {"pid":77016,"phase":"git:rev-parse","start_ns":1789219424650251000,"ns":7215708}
PERF {"pid":77016,"phase":"git:rev-parse","start_ns":1789219424657595000,"ns":7752542}
PERF {"pid":77016,"phase":"git:rev-parse","start_ns":1789219424665417000,"ns":5807083}
PERF {"pid":77016,"phase":"git:rev-parse","start_ns":1789219424671276000,"ns":6841333}
PERF {"pid":77016,"phase":"git:rev-parse","start_ns":1789219424678157000,"ns":7327250}
PERF {"pid":77016,"phase":"git:rev-parse","start_ns":1789219424685520000,"ns":6485250}
PERF {"pid":77016,"phase":"git:rev-parse","start_ns":1789219424692058000,"ns":6986875}
PERF {"pid":77016,"phase":"git:rev-parse","start_ns":1789219424699121000,"ns":6916000}
PERF {"pid":77016,"phase":"git:rev-parse","start_ns":1789219424706102000,"ns":7642500}
PERF {"pid":77016,"phase":"git:rev-parse","start_ns":1789219424713801000,"ns":7634208}
PERF {"pid":77016,"phase":"git:rev-parse","start_ns":1789219424721498000,"ns":7779000}
PERF {"pid":77016,"phase":"git:rev-parse","start_ns":1789219424729320000,"ns":7789708}
PERF {"pid":77016,"phase":"git:rev-parse","start_ns":1789219424737185000,"ns":7780667}
PERF {"pid":77016,"phase":"git:rev-parse","start_ns":1789219424745034000,"ns":7478875}
PERF {"pid":77016,"phase":"git:rev-parse","start_ns":1789219424752663000,"ns":6348125}
PERF {"pid":77016,"phase":"git:rev-parse","start_ns":1789219424759100000,"ns":6970583}
PERF {"pid":77016,"phase":"git:rev-parse","start_ns":1789219424766184000,"ns":6949875}
PERF {"pid":77016,"phase":"git:rev-parse","start_ns":1789219424773202000,"ns":7861916}
PERF {"pid":77016,"phase":"git:rev-parse","start_ns":1789219424781131000,"ns":7625958}
PERF {"pid":77016,"phase":"git:rev-parse","start_ns":1789219424788797000,"ns":7970417}
PERF {"pid":77016,"phase":"git:rev-parse","start_ns":1789219424796826000,"ns":7519000}
PERF {"pid":77016,"phase":"git:rev-parse","start_ns":1789219424804405000,"ns":7917250}
PERF {"pid":77016,"phase":"git:rev-parse","start_ns":1789219424812388000,"ns":8213917}
PERF {"pid":77016,"phase":"git:rev-parse","start_ns":1789219424820678000,"ns":7953334}
PERF {"pid":77016,"phase":"git:rev-parse","start_ns":1789219424828671000,"ns":7850959}
PERF {"pid":77016,"phase":"git:rev-parse","start_ns":1789219424836621000,"ns":7935958}
PERF {"pid":77016,"phase":"git:rev-parse","start_ns":1789219424844681000,"ns":8264417}
PERF {"pid":77016,"phase":"git:rev-parse","start_ns":1789219424852989000,"ns":8976667}
PERF {"pid":77016,"phase":"git:rev-parse","start_ns":1789219424862039000,"ns":7709750}
PERF {"pid":77016,"phase":"git:rev-parse","start_ns":1789219424869812000,"ns":7768000}
PERF {"pid":77016,"phase":"git:rev-parse","start_ns":1789219424877644000,"ns":7972834}
PERF {"pid":77016,"phase":"git:rev-parse","start_ns":1789219424885677000,"ns":7141916}
PERF {"pid":77016,"phase":"git:rev-parse","start_ns":1789219424892896000,"ns":8266375}
PERF {"pid":77016,"phase":"git:rev-parse","start_ns":1789219424901209000,"ns":7942709}
PERF {"pid":77016,"phase":"git:rev-parse","start_ns":1789219424909202000,"ns":7854625}
PERF {"pid":77016,"phase":"git:rev-parse","start_ns":1789219424917099000,"ns":8004541}
PERF {"pid":77016,"phase":"git:rev-parse","start_ns":1789219424925162000,"ns":8148250}
PERF {"pid":77016,"phase":"git:rev-parse","start_ns":1789219424933379000,"ns":8271792}
PERF {"pid":77016,"phase":"git:rev-parse","start_ns":1789219424941759000,"ns":7018000}
PERF {"pid":77016,"phase":"git:rev-parse","start_ns":1789219424948837000,"ns":6837333}
PERF {"pid":77016,"phase":"git:rev-parse","start_ns":1789219424955745000,"ns":7911083}
PERF {"pid":77016,"phase":"git:rev-parse","start_ns":1789219424963700000,"ns":6293084}
PERF {"pid":77016,"phase":"git:rev-parse","start_ns":1789219424970064000,"ns":8173084}
PERF {"pid":77016,"phase":"git:rev-parse","start_ns":1789219424978292000,"ns":7878291}
PERF {"pid":77016,"phase":"git:rev-parse","start_ns":1789219424986210000,"ns":7838209}
PERF {"pid":77016,"phase":"git:rev-parse","start_ns":1789219424994124000,"ns":7864209}
PERF {"pid":77016,"phase":"git:rev-parse","start_ns":1789219425002033000,"ns":7367375}
PERF {"pid":77016,"phase":"git:rev-parse","start_ns":1789219425009455000,"ns":8423833}
PERF {"pid":77016,"phase":"git:rev-parse","start_ns":1789219425017937000,"ns":7297958}
PERF {"pid":77016,"phase":"git:rev-parse","start_ns":1789219425025274000,"ns":8056666}
PERF {"pid":77016,"phase":"git:rev-parse","start_ns":1789219425033395000,"ns":7379334}
PERF {"pid":77016,"phase":"git:rev-parse","start_ns":1789219425040815000,"ns":7365917}
PERF {"pid":77016,"phase":"git:rev-parse","start_ns":1789219425048253000,"ns":7675625}
PERF {"pid":77016,"phase":"git:rev-parse","start_ns":1789219425055967000,"ns":8146500}
PERF {"pid":77016,"phase":"git:rev-parse","start_ns":1789219425064178000,"ns":8177583}
PERF {"pid":77016,"phase":"git:rev-parse","start_ns":1789219425072423000,"ns":8005417}
PERF {"pid":77016,"phase":"git:rev-parse","start_ns":1789219425080475000,"ns":8420375}
PERF {"pid":77016,"phase":"git:rev-parse","start_ns":1789219425088938000,"ns":8021166}
PERF {"pid":77016,"phase":"git:rev-parse","start_ns":1789219425096997000,"ns":8076792}
PERF {"pid":77016,"phase":"git:rev-parse","start_ns":1789219425105131000,"ns":7825125}
PERF {"pid":77016,"phase":"git:rev-parse","start_ns":1789219425112995000,"ns":7903583}
PERF {"pid":77016,"phase":"git:rev-parse","start_ns":1789219425120993000,"ns":7811958}
PERF {"pid":77016,"phase":"git:rev-parse","start_ns":1789219425128843000,"ns":7764125}
PERF {"pid":77016,"phase":"git:rev-parse","start_ns":1789219425136705000,"ns":8250375}
PERF {"pid":77016,"phase":"git:rev-parse","start_ns":1789219425145008000,"ns":8015333}
PERF {"pid":77016,"phase":"git:rev-parse","start_ns":1789219425153111000,"ns":7861208}
PERF {"pid":77016,"phase":"git:rev-parse","start_ns":1789219425161059000,"ns":8285791}
PERF {"pid":77016,"phase":"git:rev-parse","start_ns":1789219425169406000,"ns":8678250}
PERF {"pid":77016,"phase":"git:rev-parse","start_ns":1789219425178151000,"ns":9289125}
PERF {"pid":77016,"phase":"git:rev-parse","start_ns":1789219425187480000,"ns":9268666}
PERF {"pid":77016,"phase":"git:rev-parse","start_ns":1789219425196805000,"ns":7876334}
PERF {"pid":77016,"phase":"git:rev-parse","start_ns":1789219425204736000,"ns":7853833}
PERF {"pid":77016,"phase":"git:rev-parse","start_ns":1789219425212632000,"ns":7557667}
PERF {"pid":77016,"phase":"git:rev-parse","start_ns":1789219425220237000,"ns":8169958}
PERF {"pid":77016,"phase":"git:rev-parse","start_ns":1789219425228446000,"ns":7565917}
PERF {"pid":77016,"phase":"git:rev-parse","start_ns":1789219425236108000,"ns":6366625}
PERF {"pid":77016,"phase":"git:rev-parse","start_ns":1789219425242530000,"ns":8031208}
PERF {"pid":77016,"phase":"git:rev-parse","start_ns":1789219425250598000,"ns":7852958}
PERF {"pid":77016,"phase":"git:rev-parse","start_ns":1789219425258491000,"ns":8037375}
PERF {"pid":77016,"phase":"git:rev-parse","start_ns":1789219425266572000,"ns":7594042}
PERF {"pid":77016,"phase":"git:rev-parse","start_ns":1789219425274244000,"ns":8055833}
PERF {"pid":77016,"phase":"git:rev-parse","start_ns":1789219425282387000,"ns":7726208}
PERF {"pid":77016,"phase":"git:rev-parse","start_ns":1789219425290179000,"ns":7656250}
PERF {"pid":77016,"phase":"git:rev-parse","start_ns":1789219425297912000,"ns":7127333}
PERF {"pid":77016,"phase":"git:rev-parse","start_ns":1789219425305097000,"ns":7751875}
PERF {"pid":77016,"phase":"git:rev-parse","start_ns":1789219425312895000,"ns":7400208}
PERF {"pid":77016,"phase":"git:rev-parse","start_ns":1789219425320454000,"ns":7125625}
PERF {"pid":77016,"phase":"git:rev-parse","start_ns":1789219425327657000,"ns":7381083}
PERF {"pid":77016,"phase":"git:rev-parse","start_ns":1789219425335076000,"ns":7664708}
PERF {"pid":77016,"phase":"git:rev-parse","start_ns":1789219425342787000,"ns":8284834}
PERF {"pid":77016,"phase":"git:rev-parse","start_ns":1789219425351110000,"ns":7634583}
PERF {"pid":77016,"phase":"git:rev-parse","start_ns":1789219425358833000,"ns":6535375}
PERF {"pid":77016,"phase":"git:rev-parse","start_ns":1789219425365455000,"ns":8326833}
PERF {"pid":77016,"phase":"git:rev-parse","start_ns":1789219425373870000,"ns":7148333}
PERF {"pid":77016,"phase":"git:rev-parse","start_ns":1789219425381084000,"ns":7835584}
PERF {"pid":77016,"phase":"git:rev-parse","start_ns":1789219425388983000,"ns":7611791}
PERF {"pid":77016,"phase":"git:rev-parse","start_ns":1789219425396687000,"ns":7451250}
PERF {"pid":77016,"phase":"git:rev-parse","start_ns":1789219425404201000,"ns":7368791}
PERF {"pid":77016,"phase":"git:rev-parse","start_ns":1789219425411631000,"ns":7883250}
PERF {"pid":77016,"phase":"git:rev-parse","start_ns":1789219425419610000,"ns":6920458}
PERF {"pid":77016,"phase":"git:rev-parse","start_ns":1789219425426590000,"ns":7193417}
PERF {"pid":77016,"phase":"git:rev-parse","start_ns":1789219425433848000,"ns":7931334}
PERF {"pid":77016,"phase":"git:rev-parse","start_ns":1789219425441849000,"ns":6661583}
PERF {"pid":77016,"phase":"git:rev-parse","start_ns":1789219425448570000,"ns":7426792}
PERF {"pid":77016,"phase":"git:rev-parse","start_ns":1789219425456050000,"ns":7655875}
PERF {"pid":77016,"phase":"git:rev-parse","start_ns":1789219425463834000,"ns":6679917}
PERF {"pid":77016,"phase":"git:rev-parse","start_ns":1789219425470589000,"ns":7918416}
PERF {"pid":77016,"phase":"git:rev-parse","start_ns":1789219425478576000,"ns":8685042}
PERF {"pid":77016,"phase":"git:rev-parse","start_ns":1789219425487321000,"ns":8419875}
PERF {"pid":77016,"phase":"git:rev-parse","start_ns":1789219425495783000,"ns":7040875}
PERF {"pid":77016,"phase":"git:rev-parse","start_ns":1789219425502922000,"ns":7167333}
PERF {"pid":77016,"phase":"git:rev-parse","start_ns":1789219425510131000,"ns":7934125}
PERF {"pid":77016,"phase":"git:rev-parse","start_ns":1789219425518176000,"ns":7398833}
PERF {"pid":77016,"phase":"git:rev-parse","start_ns":1789219425525649000,"ns":8662959}
PERF {"pid":77016,"phase":"git:rev-parse","start_ns":1789219425534351000,"ns":7763667}
PERF {"pid":77016,"phase":"git:rev-parse","start_ns":1789219425542152000,"ns":7620792}
PERF {"pid":77016,"phase":"git:rev-parse","start_ns":1789219425549811000,"ns":7655500}
PERF {"pid":77016,"phase":"git:rev-parse","start_ns":1789219425557517000,"ns":7166209}
PERF {"pid":77016,"phase":"git:rev-parse","start_ns":1789219425564735000,"ns":6918084}
PERF {"pid":77016,"phase":"git:rev-parse","start_ns":1789219425571723000,"ns":7453042}
PERF {"pid":77016,"phase":"git:rev-parse","start_ns":1789219425579249000,"ns":7066959}
PERF {"pid":77016,"phase":"git:rev-parse","start_ns":1789219425586525000,"ns":7463500}
PERF {"pid":77016,"phase":"git:rev-parse","start_ns":1789219425594026000,"ns":7204500}
PERF {"pid":77016,"phase":"git:rev-parse","start_ns":1789219425601270000,"ns":7624791}
PERF {"pid":77016,"phase":"git:rev-parse","start_ns":1789219425608931000,"ns":7878333}
PERF {"pid":77016,"phase":"git:rev-parse","start_ns":1789219425616848000,"ns":7877708}
PERF {"pid":77016,"phase":"git:rev-parse","start_ns":1789219425624778000,"ns":7652792}
PERF {"pid":77016,"phase":"git:rev-parse","start_ns":1789219425632504000,"ns":7808750}
PERF {"pid":77016,"phase":"git:rev-parse","start_ns":1789219425640361000,"ns":7147375}
PERF {"pid":77016,"phase":"git:rev-parse","start_ns":1789219425647584000,"ns":7216500}
PERF {"pid":77016,"phase":"git:rev-parse","start_ns":1789219425654875000,"ns":7594042}
PERF {"pid":77016,"phase":"git:rev-parse","start_ns":1789219425662532000,"ns":7229042}
PERF {"pid":77016,"phase":"git:rev-parse","start_ns":1789219425669928000,"ns":7639458}
PERF {"pid":77016,"phase":"git:rev-parse","start_ns":1789219425677672000,"ns":7701708}
PERF {"pid":77016,"phase":"git:rev-parse","start_ns":1789219425685493000,"ns":7957583}
PERF {"pid":77016,"phase":"git:rev-parse","start_ns":1789219425693532000,"ns":7107042}
PERF {"pid":77016,"phase":"git:rev-parse","start_ns":1789219425700695000,"ns":6908083}
PERF {"pid":77016,"phase":"git:rev-parse","start_ns":1789219425707677000,"ns":6859458}
PERF {"pid":77016,"phase":"git:rev-parse","start_ns":1789219425714634000,"ns":7361792}
PERF {"pid":77016,"phase":"git:rev-parse","start_ns":1789219425722053000,"ns":7289375}
PERF {"pid":77016,"phase":"git:rev-parse","start_ns":1789219425729378000,"ns":7094166}
PERF {"pid":77016,"phase":"git:rev-parse","start_ns":1789219425736519000,"ns":7123375}
PERF {"pid":77016,"phase":"git:rev-parse","start_ns":1789219425743778000,"ns":8135375}
PERF {"pid":77016,"phase":"git:rev-parse","start_ns":1789219425752010000,"ns":6703125}
PERF {"pid":77016,"phase":"git:rev-parse","start_ns":1789219425758749000,"ns":7350584}
PERF {"pid":77016,"phase":"git:rev-parse","start_ns":1789219425766224000,"ns":6709083}
PERF {"pid":77016,"phase":"git:rev-parse","start_ns":1789219425772993000,"ns":7375875}
PERF {"pid":77016,"phase":"git:rev-parse","start_ns":1789219425780430000,"ns":7503459}
PERF {"pid":77016,"phase":"git:rev-parse","start_ns":1789219425787985000,"ns":7302750}
PERF {"pid":77016,"phase":"git:rev-parse","start_ns":1789219425795367000,"ns":7135000}
PERF {"pid":77016,"phase":"git:rev-parse","start_ns":1789219425802543000,"ns":8385458}
PERF {"pid":77016,"phase":"git:rev-parse","start_ns":1789219425810969000,"ns":7332958}
PERF {"pid":77016,"phase":"git:rev-parse","start_ns":1789219425818385000,"ns":7882542}
PERF {"pid":77016,"phase":"git:rev-parse","start_ns":1789219425826360000,"ns":8612417}
PERF {"pid":77016,"phase":"git:rev-parse","start_ns":1789219425835038000,"ns":8786500}
PERF {"pid":77016,"phase":"git:rev-parse","start_ns":1789219425843899000,"ns":7861292}
PERF {"pid":77016,"phase":"git:rev-parse","start_ns":1789219425851825000,"ns":7621834}
PERF {"pid":77016,"phase":"git:rev-parse","start_ns":1789219425859508000,"ns":7947333}
PERF {"pid":77016,"phase":"git:rev-parse","start_ns":1789219425867549000,"ns":7761750}
PERF {"pid":77016,"phase":"git:rev-parse","start_ns":1789219425875347000,"ns":7967250}
PERF {"pid":77016,"phase":"git:rev-parse","start_ns":1789219425883376000,"ns":7405416}
PERF {"pid":77016,"phase":"git:rev-parse","start_ns":1789219425890929000,"ns":7658167}
PERF {"pid":77016,"phase":"git:rev-parse","start_ns":1789219425898662000,"ns":8082291}
PERF {"pid":77016,"phase":"git:rev-parse","start_ns":1789219425906839000,"ns":8491334}
PERF {"pid":77016,"phase":"git:rev-parse","start_ns":1789219425915371000,"ns":7551584}
PERF {"pid":77016,"phase":"git:rev-parse","start_ns":1789219425922996000,"ns":6574792}
PERF {"pid":77016,"phase":"git:rev-parse","start_ns":1789219425929669000,"ns":7757000}
PERF {"pid":77016,"phase":"git:rev-parse","start_ns":1789219425937513000,"ns":7087042}
PERF {"pid":77016,"phase":"git:rev-parse","start_ns":1789219425944664000,"ns":7257167}
PERF {"pid":77016,"phase":"git:rev-parse","start_ns":1789219425951974000,"ns":7834542}
PERF {"pid":77016,"phase":"git:rev-parse","start_ns":1789219425959867000,"ns":7751167}
PERF {"pid":77016,"phase":"git:rev-parse","start_ns":1789219425967680000,"ns":6795500}
PERF {"pid":77016,"phase":"git:rev-parse","start_ns":1789219425974560000,"ns":6719792}
PERF {"pid":77016,"phase":"git:rev-parse","start_ns":1789219425981479000,"ns":7280167}
PERF {"pid":77016,"phase":"git:rev-parse","start_ns":1789219425988800000,"ns":8050167}
PERF {"pid":77016,"phase":"git:rev-parse","start_ns":1789219425996888000,"ns":7258000}
PERF {"pid":77016,"phase":"git:rev-parse","start_ns":1789219426004203000,"ns":7318458}
PERF {"pid":77016,"phase":"git:rev-parse","start_ns":1789219426011582000,"ns":6611958}
PERF {"pid":77016,"phase":"git:rev-parse","start_ns":1789219426018360000,"ns":6420791}
PERF {"pid":77016,"phase":"git:rev-parse","start_ns":1789219426024851000,"ns":7049875}
PERF {"pid":77016,"phase":"git:rev-parse","start_ns":1789219426031972000,"ns":7443166}
PERF {"pid":77016,"phase":"git:rev-parse","start_ns":1789219426039450000,"ns":7439958}
PERF {"pid":77016,"phase":"git:rev-parse","start_ns":1789219426046955000,"ns":6366500}
PERF {"pid":77016,"phase":"git:rev-parse","start_ns":1789219426053421000,"ns":7075083}
PERF {"pid":77016,"phase":"git:rev-parse","start_ns":1789219426060540000,"ns":7647459}
PERF {"pid":77016,"phase":"git:rev-parse","start_ns":1789219426068250000,"ns":7151792}
PERF {"pid":77016,"phase":"git:rev-parse","start_ns":1789219426075460000,"ns":7908958}
PERF {"pid":77016,"phase":"git:rev-parse","start_ns":1789219426083413000,"ns":7442459}
PERF {"pid":77016,"phase":"git:rev-parse","start_ns":1789219426090916000,"ns":7031458}
PERF {"pid":77016,"phase":"git:rev-parse","start_ns":1789219426098031000,"ns":7117708}
PERF {"pid":77016,"phase":"git:rev-parse","start_ns":1789219426105240000,"ns":7837500}
PERF {"pid":77016,"phase":"git:rev-parse","start_ns":1789219426113158000,"ns":6858416}
PERF {"pid":77016,"phase":"git:rev-parse","start_ns":1789219426120193000,"ns":7513625}
PERF {"pid":77016,"phase":"git:rev-parse","start_ns":1789219426127766000,"ns":7637542}
PERF {"pid":77016,"phase":"git:rev-parse","start_ns":1789219426135495000,"ns":7735917}
PERF {"pid":77016,"phase":"git:rev-parse","start_ns":1789219426143271000,"ns":7360166}
PERF {"pid":77016,"phase":"git:rev-parse","start_ns":1789219426150694000,"ns":7906209}
PERF {"pid":77016,"phase":"git:rev-parse","start_ns":1789219426158689000,"ns":7518875}
PERF {"pid":77016,"phase":"git:rev-parse","start_ns":1789219426166290000,"ns":8117750}
PERF {"pid":77016,"phase":"git:rev-parse","start_ns":1789219426174526000,"ns":7549792}
PERF {"pid":77016,"phase":"git:rev-parse","start_ns":1789219426182141000,"ns":9063958}
PERF {"pid":77016,"phase":"git:rev-parse","start_ns":1789219426191284000,"ns":7850666}
PERF {"pid":77016,"phase":"git:rev-parse","start_ns":1789219426199185000,"ns":9031584}
PERF {"pid":77016,"phase":"git:rev-parse","start_ns":1789219426208285000,"ns":7731125}
PERF {"pid":77016,"phase":"git:rev-parse","start_ns":1789219426216169000,"ns":7253166}
PERF {"pid":77016,"phase":"git:rev-parse","start_ns":1789219426223468000,"ns":7027792}
PERF {"pid":77016,"phase":"git:rev-parse","start_ns":1789219426230560000,"ns":6846917}
PERF {"pid":77016,"phase":"git:rev-parse","start_ns":1789219426237476000,"ns":7196000}
PERF {"pid":77016,"phase":"git:rev-parse","start_ns":1789219426244712000,"ns":7741792}
PERF {"pid":77016,"phase":"git:rev-parse","start_ns":1789219426252520000,"ns":7372500}
PERF {"pid":77016,"phase":"git:rev-parse","start_ns":1789219426259945000,"ns":7657958}
PERF {"pid":77016,"phase":"git:rev-parse","start_ns":1789219426267667000,"ns":7629125}
PERF {"pid":77016,"phase":"git:rev-parse","start_ns":1789219426275371000,"ns":6995375}
PERF {"pid":77016,"phase":"git:rev-parse","start_ns":1789219426282425000,"ns":6975208}
PERF {"pid":77016,"phase":"git:rev-parse","start_ns":1789219426289458000,"ns":7337959}
PERF {"pid":77016,"phase":"git:rev-parse","start_ns":1789219426296851000,"ns":7210959}
PERF {"pid":77016,"phase":"git:rev-parse","start_ns":1789219426304122000,"ns":7322667}
PERF {"pid":77016,"phase":"git:rev-parse","start_ns":1789219426311602000,"ns":7497375}
PERF {"pid":77016,"phase":"git:rev-parse","start_ns":1789219426319160000,"ns":7502250}
PERF {"pid":77016,"phase":"git:rev-parse","start_ns":1789219426326710000,"ns":7300333}
PERF {"pid":77016,"phase":"git:rev-parse","start_ns":1789219426334060000,"ns":6994334}
PERF {"pid":77016,"phase":"git:rev-parse","start_ns":1789219426341174000,"ns":7364166}
PERF {"pid":77016,"phase":"git:rev-parse","start_ns":1789219426348578000,"ns":7414375}
PERF {"pid":77016,"phase":"git:rev-parse","start_ns":1789219426356030000,"ns":7628250}
PERF {"pid":77016,"phase":"git:rev-parse","start_ns":1789219426363728000,"ns":7737916}
PERF {"pid":77016,"phase":"git:rev-parse","start_ns":1789219426371534000,"ns":7665542}
PERF {"pid":77016,"phase":"git:rev-parse","start_ns":1789219426379269000,"ns":6129250}
PERF {"pid":77016,"phase":"git:rev-parse","start_ns":1789219426385506000,"ns":7356667}
PERF {"pid":77016,"phase":"git:rev-parse","start_ns":1789219426392969000,"ns":7323959}
PERF {"pid":77016,"phase":"git:rev-parse","start_ns":1789219426400355000,"ns":7862417}
PERF {"pid":77016,"phase":"git:rev-parse","start_ns":1789219426408275000,"ns":7638417}
PERF {"pid":77016,"phase":"git:rev-parse","start_ns":1789219426415983000,"ns":7771125}
PERF {"pid":77016,"phase":"git:rev-parse","start_ns":1789219426423825000,"ns":6889500}
PERF {"pid":77016,"phase":"git:rev-parse","start_ns":1789219426430777000,"ns":6290291}
PERF {"pid":77016,"phase":"git:rev-parse","start_ns":1789219426437143000,"ns":6878167}
PERF {"pid":77016,"phase":"git:rev-parse","start_ns":1789219426444055000,"ns":7369458}
PERF {"pid":77016,"phase":"git:rev-parse","start_ns":1789219426451461000,"ns":7331875}
PERF {"pid":77016,"phase":"git:rev-parse","start_ns":1789219426458825000,"ns":7049458}
PERF {"pid":77016,"phase":"git:rev-parse","start_ns":1789219426465908000,"ns":5676000}
PERF {"pid":77016,"phase":"git:rev-parse","start_ns":1789219426471632000,"ns":7083458}
PERF {"pid":77016,"phase":"git:rev-parse","start_ns":1789219426478779000,"ns":7767708}
PERF {"pid":77016,"phase":"git:rev-parse","start_ns":1789219426486582000,"ns":7191542}
PERF {"pid":77016,"phase":"git:rev-parse","start_ns":1789219426493839000,"ns":6480792}
PERF {"pid":77016,"phase":"git:rev-parse","start_ns":1789219426500368000,"ns":7013917}
PERF {"pid":77016,"phase":"git:rev-parse","start_ns":1789219426507430000,"ns":6950666}
PERF {"pid":77016,"phase":"git:rev-parse","start_ns":1789219426514444000,"ns":8222375}
PERF {"pid":77016,"phase":"git:rev-parse","start_ns":1789219426522729000,"ns":7722083}
PERF {"pid":77016,"phase":"git:rev-parse","start_ns":1789219426530506000,"ns":7509375}
PERF {"pid":77016,"phase":"git:rev-parse","start_ns":1789219426538077000,"ns":7187833}
PERF {"pid":77016,"phase":"git:rev-parse","start_ns":1789219426545336000,"ns":6995583}
PERF {"pid":77016,"phase":"git:rev-parse","start_ns":1789219426552465000,"ns":7276458}
PERF {"pid":77016,"phase":"git:rev-parse","start_ns":1789219426559807000,"ns":7201167}
PERF {"pid":77016,"phase":"git:rev-parse","start_ns":1789219426567078000,"ns":7030292}
PERF {"pid":77016,"phase":"git:rev-parse","start_ns":1789219426574171000,"ns":7649000}
PERF {"pid":77016,"phase":"git:rev-parse","start_ns":1789219426581884000,"ns":7381250}
PERF {"pid":77016,"phase":"git:rev-parse","start_ns":1789219426589324000,"ns":7879209}
PERF {"pid":77016,"phase":"git:rev-parse","start_ns":1789219426597263000,"ns":7433167}
PERF {"pid":77016,"phase":"git:rev-parse","start_ns":1789219426604760000,"ns":6887833}
PERF {"pid":77016,"phase":"git:rev-parse","start_ns":1789219426611724000,"ns":8163542}
PERF {"pid":77016,"phase":"git:rev-parse","start_ns":1789219426619946000,"ns":6768833}
PERF {"pid":77016,"phase":"git:rev-parse","start_ns":1789219426626755000,"ns":8887375}
PERF {"pid":77016,"phase":"git:rev-parse","start_ns":1789219426635733000,"ns":6709000}
PERF {"pid":77016,"phase":"git:rev-parse","start_ns":1789219426642503000,"ns":8027500}
PERF {"pid":77016,"phase":"git:rev-parse","start_ns":1789219426650605000,"ns":6774000}
PERF {"pid":77016,"phase":"git:rev-parse","start_ns":1789219426657466000,"ns":7922500}
PERF {"pid":77016,"phase":"git:rev-parse","start_ns":1789219426665449000,"ns":7654250}
PERF {"pid":77016,"phase":"git:rev-parse","start_ns":1789219426673145000,"ns":7267417}
PERF {"pid":77016,"phase":"git:rev-parse","start_ns":1789219426680483000,"ns":7537708}
PERF {"pid":77016,"phase":"git:rev-parse","start_ns":1789219426688078000,"ns":7802750}
PERF {"pid":77016,"phase":"git:rev-parse","start_ns":1789219426695950000,"ns":7213583}
PERF {"pid":77016,"phase":"git:rev-parse","start_ns":1789219426703268000,"ns":7884166}
PERF {"pid":77016,"phase":"git:rev-parse","start_ns":1789219426711212000,"ns":7480666}
PERF {"pid":77016,"phase":"git:rev-parse","start_ns":1789219426718745000,"ns":7203417}
PERF {"pid":77016,"phase":"git:rev-parse","start_ns":1789219426725983000,"ns":7395375}
PERF {"pid":77016,"phase":"git:rev-parse","start_ns":1789219426733416000,"ns":7152250}
PERF {"pid":77016,"phase":"git:rev-parse","start_ns":1789219426740644000,"ns":8183208}
PERF {"pid":77016,"phase":"git:rev-parse","start_ns":1789219426748884000,"ns":7410125}
PERF {"pid":77016,"phase":"git:rev-parse","start_ns":1789219426756391000,"ns":6696875}
PERF {"pid":77016,"phase":"git:rev-parse","start_ns":1789219426763171000,"ns":6937916}
PERF {"pid":77016,"phase":"git:rev-parse","start_ns":1789219426770148000,"ns":7197792}
PERF {"pid":77016,"phase":"git:rev-parse","start_ns":1789219426777401000,"ns":8064500}
PERF {"pid":77016,"phase":"git:rev-parse","start_ns":1789219426785533000,"ns":7678125}
PERF {"pid":77016,"phase":"git:rev-parse","start_ns":1789219426793270000,"ns":7791083}
PERF {"pid":77016,"phase":"git:rev-parse","start_ns":1789219426801125000,"ns":8239292}
PERF {"pid":77016,"phase":"git:rev-parse","start_ns":1789219426809402000,"ns":7987417}
PERF {"pid":77016,"phase":"git:rev-parse","start_ns":1789219426817430000,"ns":7989500}
PERF {"pid":77016,"phase":"git:rev-parse","start_ns":1789219426825485000,"ns":8439375}
PERF {"pid":77016,"phase":"git:rev-parse","start_ns":1789219426833962000,"ns":7731958}
PERF {"pid":77016,"phase":"git:rev-parse","start_ns":1789219426841759000,"ns":8085875}
PERF {"pid":77016,"phase":"git:rev-parse","start_ns":1789219426849913000,"ns":7781625}
PERF {"pid":77016,"phase":"git:rev-parse","start_ns":1789219426857734000,"ns":8566375}
PERF {"pid":77016,"phase":"git:rev-parse","start_ns":1789219426866345000,"ns":7711166}
PERF {"pid":77016,"phase":"git:rev-parse","start_ns":1789219426874102000,"ns":6522792}
PERF {"pid":77016,"phase":"git:rev-parse","start_ns":1789219426880680000,"ns":7423250}
PERF {"pid":77016,"phase":"git:rev-parse","start_ns":1789219426888160000,"ns":7354584}
PERF {"pid":77016,"phase":"git:rev-parse","start_ns":1789219426895578000,"ns":7734667}
PERF {"pid":77016,"phase":"git:rev-parse","start_ns":1789219426903394000,"ns":7448709}
PERF {"pid":77016,"phase":"git:rev-parse","start_ns":1789219426910914000,"ns":7280791}
PERF {"pid":77016,"phase":"git:rev-parse","start_ns":1789219426918242000,"ns":7158333}
PERF {"pid":77016,"phase":"git:rev-parse","start_ns":1789219426925478000,"ns":7004542}
PERF {"pid":77016,"phase":"git:rev-parse","start_ns":1789219426932541000,"ns":6965500}
PERF {"pid":77016,"phase":"git:rev-parse","start_ns":1789219426939590000,"ns":7387583}
PERF {"pid":77016,"phase":"git:rev-parse","start_ns":1789219426947038000,"ns":7990333}
PERF {"pid":77016,"phase":"git:rev-parse","start_ns":1789219426955109000,"ns":7453125}
PERF {"pid":77016,"phase":"git:rev-parse","start_ns":1789219426962624000,"ns":7477959}
PERF {"pid":77016,"phase":"git:rev-parse","start_ns":1789219426970168000,"ns":7478958}
PERF {"pid":77016,"phase":"git:rev-parse","start_ns":1789219426977709000,"ns":6917125}
PERF {"pid":77016,"phase":"git:rev-parse","start_ns":1789219426984702000,"ns":7264791}
PERF {"pid":77016,"phase":"git:rev-parse","start_ns":1789219426992044000,"ns":7183750}
PERF {"pid":77016,"phase":"git:rev-parse","start_ns":1789219426999305000,"ns":7208958}
PERF {"pid":77016,"phase":"git:rev-parse","start_ns":1789219427006580000,"ns":7598875}
PERF {"pid":77016,"phase":"git:rev-parse","start_ns":1789219427014221000,"ns":7969167}
PERF {"pid":77016,"phase":"git:rev-parse","start_ns":1789219427022220000,"ns":8350666}
PERF {"pid":77016,"phase":"git:rev-parse","start_ns":1789219427030628000,"ns":7741708}
PERF {"pid":77016,"phase":"git:rev-parse","start_ns":1789219427038435000,"ns":7293500}
PERF {"pid":77016,"phase":"git:rev-parse","start_ns":1789219427045764000,"ns":7433459}
PERF {"pid":77016,"phase":"git:rev-parse","start_ns":1789219427053283000,"ns":7164166}
PERF {"pid":77016,"phase":"git:rev-parse","start_ns":1789219427060613000,"ns":7479541}
PERF {"pid":77016,"phase":"git:rev-parse","start_ns":1789219427068153000,"ns":6894042}
PERF {"pid":77016,"phase":"git:rev-parse","start_ns":1789219427075113000,"ns":8342208}
PERF {"pid":77016,"phase":"git:rev-parse","start_ns":1789219427083496000,"ns":7845667}
PERF {"pid":77016,"phase":"git:rev-parse","start_ns":1789219427091381000,"ns":7838792}
PERF {"pid":77016,"phase":"git:rev-parse","start_ns":1789219427099257000,"ns":7181125}
PERF {"pid":77016,"phase":"git:for-each-ref","start_ns":1789219427106514000,"ns":44230875}
PERF {"pid":77016,"phase":"pins","start_ns":1789219419371211000,"ns":7780399583}
PERF {"pid":77016,"phase":"lock-held","start_ns":1789219419300830000,"ns":7850859291}
PERF {"pid":77016,"phase":"lock-wait","start_ns":1789219427151861000,"ns":63125}
PERF {"pid":77016,"phase":"git:for-each-ref","start_ns":1789219427151931000,"ns":8219167}
PERF {"pid":77016,"phase":"git:cat-file","start_ns":1789219427160229000,"ns":7328000}
PERF {"pid":77016,"phase":"git:ls-tree","start_ns":1789219427167616000,"ns":8187417}
PERF {"pid":77016,"phase":"git:cat-file","start_ns":1789219427175862000,"ns":12416375}
PERF {"pid":77016,"phase":"read","start_ns":1789219427151930000,"ns":52552584}
PERF {"pid":77016,"phase":"encode-before","start_ns":1789219427204524000,"ns":9783542}
PERF {"pid":77016,"phase":"encode-after","start_ns":1789219427214415000,"ns":7855541}
PERF {"pid":77016,"phase":"git:cat-file","start_ns":1789219427224348000,"ns":11189166}
PERF {"pid":77016,"phase":"git:rev-parse","start_ns":1789219427235818000,"ns":7179500}
PERF {"pid":77016,"phase":"git:rev-parse","start_ns":1789219427243128000,"ns":7714959}
PERF {"pid":77016,"phase":"git:rev-parse","start_ns":1789219427250918000,"ns":6926000}
PERF {"pid":77016,"phase":"git:rev-parse","start_ns":1789219427257930000,"ns":7439875}
PERF {"pid":77016,"phase":"git:rev-parse","start_ns":1789219427265430000,"ns":7311083}
PERF {"pid":77016,"phase":"git:rev-parse","start_ns":1789219427272799000,"ns":7911000}
PERF {"pid":77016,"phase":"git:rev-parse","start_ns":1789219427280743000,"ns":7431083}
PERF {"pid":77016,"phase":"git:rev-parse","start_ns":1789219427288220000,"ns":7522375}
PERF {"pid":77016,"phase":"git:rev-parse","start_ns":1789219427295828000,"ns":6604000}
PERF {"pid":77016,"phase":"git:rev-parse","start_ns":1789219427302565000,"ns":8012750}
PERF {"pid":77016,"phase":"git:rev-parse","start_ns":1789219427310616000,"ns":7551125}
PERF {"pid":77016,"phase":"git:rev-parse","start_ns":1789219427318201000,"ns":8048458}
PERF {"pid":77016,"phase":"git:rev-parse","start_ns":1789219427326332000,"ns":7804708}
PERF {"pid":77016,"phase":"git:rev-parse","start_ns":1789219427334167000,"ns":7602459}
PERF {"pid":77016,"phase":"git:rev-parse","start_ns":1789219427341801000,"ns":7450708}
PERF {"pid":77016,"phase":"git:rev-parse","start_ns":1789219427349285000,"ns":7402458}
PERF {"pid":77016,"phase":"git:rev-parse","start_ns":1789219427356725000,"ns":8219000}
PERF {"pid":77016,"phase":"git:rev-parse","start_ns":1789219427365035000,"ns":7842209}
PERF {"pid":77016,"phase":"git:rev-parse","start_ns":1789219427372965000,"ns":6629625}
PERF {"pid":77016,"phase":"git:rev-parse","start_ns":1789219427379630000,"ns":6786625}
PERF {"pid":77016,"phase":"git:rev-parse","start_ns":1789219427386478000,"ns":7394375}
PERF {"pid":77016,"phase":"git:rev-parse","start_ns":1789219427393906000,"ns":8322292}
PERF {"pid":77016,"phase":"git:rev-parse","start_ns":1789219427402265000,"ns":8311584}
PERF {"pid":77016,"phase":"git:rev-parse","start_ns":1789219427410610000,"ns":7719666}
PERF {"pid":77016,"phase":"git:rev-parse","start_ns":1789219427418360000,"ns":7728459}
PERF {"pid":77016,"phase":"git:rev-parse","start_ns":1789219427426119000,"ns":8280459}
PERF {"pid":77016,"phase":"git:rev-parse","start_ns":1789219427434429000,"ns":7837334}
PERF {"pid":77016,"phase":"git:rev-parse","start_ns":1789219427442295000,"ns":7613000}
PERF {"pid":77016,"phase":"git:rev-parse","start_ns":1789219427449946000,"ns":7930125}
PERF {"pid":77016,"phase":"git:rev-parse","start_ns":1789219427457906000,"ns":7446000}
PERF {"pid":77016,"phase":"git:rev-parse","start_ns":1789219427465414000,"ns":7879416}
PERF {"pid":77016,"phase":"git:rev-parse","start_ns":1789219427473364000,"ns":6879083}
PERF {"pid":77016,"phase":"git:rev-parse","start_ns":1789219427480323000,"ns":7245750}
PERF {"pid":77016,"phase":"git:rev-parse","start_ns":1789219427487618000,"ns":7624458}
PERF {"pid":77016,"phase":"git:rev-parse","start_ns":1789219427495320000,"ns":8104125}
PERF {"pid":77016,"phase":"git:rev-parse","start_ns":1789219427503485000,"ns":7794000}
PERF {"pid":77016,"phase":"git:rev-parse","start_ns":1789219427511400000,"ns":7842250}
PERF {"pid":77016,"phase":"git:rev-parse","start_ns":1789219427519310000,"ns":7834708}
PERF {"pid":77016,"phase":"git:rev-parse","start_ns":1789219427527189000,"ns":7555334}
PERF {"pid":77016,"phase":"git:rev-parse","start_ns":1789219427534774000,"ns":7962459}
PERF {"pid":77016,"phase":"git:rev-parse","start_ns":1789219427542776000,"ns":7604958}
PERF {"pid":77016,"phase":"git:rev-parse","start_ns":1789219427550421000,"ns":8269416}
PERF {"pid":77016,"phase":"git:rev-parse","start_ns":1789219427558723000,"ns":7887167}
PERF {"pid":77016,"phase":"git:rev-parse","start_ns":1789219427566724000,"ns":8416208}
PERF {"pid":77016,"phase":"git:rev-parse","start_ns":1789219427575202000,"ns":7636333}
PERF {"pid":77016,"phase":"git:rev-parse","start_ns":1789219427582879000,"ns":8092166}
PERF {"pid":77016,"phase":"git:rev-parse","start_ns":1789219427591051000,"ns":7415459}
PERF {"pid":77016,"phase":"git:rev-parse","start_ns":1789219427598562000,"ns":7457542}
PERF {"pid":77016,"phase":"git:rev-parse","start_ns":1789219427606126000,"ns":7488708}
PERF {"pid":77016,"phase":"git:rev-parse","start_ns":1789219427613676000,"ns":7924750}
PERF {"pid":77016,"phase":"git:rev-parse","start_ns":1789219427621663000,"ns":7348417}
PERF {"pid":77016,"phase":"git:rev-parse","start_ns":1789219427629037000,"ns":8229167}
PERF {"pid":77016,"phase":"git:rev-parse","start_ns":1789219427637339000,"ns":8054792}
PERF {"pid":77016,"phase":"git:rev-parse","start_ns":1789219427645433000,"ns":8503125}
PERF {"pid":77016,"phase":"git:rev-parse","start_ns":1789219427654030000,"ns":7487417}
PERF {"pid":77016,"phase":"git:rev-parse","start_ns":1789219427661758000,"ns":7435042}
PERF {"pid":77016,"phase":"git:rev-parse","start_ns":1789219427669298000,"ns":8243959}
PERF {"pid":77016,"phase":"git:rev-parse","start_ns":1789219427677576000,"ns":7854417}
PERF {"pid":77016,"phase":"git:rev-parse","start_ns":1789219427685490000,"ns":8388292}
PERF {"pid":77016,"phase":"git:rev-parse","start_ns":1789219427693918000,"ns":8975667}
PERF {"pid":77016,"phase":"git:rev-parse","start_ns":1789219427702948000,"ns":8102292}
PERF {"pid":77016,"phase":"git:rev-parse","start_ns":1789219427711105000,"ns":7973084}
PERF {"pid":77016,"phase":"git:rev-parse","start_ns":1789219427719134000,"ns":8042000}
PERF {"pid":77016,"phase":"git:rev-parse","start_ns":1789219427727207000,"ns":8186125}
PERF {"pid":77016,"phase":"git:rev-parse","start_ns":1789219427735452000,"ns":7738792}
PERF {"pid":77016,"phase":"git:rev-parse","start_ns":1789219427743254000,"ns":7849333}
PERF {"pid":77016,"phase":"git:rev-parse","start_ns":1789219427751164000,"ns":8227083}
PERF {"pid":77016,"phase":"git:rev-parse","start_ns":1789219427759427000,"ns":8262375}
PERF {"pid":77016,"phase":"git:rev-parse","start_ns":1789219427767745000,"ns":8217958}
PERF {"pid":77016,"phase":"git:rev-parse","start_ns":1789219427776022000,"ns":7804416}
PERF {"pid":77016,"phase":"git:rev-parse","start_ns":1789219427783889000,"ns":8178708}
PERF {"pid":77016,"phase":"git:rev-parse","start_ns":1789219427792123000,"ns":7829417}
PERF {"pid":77016,"phase":"git:rev-parse","start_ns":1789219427799997000,"ns":8501000}
PERF {"pid":77016,"phase":"git:rev-parse","start_ns":1789219427808540000,"ns":7712834}
PERF {"pid":77016,"phase":"git:rev-parse","start_ns":1789219427816298000,"ns":7658417}
PERF {"pid":77016,"phase":"git:rev-parse","start_ns":1789219427823994000,"ns":7962625}
PERF {"pid":77016,"phase":"git:rev-parse","start_ns":1789219427832009000,"ns":8444458}
PERF {"pid":77016,"phase":"git:rev-parse","start_ns":1789219427840506000,"ns":8239458}
PERF {"pid":77016,"phase":"git:rev-parse","start_ns":1789219427848812000,"ns":7432667}
PERF {"pid":77016,"phase":"git:rev-parse","start_ns":1789219427856304000,"ns":7575250}
PERF {"pid":77016,"phase":"git:rev-parse","start_ns":1789219427863974000,"ns":8000042}
PERF {"pid":77016,"phase":"git:rev-parse","start_ns":1789219427872051000,"ns":8229333}
PERF {"pid":77016,"phase":"git:rev-parse","start_ns":1789219427880323000,"ns":6838833}
PERF {"pid":77016,"phase":"git:rev-parse","start_ns":1789219427887214000,"ns":7428000}
PERF {"pid":77016,"phase":"git:rev-parse","start_ns":1789219427894740000,"ns":7533166}
PERF {"pid":77016,"phase":"git:rev-parse","start_ns":1789219427902328000,"ns":8219625}
PERF {"pid":77016,"phase":"git:rev-parse","start_ns":1789219427910605000,"ns":8809375}
PERF {"pid":77016,"phase":"git:rev-parse","start_ns":1789219427919470000,"ns":8255792}
PERF {"pid":77016,"phase":"git:rev-parse","start_ns":1789219427927783000,"ns":8314750}
PERF {"pid":77016,"phase":"git:rev-parse","start_ns":1789219427936166000,"ns":8044292}
PERF {"pid":77016,"phase":"git:rev-parse","start_ns":1789219427944245000,"ns":7910417}
PERF {"pid":77016,"phase":"git:rev-parse","start_ns":1789219427952218000,"ns":8391042}
PERF {"pid":77016,"phase":"git:rev-parse","start_ns":1789219427960645000,"ns":7801417}
PERF {"pid":77016,"phase":"git:rev-parse","start_ns":1789219427968507000,"ns":8224333}
PERF {"pid":77016,"phase":"git:rev-parse","start_ns":1789219427976804000,"ns":7839833}
PERF {"pid":77016,"phase":"git:rev-parse","start_ns":1789219427984716000,"ns":7730583}
PERF {"pid":77016,"phase":"git:rev-parse","start_ns":1789219427992481000,"ns":7701042}
PERF {"pid":77016,"phase":"git:rev-parse","start_ns":1789219428000234000,"ns":7692542}
PERF {"pid":77016,"phase":"git:rev-parse","start_ns":1789219428008000000,"ns":7966958}
PERF {"pid":77016,"phase":"git:rev-parse","start_ns":1789219428016070000,"ns":7911375}
PERF {"pid":77016,"phase":"git:rev-parse","start_ns":1789219428024029000,"ns":8441416}
PERF {"pid":77016,"phase":"git:rev-parse","start_ns":1789219428032511000,"ns":7485792}
PERF {"pid":77016,"phase":"git:rev-parse","start_ns":1789219428040081000,"ns":8006459}
PERF {"pid":77016,"phase":"git:rev-parse","start_ns":1789219428048179000,"ns":7353958}
PERF {"pid":77016,"phase":"git:rev-parse","start_ns":1789219428055648000,"ns":7604458}
PERF {"pid":77016,"phase":"git:rev-parse","start_ns":1789219428063361000,"ns":7187708}
PERF {"pid":77016,"phase":"git:rev-parse","start_ns":1789219428070645000,"ns":6613417}
PERF {"pid":77016,"phase":"git:rev-parse","start_ns":1789219428077292000,"ns":7710125}
PERF {"pid":77016,"phase":"git:rev-parse","start_ns":1789219428085037000,"ns":7080500}
PERF {"pid":77016,"phase":"git:rev-parse","start_ns":1789219428092151000,"ns":7759917}
PERF {"pid":77016,"phase":"git:rev-parse","start_ns":1789219428099950000,"ns":7393250}
PERF {"pid":77016,"phase":"git:rev-parse","start_ns":1789219428107394000,"ns":6071875}
PERF {"pid":77016,"phase":"git:rev-parse","start_ns":1789219428113495000,"ns":7075292}
PERF {"pid":77016,"phase":"git:rev-parse","start_ns":1789219428120605000,"ns":7454667}
PERF {"pid":77016,"phase":"git:rev-parse","start_ns":1789219428128089000,"ns":7045166}
PERF {"pid":77016,"phase":"git:rev-parse","start_ns":1789219428135176000,"ns":6727709}
PERF {"pid":77016,"phase":"git:rev-parse","start_ns":1789219428141965000,"ns":8081584}
PERF {"pid":77016,"phase":"git:rev-parse","start_ns":1789219428150169000,"ns":6984666}
PERF {"pid":77016,"phase":"git:rev-parse","start_ns":1789219428157216000,"ns":7407834}
PERF {"pid":77016,"phase":"git:rev-parse","start_ns":1789219428164680000,"ns":7406458}
PERF {"pid":77016,"phase":"git:rev-parse","start_ns":1789219428172148000,"ns":7643000}
PERF {"pid":77016,"phase":"git:rev-parse","start_ns":1789219428179861000,"ns":8279125}
PERF {"pid":77016,"phase":"git:rev-parse","start_ns":1789219428188194000,"ns":7600417}
PERF {"pid":77016,"phase":"git:rev-parse","start_ns":1789219428195836000,"ns":7446167}
PERF {"pid":77016,"phase":"git:rev-parse","start_ns":1789219428203323000,"ns":7170125}
PERF {"pid":77016,"phase":"git:rev-parse","start_ns":1789219428210541000,"ns":7643750}
PERF {"pid":77016,"phase":"git:rev-parse","start_ns":1789219428218241000,"ns":6578292}
PERF {"pid":77016,"phase":"git:rev-parse","start_ns":1789219428224915000,"ns":8262042}
PERF {"pid":77016,"phase":"git:rev-parse","start_ns":1789219428233273000,"ns":9322500}
PERF {"pid":77016,"phase":"git:rev-parse","start_ns":1789219428242630000,"ns":8158208}
PERF {"pid":77016,"phase":"git:rev-parse","start_ns":1789219428250832000,"ns":7121250}
PERF {"pid":77016,"phase":"git:rev-parse","start_ns":1789219428258060000,"ns":7615625}
PERF {"pid":77016,"phase":"git:rev-parse","start_ns":1789219428265722000,"ns":7425500}
PERF {"pid":77016,"phase":"git:rev-parse","start_ns":1789219428273208000,"ns":7498791}
PERF {"pid":77016,"phase":"git:rev-parse","start_ns":1789219428280758000,"ns":7376209}
PERF {"pid":77016,"phase":"git:rev-parse","start_ns":1789219428288193000,"ns":7330667}
PERF {"pid":77016,"phase":"git:rev-parse","start_ns":1789219428295569000,"ns":8087167}
PERF {"pid":77016,"phase":"git:rev-parse","start_ns":1789219428303715000,"ns":7940250}
PERF {"pid":77016,"phase":"git:rev-parse","start_ns":1789219428311732000,"ns":7374084}
PERF {"pid":77016,"phase":"git:rev-parse","start_ns":1789219428319163000,"ns":6718000}
PERF {"pid":77016,"phase":"git:rev-parse","start_ns":1789219428325942000,"ns":7235750}
PERF {"pid":77016,"phase":"git:rev-parse","start_ns":1789219428333282000,"ns":7529875}
PERF {"pid":77016,"phase":"git:rev-parse","start_ns":1789219428340845000,"ns":7509333}
PERF {"pid":77016,"phase":"git:rev-parse","start_ns":1789219428348394000,"ns":7200458}
PERF {"pid":77016,"phase":"git:rev-parse","start_ns":1789219428355671000,"ns":6744333}
PERF {"pid":77016,"phase":"git:rev-parse","start_ns":1789219428362475000,"ns":7386458}
PERF {"pid":77016,"phase":"git:rev-parse","start_ns":1789219428369903000,"ns":7434458}
PERF {"pid":77016,"phase":"git:rev-parse","start_ns":1789219428377371000,"ns":7975084}
PERF {"pid":77016,"phase":"git:rev-parse","start_ns":1789219428385379000,"ns":7451083}
PERF {"pid":77016,"phase":"git:rev-parse","start_ns":1789219428392865000,"ns":7770500}
PERF {"pid":77016,"phase":"git:rev-parse","start_ns":1789219428400690000,"ns":7681709}
PERF {"pid":77016,"phase":"git:rev-parse","start_ns":1789219428408443000,"ns":7463750}
PERF {"pid":77016,"phase":"git:rev-parse","start_ns":1789219428415973000,"ns":7322625}
PERF {"pid":77016,"phase":"git:rev-parse","start_ns":1789219428423372000,"ns":6923125}
PERF {"pid":77016,"phase":"git:rev-parse","start_ns":1789219428430347000,"ns":6833625}
PERF {"pid":77016,"phase":"git:rev-parse","start_ns":1789219428437213000,"ns":6804500}
PERF {"pid":77016,"phase":"git:rev-parse","start_ns":1789219428444047000,"ns":7448125}
PERF {"pid":77016,"phase":"git:rev-parse","start_ns":1789219428451559000,"ns":7630166}
PERF {"pid":77016,"phase":"git:rev-parse","start_ns":1789219428459222000,"ns":7591375}
PERF {"pid":77016,"phase":"git:rev-parse","start_ns":1789219428466847000,"ns":7632917}
PERF {"pid":77016,"phase":"git:rev-parse","start_ns":1789219428474606000,"ns":7861084}
PERF {"pid":77016,"phase":"git:rev-parse","start_ns":1789219428482511000,"ns":6607250}
PERF {"pid":77016,"phase":"git:rev-parse","start_ns":1789219428489167000,"ns":7583709}
PERF {"pid":77016,"phase":"git:rev-parse","start_ns":1789219428496876000,"ns":6821125}
PERF {"pid":77016,"phase":"git:rev-parse","start_ns":1789219428503825000,"ns":8421708}
PERF {"pid":77016,"phase":"git:rev-parse","start_ns":1789219428515336000,"ns":7108333}
PERF {"pid":77016,"phase":"git:rev-parse","start_ns":1789219428522519000,"ns":7329291}
PERF {"pid":77016,"phase":"git:rev-parse","start_ns":1789219428529950000,"ns":6690917}
PERF {"pid":77016,"phase":"git:rev-parse","start_ns":1789219428536717000,"ns":7116541}
PERF {"pid":77016,"phase":"git:rev-parse","start_ns":1789219428543872000,"ns":7637583}
PERF {"pid":77016,"phase":"git:rev-parse","start_ns":1789219428551563000,"ns":7529417}
PERF {"pid":77016,"phase":"git:rev-parse","start_ns":1789219428559162000,"ns":7664042}
PERF {"pid":77016,"phase":"git:rev-parse","start_ns":1789219428566972000,"ns":7827333}
PERF {"pid":77016,"phase":"git:rev-parse","start_ns":1789219428574865000,"ns":8227625}
PERF {"pid":77016,"phase":"git:rev-parse","start_ns":1789219428583154000,"ns":7565708}
PERF {"pid":77016,"phase":"git:rev-parse","start_ns":1789219428590768000,"ns":8279959}
PERF {"pid":77016,"phase":"git:rev-parse","start_ns":1789219428599111000,"ns":8626500}
PERF {"pid":77016,"phase":"git:rev-parse","start_ns":1789219428607859000,"ns":8079208}
PERF {"pid":77016,"phase":"git:rev-parse","start_ns":1789219428616051000,"ns":8269375}
PERF {"pid":77016,"phase":"git:rev-parse","start_ns":1789219428624393000,"ns":7562333}
PERF {"pid":77016,"phase":"git:rev-parse","start_ns":1789219428632052000,"ns":7708125}
PERF {"pid":77016,"phase":"git:rev-parse","start_ns":1789219428639819000,"ns":7507000}
PERF {"pid":77016,"phase":"git:rev-parse","start_ns":1789219428647362000,"ns":7191792}
PERF {"pid":77016,"phase":"git:rev-parse","start_ns":1789219428654612000,"ns":7133375}
PERF {"pid":77016,"phase":"git:rev-parse","start_ns":1789219428661842000,"ns":7567625}
PERF {"pid":77016,"phase":"git:rev-parse","start_ns":1789219428669470000,"ns":7408208}
PERF {"pid":77016,"phase":"git:rev-parse","start_ns":1789219428676932000,"ns":7647000}
PERF {"pid":77016,"phase":"git:rev-parse","start_ns":1789219428684716000,"ns":8375375}
PERF {"pid":77016,"phase":"git:rev-parse","start_ns":1789219428693134000,"ns":7702917}
PERF {"pid":77016,"phase":"git:rev-parse","start_ns":1789219428700882000,"ns":8130833}
PERF {"pid":77016,"phase":"git:rev-parse","start_ns":1789219428709071000,"ns":7206667}
PERF {"pid":77016,"phase":"git:rev-parse","start_ns":1789219428716355000,"ns":7523250}
PERF {"pid":77016,"phase":"git:rev-parse","start_ns":1789219428723946000,"ns":7416583}
PERF {"pid":77016,"phase":"git:rev-parse","start_ns":1789219428731448000,"ns":7897917}
PERF {"pid":77016,"phase":"git:rev-parse","start_ns":1789219428739422000,"ns":7875834}
PERF {"pid":77016,"phase":"git:rev-parse","start_ns":1789219428747375000,"ns":7408959}
PERF {"pid":77016,"phase":"git:rev-parse","start_ns":1789219428754850000,"ns":7041584}
PERF {"pid":77016,"phase":"git:rev-parse","start_ns":1789219428761934000,"ns":6941667}
PERF {"pid":77016,"phase":"git:rev-parse","start_ns":1789219428768914000,"ns":7343958}
PERF {"pid":77016,"phase":"git:rev-parse","start_ns":1789219428776300000,"ns":7160416}
PERF {"pid":77016,"phase":"git:rev-parse","start_ns":1789219428783564000,"ns":7430042}
PERF {"pid":77016,"phase":"git:rev-parse","start_ns":1789219428791061000,"ns":6958709}
PERF {"pid":77016,"phase":"git:rev-parse","start_ns":1789219428798079000,"ns":7495375}
PERF {"pid":77016,"phase":"git:rev-parse","start_ns":1789219428805608000,"ns":7842583}
PERF {"pid":77016,"phase":"git:rev-parse","start_ns":1789219428813518000,"ns":7401208}
PERF {"pid":77016,"phase":"git:rev-parse","start_ns":1789219428820981000,"ns":7412708}
PERF {"pid":77016,"phase":"git:rev-parse","start_ns":1789219428828434000,"ns":7465791}
PERF {"pid":77016,"phase":"git:rev-parse","start_ns":1789219428836072000,"ns":7105000}
PERF {"pid":77016,"phase":"git:rev-parse","start_ns":1789219428843247000,"ns":7666208}
PERF {"pid":77016,"phase":"git:rev-parse","start_ns":1789219428851008000,"ns":6910500}
PERF {"pid":77016,"phase":"git:rev-parse","start_ns":1789219428857966000,"ns":6746209}
PERF {"pid":77016,"phase":"git:rev-parse","start_ns":1789219428864754000,"ns":8222917}
PERF {"pid":77016,"phase":"git:rev-parse","start_ns":1789219428873020000,"ns":7691875}
PERF {"pid":77016,"phase":"git:rev-parse","start_ns":1789219428880779000,"ns":7825000}
PERF {"pid":77016,"phase":"git:rev-parse","start_ns":1789219428888644000,"ns":8012416}
PERF {"pid":77016,"phase":"git:rev-parse","start_ns":1789219428896705000,"ns":8356250}
PERF {"pid":77016,"phase":"git:rev-parse","start_ns":1789219428905130000,"ns":7867000}
PERF {"pid":77016,"phase":"git:rev-parse","start_ns":1789219428913062000,"ns":7959291}
PERF {"pid":77016,"phase":"git:rev-parse","start_ns":1789219428921083000,"ns":7494833}
PERF {"pid":77016,"phase":"git:rev-parse","start_ns":1789219428928618000,"ns":7801208}
PERF {"pid":77016,"phase":"git:rev-parse","start_ns":1789219428936491000,"ns":8362334}
PERF {"pid":77016,"phase":"git:rev-parse","start_ns":1789219428944929000,"ns":6423833}
PERF {"pid":77016,"phase":"git:rev-parse","start_ns":1789219428951424000,"ns":7391084}
PERF {"pid":77016,"phase":"git:rev-parse","start_ns":1789219428958858000,"ns":7557792}
PERF {"pid":77016,"phase":"git:rev-parse","start_ns":1789219428966473000,"ns":7744708}
PERF {"pid":77016,"phase":"git:rev-parse","start_ns":1789219428974294000,"ns":8180708}
PERF {"pid":77016,"phase":"git:rev-parse","start_ns":1789219428982533000,"ns":7313958}
PERF {"pid":77016,"phase":"git:rev-parse","start_ns":1789219428989935000,"ns":6799291}
PERF {"pid":77016,"phase":"git:rev-parse","start_ns":1789219428996822000,"ns":6642375}
PERF {"pid":77016,"phase":"git:rev-parse","start_ns":1789219429003525000,"ns":7216916}
PERF {"pid":77016,"phase":"git:rev-parse","start_ns":1789219429010778000,"ns":7737625}
PERF {"pid":77016,"phase":"git:rev-parse","start_ns":1789219429018579000,"ns":7583375}
PERF {"pid":77016,"phase":"git:rev-parse","start_ns":1789219429026204000,"ns":8123750}
PERF {"pid":77016,"phase":"git:rev-parse","start_ns":1789219429034365000,"ns":7315041}
PERF {"pid":77016,"phase":"git:rev-parse","start_ns":1789219429041741000,"ns":7195958}
PERF {"pid":77016,"phase":"git:rev-parse","start_ns":1789219429049069000,"ns":7850291}
PERF {"pid":77016,"phase":"git:rev-parse","start_ns":1789219429056996000,"ns":6231875}
PERF {"pid":77016,"phase":"git:rev-parse","start_ns":1789219429063278000,"ns":7242583}
PERF {"pid":77016,"phase":"git:rev-parse","start_ns":1789219429070609000,"ns":7095417}
PERF {"pid":77016,"phase":"git:rev-parse","start_ns":1789219429077743000,"ns":7825042}
PERF {"pid":77016,"phase":"git:rev-parse","start_ns":1789219429085607000,"ns":7529292}
PERF {"pid":77016,"phase":"git:rev-parse","start_ns":1789219429093196000,"ns":7825250}
PERF {"pid":77016,"phase":"git:rev-parse","start_ns":1789219429101077000,"ns":7374958}
PERF {"pid":77016,"phase":"git:rev-parse","start_ns":1789219429108487000,"ns":7329208}
PERF {"pid":77016,"phase":"git:rev-parse","start_ns":1789219429115858000,"ns":7667541}
PERF {"pid":77016,"phase":"git:rev-parse","start_ns":1789219429123569000,"ns":7215291}
PERF {"pid":77016,"phase":"git:rev-parse","start_ns":1789219429130833000,"ns":6946333}
PERF {"pid":77016,"phase":"git:rev-parse","start_ns":1789219429137825000,"ns":6785834}
PERF {"pid":77016,"phase":"git:rev-parse","start_ns":1789219429144643000,"ns":7752208}
PERF {"pid":77016,"phase":"git:rev-parse","start_ns":1789219429152431000,"ns":7183750}
PERF {"pid":77016,"phase":"git:rev-parse","start_ns":1789219429159649000,"ns":7558708}
PERF {"pid":77016,"phase":"git:rev-parse","start_ns":1789219429167247000,"ns":7696583}
PERF {"pid":77016,"phase":"git:rev-parse","start_ns":1789219429174978000,"ns":7413500}
PERF {"pid":77016,"phase":"git:rev-parse","start_ns":1789219429182448000,"ns":7392333}
PERF {"pid":77016,"phase":"git:rev-parse","start_ns":1789219429189900000,"ns":6895667}
PERF {"pid":77016,"phase":"git:rev-parse","start_ns":1789219429196850000,"ns":6528791}
PERF {"pid":77016,"phase":"git:rev-parse","start_ns":1789219429203416000,"ns":7349375}
PERF {"pid":77016,"phase":"git:rev-parse","start_ns":1789219429210835000,"ns":7436208}
PERF {"pid":77016,"phase":"git:rev-parse","start_ns":1789219429218303000,"ns":7585959}
PERF {"pid":77016,"phase":"git:rev-parse","start_ns":1789219429225926000,"ns":7855000}
PERF {"pid":77016,"phase":"git:rev-parse","start_ns":1789219429233841000,"ns":7054750}
PERF {"pid":77016,"phase":"git:rev-parse","start_ns":1789219429240991000,"ns":7005416}
PERF {"pid":77016,"phase":"git:rev-parse","start_ns":1789219429248063000,"ns":9681000}
PERF {"pid":77016,"phase":"git:rev-parse","start_ns":1789219429257798000,"ns":8224000}
PERF {"pid":77016,"phase":"git:rev-parse","start_ns":1789219429266084000,"ns":8962792}
PERF {"pid":77016,"phase":"git:rev-parse","start_ns":1789219429275082000,"ns":8626167}
PERF {"pid":77016,"phase":"git:rev-parse","start_ns":1789219429283774000,"ns":7982791}
PERF {"pid":77016,"phase":"git:rev-parse","start_ns":1789219429291802000,"ns":7220625}
PERF {"pid":77016,"phase":"git:rev-parse","start_ns":1789219429299102000,"ns":6955875}
PERF {"pid":77016,"phase":"git:rev-parse","start_ns":1789219429306138000,"ns":6929458}
PERF {"pid":77016,"phase":"git:rev-parse","start_ns":1789219429313111000,"ns":7663250}
PERF {"pid":77016,"phase":"git:rev-parse","start_ns":1789219429320854000,"ns":7303084}
PERF {"pid":77016,"phase":"git:rev-parse","start_ns":1789219429328222000,"ns":7289000}
PERF {"pid":77016,"phase":"git:rev-parse","start_ns":1789219429335552000,"ns":7481125}
PERF {"pid":77016,"phase":"git:rev-parse","start_ns":1789219429343076000,"ns":7657666}
PERF {"pid":77016,"phase":"git:rev-parse","start_ns":1789219429350820000,"ns":7738500}
PERF {"pid":77016,"phase":"git:rev-parse","start_ns":1789219429358632000,"ns":7663875}
PERF {"pid":77016,"phase":"git:rev-parse","start_ns":1789219429366329000,"ns":7416834}
PERF {"pid":77016,"phase":"git:rev-parse","start_ns":1789219429373820000,"ns":7787666}
PERF {"pid":77016,"phase":"git:rev-parse","start_ns":1789219429381652000,"ns":8863709}
PERF {"pid":77016,"phase":"git:rev-parse","start_ns":1789219429390568000,"ns":7019000}
PERF {"pid":77016,"phase":"git:rev-parse","start_ns":1789219429397634000,"ns":7528708}
PERF {"pid":77016,"phase":"git:rev-parse","start_ns":1789219429405225000,"ns":7167375}
PERF {"pid":77016,"phase":"git:rev-parse","start_ns":1789219429412465000,"ns":7736917}
PERF {"pid":77016,"phase":"git:rev-parse","start_ns":1789219429420257000,"ns":7135000}
PERF {"pid":77016,"phase":"git:rev-parse","start_ns":1789219429427457000,"ns":7805417}
PERF {"pid":77016,"phase":"git:rev-parse","start_ns":1789219429435327000,"ns":7690625}
PERF {"pid":77016,"phase":"git:rev-parse","start_ns":1789219429443055000,"ns":7684959}
PERF {"pid":77016,"phase":"git:rev-parse","start_ns":1789219429450804000,"ns":7931833}
PERF {"pid":77016,"phase":"git:rev-parse","start_ns":1789219429458791000,"ns":7869708}
PERF {"pid":77016,"phase":"git:rev-parse","start_ns":1789219429466737000,"ns":7865667}
PERF {"pid":77016,"phase":"git:rev-parse","start_ns":1789219429474701000,"ns":9096333}
PERF {"pid":77016,"phase":"git:rev-parse","start_ns":1789219429483877000,"ns":8107708}
PERF {"pid":77016,"phase":"git:rev-parse","start_ns":1789219429492079000,"ns":7551042}
PERF {"pid":77016,"phase":"git:rev-parse","start_ns":1789219429499676000,"ns":8040583}
PERF {"pid":77016,"phase":"git:rev-parse","start_ns":1789219429507765000,"ns":7895000}
PERF {"pid":77016,"phase":"git:rev-parse","start_ns":1789219429515725000,"ns":7956708}
PERF {"pid":77016,"phase":"git:rev-parse","start_ns":1789219429523757000,"ns":7767958}
PERF {"pid":77016,"phase":"git:rev-parse","start_ns":1789219429531619000,"ns":7823875}
PERF {"pid":77016,"phase":"git:rev-parse","start_ns":1789219429539491000,"ns":7128333}
PERF {"pid":77016,"phase":"git:rev-parse","start_ns":1789219429546718000,"ns":7646125}
PERF {"pid":77016,"phase":"git:rev-parse","start_ns":1789219429554442000,"ns":7834709}
PERF {"pid":77016,"phase":"git:rev-parse","start_ns":1789219429562357000,"ns":7530208}
PERF {"pid":77016,"phase":"git:rev-parse","start_ns":1789219429569937000,"ns":7094000}
PERF {"pid":77016,"phase":"git:rev-parse","start_ns":1789219429577129000,"ns":7916583}
PERF {"pid":77016,"phase":"git:rev-parse","start_ns":1789219429585086000,"ns":7702875}
PERF {"pid":77016,"phase":"git:rev-parse","start_ns":1789219429592825000,"ns":7500584}
PERF {"pid":77016,"phase":"git:rev-parse","start_ns":1789219429600398000,"ns":7810791}
PERF {"pid":77016,"phase":"git:rev-parse","start_ns":1789219429608277000,"ns":7479792}
PERF {"pid":77016,"phase":"git:rev-parse","start_ns":1789219429615808000,"ns":7185541}
PERF {"pid":77016,"phase":"git:rev-parse","start_ns":1789219429623153000,"ns":8049584}
PERF {"pid":77016,"phase":"git:rev-parse","start_ns":1789219429631265000,"ns":7839667}
PERF {"pid":77016,"phase":"git:rev-parse","start_ns":1789219429639186000,"ns":7348500}
PERF {"pid":77016,"phase":"git:rev-parse","start_ns":1789219429646597000,"ns":7293666}
PERF {"pid":77016,"phase":"git:rev-parse","start_ns":1789219429653995000,"ns":6842792}
PERF {"pid":77016,"phase":"git:rev-parse","start_ns":1789219429660909000,"ns":7768458}
PERF {"pid":77016,"phase":"git:rev-parse","start_ns":1789219429668745000,"ns":7497417}
PERF {"pid":77016,"phase":"git:rev-parse","start_ns":1789219429676308000,"ns":7683958}
PERF {"pid":77016,"phase":"git:rev-parse","start_ns":1789219429684052000,"ns":8412583}
PERF {"pid":77016,"phase":"git:rev-parse","start_ns":1789219429692534000,"ns":7272291}
PERF {"pid":77016,"phase":"git:rev-parse","start_ns":1789219429699859000,"ns":8081875}
PERF {"pid":77016,"phase":"git:rev-parse","start_ns":1789219429708023000,"ns":7671250}
PERF {"pid":77016,"phase":"git:rev-parse","start_ns":1789219429715799000,"ns":8370709}
PERF {"pid":77016,"phase":"git:rev-parse","start_ns":1789219429724220000,"ns":7869416}
PERF {"pid":77016,"phase":"git:rev-parse","start_ns":1789219429732136000,"ns":7955583}
PERF {"pid":77016,"phase":"git:rev-parse","start_ns":1789219429740186000,"ns":7142583}
PERF {"pid":77016,"phase":"git:rev-parse","start_ns":1789219429747381000,"ns":7916542}
PERF {"pid":77016,"phase":"git:rev-parse","start_ns":1789219429755346000,"ns":6911584}
PERF {"pid":77016,"phase":"git:rev-parse","start_ns":1789219429762300000,"ns":7368750}
PERF {"pid":77016,"phase":"git:rev-parse","start_ns":1789219429769707000,"ns":7413458}
PERF {"pid":77016,"phase":"git:rev-parse","start_ns":1789219429777191000,"ns":7532000}
PERF {"pid":77016,"phase":"git:rev-parse","start_ns":1789219429784783000,"ns":7760583}
PERF {"pid":77016,"phase":"git:rev-parse","start_ns":1789219429792577000,"ns":7522084}
PERF {"pid":77016,"phase":"git:rev-parse","start_ns":1789219429800173000,"ns":6703125}
PERF {"pid":77016,"phase":"git:rev-parse","start_ns":1789219429806934000,"ns":7040500}
PERF {"pid":77016,"phase":"git:rev-parse","start_ns":1789219429814004000,"ns":8109083}
PERF {"pid":77016,"phase":"git:rev-parse","start_ns":1789219429822143000,"ns":7752583}
PERF {"pid":77016,"phase":"git:rev-parse","start_ns":1789219429829947000,"ns":7698041}
PERF {"pid":77016,"phase":"git:rev-parse","start_ns":1789219429837688000,"ns":7729458}
PERF {"pid":77016,"phase":"git:rev-parse","start_ns":1789219429845489000,"ns":7685208}
PERF {"pid":77016,"phase":"git:rev-parse","start_ns":1789219429853238000,"ns":6967917}
PERF {"pid":77016,"phase":"git:rev-parse","start_ns":1789219429860243000,"ns":7854791}
PERF {"pid":77016,"phase":"git:rev-parse","start_ns":1789219429868168000,"ns":7611917}
PERF {"pid":77016,"phase":"git:rev-parse","start_ns":1789219429875876000,"ns":7958416}
PERF {"pid":77016,"phase":"git:rev-parse","start_ns":1789219429883875000,"ns":7832792}
PERF {"pid":77016,"phase":"git:rev-parse","start_ns":1789219429891780000,"ns":6680333}
PERF {"pid":77016,"phase":"git:rev-parse","start_ns":1789219429898504000,"ns":7991083}
PERF {"pid":77016,"phase":"git:rev-parse","start_ns":1789219429906566000,"ns":7135458}
PERF {"pid":77016,"phase":"git:rev-parse","start_ns":1789219429913747000,"ns":7288209}
PERF {"pid":77016,"phase":"git:rev-parse","start_ns":1789219429921151000,"ns":7693792}
PERF {"pid":77016,"phase":"git:rev-parse","start_ns":1789219429928891000,"ns":6094500}
PERF {"pid":77016,"phase":"git:rev-parse","start_ns":1789219429935165000,"ns":6863625}
PERF {"pid":77016,"phase":"git:rev-parse","start_ns":1789219429942066000,"ns":7875917}
PERF {"pid":77016,"phase":"git:rev-parse","start_ns":1789219429950013000,"ns":8603375}
PERF {"pid":77016,"phase":"git:rev-parse","start_ns":1789219429958668000,"ns":8327416}
PERF {"pid":77016,"phase":"git:rev-parse","start_ns":1789219429967052000,"ns":7925709}
PERF {"pid":77016,"phase":"git:rev-parse","start_ns":1789219429975027000,"ns":7950125}
PERF {"pid":77016,"phase":"git:rev-parse","start_ns":1789219429983023000,"ns":6553292}
PERF {"pid":77016,"phase":"git:rev-parse","start_ns":1789219429989724000,"ns":8262667}
PERF {"pid":77016,"phase":"git:rev-parse","start_ns":1789219429998052000,"ns":7608250}
PERF {"pid":77016,"phase":"git:rev-parse","start_ns":1789219430005710000,"ns":9793500}
PERF {"pid":77016,"phase":"git:rev-parse","start_ns":1789219430015580000,"ns":7947500}
PERF {"pid":77016,"phase":"git:rev-parse","start_ns":1789219430023577000,"ns":8100208}
PERF {"pid":77016,"phase":"git:rev-parse","start_ns":1789219430031757000,"ns":6959083}
PERF {"pid":77016,"phase":"git:rev-parse","start_ns":1789219430038805000,"ns":7561500}
PERF {"pid":77016,"phase":"git:rev-parse","start_ns":1789219430046413000,"ns":6913125}
PERF {"pid":77016,"phase":"git:rev-parse","start_ns":1789219430053407000,"ns":7703791}
PERF {"pid":77016,"phase":"git:rev-parse","start_ns":1789219430061173000,"ns":7342500}
PERF {"pid":77016,"phase":"git:rev-parse","start_ns":1789219430068557000,"ns":7456584}
PERF {"pid":77016,"phase":"git:rev-parse","start_ns":1789219430076075000,"ns":7559375}
PERF {"pid":77016,"phase":"git:rev-parse","start_ns":1789219430083705000,"ns":7691666}
PERF {"pid":77016,"phase":"git:rev-parse","start_ns":1789219430091470000,"ns":7387542}
PERF {"pid":77016,"phase":"git:rev-parse","start_ns":1789219430098958000,"ns":6711583}
PERF {"pid":77016,"phase":"git:rev-parse","start_ns":1789219430105737000,"ns":7539125}
PERF {"pid":77016,"phase":"git:rev-parse","start_ns":1789219430113311000,"ns":7732917}
PERF {"pid":77016,"phase":"git:rev-parse","start_ns":1789219430121107000,"ns":7793625}
PERF {"pid":77016,"phase":"git:rev-parse","start_ns":1789219430128999000,"ns":7592583}
PERF {"pid":77016,"phase":"git:rev-parse","start_ns":1789219430136638000,"ns":7129542}
PERF {"pid":77016,"phase":"git:rev-parse","start_ns":1789219430143924000,"ns":7155792}
PERF {"pid":77016,"phase":"git:rev-parse","start_ns":1789219430151125000,"ns":6778584}
PERF {"pid":77016,"phase":"git:rev-parse","start_ns":1789219430157954000,"ns":7468250}
PERF {"pid":77016,"phase":"git:rev-parse","start_ns":1789219430165530000,"ns":7330708}
PERF {"pid":77016,"phase":"git:rev-parse","start_ns":1789219430172918000,"ns":7810125}
PERF {"pid":77016,"phase":"git:rev-parse","start_ns":1789219430180788000,"ns":7464625}
PERF {"pid":77016,"phase":"git:rev-parse","start_ns":1789219430188293000,"ns":8196375}
PERF {"pid":77016,"phase":"git:rev-parse","start_ns":1789219430196554000,"ns":7680958}
PERF {"pid":77016,"phase":"git:rev-parse","start_ns":1789219430204338000,"ns":7999459}
PERF {"pid":77016,"phase":"git:rev-parse","start_ns":1789219430212385000,"ns":7699208}
PERF {"pid":77016,"phase":"git:rev-parse","start_ns":1789219430220142000,"ns":8211292}
PERF {"pid":77016,"phase":"git:rev-parse","start_ns":1789219430228484000,"ns":8330333}
PERF {"pid":77016,"phase":"git:rev-parse","start_ns":1789219430236864000,"ns":7761125}
PERF {"pid":77016,"phase":"git:rev-parse","start_ns":1789219430244732000,"ns":7733084}
PERF {"pid":77016,"phase":"git:rev-parse","start_ns":1789219430252552000,"ns":6823083}
PERF {"pid":77016,"phase":"git:rev-parse","start_ns":1789219430259435000,"ns":7173583}
PERF {"pid":77016,"phase":"git:rev-parse","start_ns":1789219430266687000,"ns":8982583}
PERF {"pid":77016,"phase":"git:rev-parse","start_ns":1789219430275763000,"ns":9077083}
PERF {"pid":77016,"phase":"git:rev-parse","start_ns":1789219430284923000,"ns":8649709}
PERF {"pid":77016,"phase":"git:rev-parse","start_ns":1789219430293655000,"ns":8481292}
PERF {"pid":77016,"phase":"git:rev-parse","start_ns":1789219430302225000,"ns":7633083}
PERF {"pid":77016,"phase":"git:rev-parse","start_ns":1789219430309939000,"ns":7770792}
PERF {"pid":77016,"phase":"git:rev-parse","start_ns":1789219430317782000,"ns":8503959}
PERF {"pid":77016,"phase":"git:rev-parse","start_ns":1789219430326384000,"ns":8201125}
PERF {"pid":77016,"phase":"git:rev-parse","start_ns":1789219430334679000,"ns":7532083}
PERF {"pid":77016,"phase":"git:rev-parse","start_ns":1789219430342312000,"ns":7424250}
PERF {"pid":77016,"phase":"git:rev-parse","start_ns":1789219430349826000,"ns":7937875}
PERF {"pid":77016,"phase":"git:rev-parse","start_ns":1789219430357847000,"ns":7769709}
PERF {"pid":77016,"phase":"git:rev-parse","start_ns":1789219430365685000,"ns":7798833}
PERF {"pid":77016,"phase":"git:rev-parse","start_ns":1789219430373550000,"ns":8441250}
PERF {"pid":77016,"phase":"git:rev-parse","start_ns":1789219430382098000,"ns":9178959}
PERF {"pid":77016,"phase":"git:rev-parse","start_ns":1789219430391338000,"ns":7589916}
PERF {"pid":77016,"phase":"git:rev-parse","start_ns":1789219430398963000,"ns":9168167}
PERF {"pid":77016,"phase":"git:rev-parse","start_ns":1789219430408211000,"ns":7875292}
PERF {"pid":77016,"phase":"git:rev-parse","start_ns":1789219430416142000,"ns":7865708}
PERF {"pid":77016,"phase":"git:rev-parse","start_ns":1789219430424116000,"ns":8195542}
PERF {"pid":77016,"phase":"git:rev-parse","start_ns":1789219430432496000,"ns":7721958}
PERF {"pid":77016,"phase":"git:rev-parse","start_ns":1789219430440277000,"ns":8718583}
PERF {"pid":77016,"phase":"git:rev-parse","start_ns":1789219430449094000,"ns":7532084}
PERF {"pid":77016,"phase":"git:rev-parse","start_ns":1789219430456684000,"ns":7763166}
PERF {"pid":77016,"phase":"git:rev-parse","start_ns":1789219430464483000,"ns":8030708}
PERF {"pid":77016,"phase":"git:rev-parse","start_ns":1789219430472580000,"ns":8256083}
PERF {"pid":77016,"phase":"git:rev-parse","start_ns":1789219430480878000,"ns":7565334}
PERF {"pid":77016,"phase":"git:rev-parse","start_ns":1789219430488524000,"ns":8512500}
PERF {"pid":77016,"phase":"git:rev-parse","start_ns":1789219430497105000,"ns":8089375}
PERF {"pid":77016,"phase":"git:rev-parse","start_ns":1789219430505259000,"ns":7897250}
PERF {"pid":77016,"phase":"git:rev-parse","start_ns":1789219430513224000,"ns":8333458}
PERF {"pid":77016,"phase":"git:rev-parse","start_ns":1789219430521628000,"ns":7849375}
PERF {"pid":77016,"phase":"git:rev-parse","start_ns":1789219430529553000,"ns":8118875}
PERF {"pid":77016,"phase":"git:rev-parse","start_ns":1789219430537733000,"ns":7891250}
PERF {"pid":77016,"phase":"git:rev-parse","start_ns":1789219430545717000,"ns":7826417}
PERF {"pid":77016,"phase":"git:rev-parse","start_ns":1789219430553597000,"ns":8271458}
PERF {"pid":77016,"phase":"git:rev-parse","start_ns":1789219430562022000,"ns":8464792}
PERF {"pid":77016,"phase":"git:rev-parse","start_ns":1789219430570562000,"ns":7774875}
PERF {"pid":77016,"phase":"git:rev-parse","start_ns":1789219430578440000,"ns":7681708}
PERF {"pid":77016,"phase":"git:rev-parse","start_ns":1789219430586191000,"ns":7919083}
PERF {"pid":77016,"phase":"git:rev-parse","start_ns":1789219430594165000,"ns":8357167}
PERF {"pid":77016,"phase":"git:rev-parse","start_ns":1789219430602581000,"ns":6638958}
PERF {"pid":77016,"phase":"git:rev-parse","start_ns":1789219430609296000,"ns":7866208}
PERF {"pid":77016,"phase":"git:rev-parse","start_ns":1789219430617246000,"ns":7231584}
PERF {"pid":77016,"phase":"git:rev-parse","start_ns":1789219430624547000,"ns":7158291}
PERF {"pid":77016,"phase":"git:rev-parse","start_ns":1789219430631808000,"ns":7723500}
PERF {"pid":77016,"phase":"git:rev-parse","start_ns":1789219430639653000,"ns":7572000}
PERF {"pid":77016,"phase":"git:rev-parse","start_ns":1789219430647289000,"ns":7422917}
PERF {"pid":77016,"phase":"git:rev-parse","start_ns":1789219430654814000,"ns":7677709}
PERF {"pid":77016,"phase":"git:rev-parse","start_ns":1789219430662530000,"ns":7163666}
PERF {"pid":77016,"phase":"git:rev-parse","start_ns":1789219430669740000,"ns":7496625}
PERF {"pid":77016,"phase":"git:rev-parse","start_ns":1789219430677396000,"ns":8249958}
PERF {"pid":77016,"phase":"git:rev-parse","start_ns":1789219430685719000,"ns":8605792}
PERF {"pid":77016,"phase":"git:rev-parse","start_ns":1789219430694407000,"ns":7108000}
PERF {"pid":77016,"phase":"git:rev-parse","start_ns":1789219430701557000,"ns":7762667}
PERF {"pid":77016,"phase":"git:rev-parse","start_ns":1789219430709390000,"ns":7593500}
PERF {"pid":77016,"phase":"git:rev-parse","start_ns":1789219430717061000,"ns":7473291}
PERF {"pid":77016,"phase":"git:rev-parse","start_ns":1789219430724600000,"ns":7188875}
PERF {"pid":77016,"phase":"git:rev-parse","start_ns":1789219430731848000,"ns":7578583}
PERF {"pid":77016,"phase":"git:rev-parse","start_ns":1789219430739500000,"ns":7557041}
PERF {"pid":77016,"phase":"git:rev-parse","start_ns":1789219430747124000,"ns":8154791}
PERF {"pid":77016,"phase":"git:rev-parse","start_ns":1789219430755342000,"ns":8534125}
PERF {"pid":77016,"phase":"git:rev-parse","start_ns":1789219430763941000,"ns":7999667}
PERF {"pid":77016,"phase":"git:rev-parse","start_ns":1789219430772011000,"ns":8081583}
PERF {"pid":77016,"phase":"git:rev-parse","start_ns":1789219430780147000,"ns":7935166}
PERF {"pid":77016,"phase":"git:rev-parse","start_ns":1789219430788150000,"ns":7314917}
PERF {"pid":77016,"phase":"git:rev-parse","start_ns":1789219430795537000,"ns":7537583}
PERF {"pid":77016,"phase":"git:rev-parse","start_ns":1789219430803129000,"ns":8391500}
PERF {"pid":77016,"phase":"git:rev-parse","start_ns":1789219430811592000,"ns":7338875}
PERF {"pid":77016,"phase":"git:rev-parse","start_ns":1789219430819083000,"ns":8477417}
PERF {"pid":77016,"phase":"git:rev-parse","start_ns":1789219430827612000,"ns":7797333}
PERF {"pid":77016,"phase":"git:rev-parse","start_ns":1789219430835496000,"ns":7838125}
PERF {"pid":77016,"phase":"git:rev-parse","start_ns":1789219430843383000,"ns":7403083}
PERF {"pid":77016,"phase":"git:rev-parse","start_ns":1789219430850853000,"ns":7147458}
PERF {"pid":77016,"phase":"git:rev-parse","start_ns":1789219430858081000,"ns":7625584}
PERF {"pid":77016,"phase":"git:rev-parse","start_ns":1789219430865832000,"ns":7632667}
PERF {"pid":77016,"phase":"git:rev-parse","start_ns":1789219430873537000,"ns":7607917}
PERF {"pid":77016,"phase":"git:rev-parse","start_ns":1789219430881210000,"ns":7970666}
PERF {"pid":77016,"phase":"git:rev-parse","start_ns":1789219430889225000,"ns":8920459}
PERF {"pid":77016,"phase":"git:rev-parse","start_ns":1789219430898184000,"ns":7921458}
PERF {"pid":77016,"phase":"git:rev-parse","start_ns":1789219430906143000,"ns":7950625}
PERF {"pid":77016,"phase":"git:rev-parse","start_ns":1789219430914159000,"ns":8335166}
PERF {"pid":77016,"phase":"git:rev-parse","start_ns":1789219430922557000,"ns":7818292}
PERF {"pid":77016,"phase":"git:rev-parse","start_ns":1789219430930420000,"ns":8454083}
PERF {"pid":77016,"phase":"git:rev-parse","start_ns":1789219430938915000,"ns":7927959}
PERF {"pid":77016,"phase":"git:rev-parse","start_ns":1789219430946901000,"ns":7480916}
PERF {"pid":77016,"phase":"git:rev-parse","start_ns":1789219430954416000,"ns":8076250}
PERF {"pid":77016,"phase":"git:rev-parse","start_ns":1789219430962543000,"ns":7940709}
PERF {"pid":77016,"phase":"git:rev-parse","start_ns":1789219430970582000,"ns":7252042}
PERF {"pid":77016,"phase":"git:rev-parse","start_ns":1789219430977930000,"ns":7702709}
PERF {"pid":77016,"phase":"git:rev-parse","start_ns":1789219430985706000,"ns":7764791}
PERF {"pid":77016,"phase":"git:rev-parse","start_ns":1789219430993551000,"ns":8368583}
PERF {"pid":77016,"phase":"git:rev-parse","start_ns":1789219431001982000,"ns":8080083}
PERF {"pid":77016,"phase":"git:rev-parse","start_ns":1789219431010109000,"ns":7114375}
PERF {"pid":77016,"phase":"git:rev-parse","start_ns":1789219431017271000,"ns":7368625}
PERF {"pid":77016,"phase":"git:rev-parse","start_ns":1789219431024736000,"ns":8165125}
PERF {"pid":77016,"phase":"git:rev-parse","start_ns":1789219431032998000,"ns":7677291}
PERF {"pid":77016,"phase":"git:rev-parse","start_ns":1789219431040883000,"ns":7653458}
PERF {"pid":77016,"phase":"git:rev-parse","start_ns":1789219431048575000,"ns":7858708}
PERF {"pid":77016,"phase":"git:rev-parse","start_ns":1789219431056499000,"ns":8176584}
PERF {"pid":77016,"phase":"git:rev-parse","start_ns":1789219431064741000,"ns":8003709}
PERF {"pid":77016,"phase":"git:rev-parse","start_ns":1789219431072786000,"ns":8235750}
PERF {"pid":77016,"phase":"git:rev-parse","start_ns":1789219431081094000,"ns":7913250}
PERF {"pid":77016,"phase":"git:rev-parse","start_ns":1789219431089071000,"ns":7979041}
PERF {"pid":77016,"phase":"git:rev-parse","start_ns":1789219431097089000,"ns":8867666}
PERF {"pid":77016,"phase":"git:rev-parse","start_ns":1789219431106019000,"ns":7905458}
PERF {"pid":77016,"phase":"git:rev-parse","start_ns":1789219431114003000,"ns":8402625}
PERF {"pid":77016,"phase":"git:rev-parse","start_ns":1789219431122471000,"ns":7639667}
PERF {"pid":77016,"phase":"git:rev-parse","start_ns":1789219431130180000,"ns":7780500}
PERF {"pid":77016,"phase":"git:rev-parse","start_ns":1789219431138019000,"ns":7495458}
PERF {"pid":77016,"phase":"git:rev-parse","start_ns":1789219431145570000,"ns":8436208}
PERF {"pid":77016,"phase":"git:rev-parse","start_ns":1789219431154052000,"ns":8280833}
PERF {"pid":77016,"phase":"git:rev-parse","start_ns":1789219431162418000,"ns":8031000}
PERF {"pid":77016,"phase":"git:rev-parse","start_ns":1789219431170485000,"ns":7121417}
PERF {"pid":77016,"phase":"git:rev-parse","start_ns":1789219431177659000,"ns":7296500}
PERF {"pid":77016,"phase":"git:rev-parse","start_ns":1789219431185024000,"ns":7901917}
PERF {"pid":77016,"phase":"git:rev-parse","start_ns":1789219431193002000,"ns":8764792}
PERF {"pid":77016,"phase":"git:rev-parse","start_ns":1789219431201878000,"ns":8996875}
PERF {"pid":77016,"phase":"git:rev-parse","start_ns":1789219431210945000,"ns":7915208}
PERF {"pid":77016,"phase":"git:rev-parse","start_ns":1789219431218949000,"ns":7731375}
PERF {"pid":77016,"phase":"git:rev-parse","start_ns":1789219431226808000,"ns":8104000}
PERF {"pid":77016,"phase":"git:rev-parse","start_ns":1789219431234957000,"ns":8252666}
PERF {"pid":77016,"phase":"git:rev-parse","start_ns":1789219431243253000,"ns":7372792}
PERF {"pid":77016,"phase":"git:rev-parse","start_ns":1789219431250668000,"ns":6985167}
PERF {"pid":77016,"phase":"git:rev-parse","start_ns":1789219431257698000,"ns":7675167}
PERF {"pid":77016,"phase":"git:rev-parse","start_ns":1789219431265438000,"ns":7701875}
PERF {"pid":77016,"phase":"git:rev-parse","start_ns":1789219431273177000,"ns":8277958}
PERF {"pid":77016,"phase":"git:rev-parse","start_ns":1789219431281511000,"ns":7684292}
PERF {"pid":77016,"phase":"git:rev-parse","start_ns":1789219431289256000,"ns":10475083}
PERF {"pid":77016,"phase":"git:rev-parse","start_ns":1789219431299768000,"ns":7520667}
PERF {"pid":77016,"phase":"git:rev-parse","start_ns":1789219431307445000,"ns":8402291}
PERF {"pid":77016,"phase":"git:rev-parse","start_ns":1789219431315927000,"ns":7242958}
PERF {"pid":77016,"phase":"git:rev-parse","start_ns":1789219431323230000,"ns":8137917}
PERF {"pid":77016,"phase":"git:rev-parse","start_ns":1789219431331404000,"ns":6877291}
PERF {"pid":77016,"phase":"git:rev-parse","start_ns":1789219431338333000,"ns":8071250}
PERF {"pid":77016,"phase":"git:rev-parse","start_ns":1789219431346454000,"ns":7960292}
PERF {"pid":77016,"phase":"git:rev-parse","start_ns":1789219431354454000,"ns":5840500}
PERF {"pid":77016,"phase":"git:rev-parse","start_ns":1789219431360379000,"ns":7357209}
PERF {"pid":77016,"phase":"git:rev-parse","start_ns":1789219431367788000,"ns":7426917}
PERF {"pid":77016,"phase":"git:rev-parse","start_ns":1789219431375300000,"ns":7770333}
PERF {"pid":77016,"phase":"git:rev-parse","start_ns":1789219431383115000,"ns":7532458}
PERF {"pid":77016,"phase":"git:rev-parse","start_ns":1789219431390728000,"ns":7138958}
PERF {"pid":77016,"phase":"git:rev-parse","start_ns":1789219431397948000,"ns":7989375}
PERF {"pid":77016,"phase":"git:rev-parse","start_ns":1789219431406012000,"ns":7393041}
PERF {"pid":77016,"phase":"git:rev-parse","start_ns":1789219431413480000,"ns":7020958}
PERF {"pid":77016,"phase":"git:rev-parse","start_ns":1789219431420615000,"ns":7200125}
PERF {"pid":77016,"phase":"git:rev-parse","start_ns":1789219431427917000,"ns":7737875}
PERF {"pid":77016,"phase":"git:rev-parse","start_ns":1789219431435721000,"ns":7570500}
PERF {"pid":77016,"phase":"git:rev-parse","start_ns":1789219431443353000,"ns":8256667}
PERF {"pid":77016,"phase":"git:rev-parse","start_ns":1789219431451646000,"ns":7991208}
PERF {"pid":77016,"phase":"git:rev-parse","start_ns":1789219431459689000,"ns":7578291}
PERF {"pid":77016,"phase":"git:rev-parse","start_ns":1789219431467331000,"ns":7744792}
PERF {"pid":77016,"phase":"git:rev-parse","start_ns":1789219431475142000,"ns":7248583}
PERF {"pid":77016,"phase":"git:rev-parse","start_ns":1789219431482462000,"ns":7982000}
PERF {"pid":77016,"phase":"git:rev-parse","start_ns":1789219431490511000,"ns":7407959}
PERF {"pid":77016,"phase":"git:rev-parse","start_ns":1789219431498078000,"ns":8755125}
PERF {"pid":77016,"phase":"git:rev-parse","start_ns":1789219431506875000,"ns":7179917}
PERF {"pid":77016,"phase":"git:rev-parse","start_ns":1789219431514092000,"ns":7779500}
PERF {"pid":77016,"phase":"git:rev-parse","start_ns":1789219431521908000,"ns":7580250}
PERF {"pid":77016,"phase":"git:rev-parse","start_ns":1789219431529524000,"ns":7302208}
PERF {"pid":77016,"phase":"git:rev-parse","start_ns":1789219431536868000,"ns":7607333}
PERF {"pid":77016,"phase":"git:rev-parse","start_ns":1789219431544520000,"ns":7162916}
PERF {"pid":77016,"phase":"git:rev-parse","start_ns":1789219431551740000,"ns":7906292}
PERF {"pid":77016,"phase":"git:rev-parse","start_ns":1789219431559717000,"ns":7600458}
PERF {"pid":77016,"phase":"git:rev-parse","start_ns":1789219431567376000,"ns":7678541}
PERF {"pid":77016,"phase":"git:rev-parse","start_ns":1789219431575123000,"ns":7053709}
PERF {"pid":77016,"phase":"git:rev-parse","start_ns":1789219431582249000,"ns":6883583}
PERF {"pid":77016,"phase":"git:rev-parse","start_ns":1789219431589204000,"ns":7570958}
PERF {"pid":77016,"phase":"git:rev-parse","start_ns":1789219431596842000,"ns":7356084}
PERF {"pid":77016,"phase":"git:rev-parse","start_ns":1789219431604308000,"ns":8504083}
PERF {"pid":77016,"phase":"git:rev-parse","start_ns":1789219431612886000,"ns":7033875}
PERF {"pid":77016,"phase":"git:rev-parse","start_ns":1789219431619988000,"ns":7399958}
PERF {"pid":77016,"phase":"git:rev-parse","start_ns":1789219431627427000,"ns":7315375}
PERF {"pid":77016,"phase":"git:rev-parse","start_ns":1789219431634798000,"ns":8452959}
PERF {"pid":77016,"phase":"git:rev-parse","start_ns":1789219431643312000,"ns":7486459}
PERF {"pid":77016,"phase":"git:rev-parse","start_ns":1789219431650860000,"ns":7386458}
PERF {"pid":77016,"phase":"git:rev-parse","start_ns":1789219431658366000,"ns":7602750}
PERF {"pid":77016,"phase":"git:rev-parse","start_ns":1789219431666057000,"ns":7683542}
PERF {"pid":77016,"phase":"git:rev-parse","start_ns":1789219431673821000,"ns":7127208}
PERF {"pid":77016,"phase":"git:rev-parse","start_ns":1789219431681020000,"ns":6878166}
PERF {"pid":77016,"phase":"git:rev-parse","start_ns":1789219431687972000,"ns":9808417}
PERF {"pid":77016,"phase":"git:rev-parse","start_ns":1789219431697823000,"ns":8724834}
PERF {"pid":77016,"phase":"git:rev-parse","start_ns":1789219431706626000,"ns":8906375}
PERF {"pid":77016,"phase":"git:rev-parse","start_ns":1789219431715614000,"ns":10145167}
PERF {"pid":77016,"phase":"git:rev-parse","start_ns":1789219431725818000,"ns":8557542}
PERF {"pid":77016,"phase":"git:rev-parse","start_ns":1789219431734440000,"ns":7335791}
PERF {"pid":77016,"phase":"git:rev-parse","start_ns":1789219431741816000,"ns":7635958}
PERF {"pid":77016,"phase":"git:rev-parse","start_ns":1789219431749524000,"ns":7795375}
PERF {"pid":77016,"phase":"git:rev-parse","start_ns":1789219431757464000,"ns":8242667}
PERF {"pid":77016,"phase":"git:rev-parse","start_ns":1789219431765815000,"ns":7662208}
PERF {"pid":77016,"phase":"git:rev-parse","start_ns":1789219431773590000,"ns":7402125}
PERF {"pid":77016,"phase":"git:rev-parse","start_ns":1789219431781028000,"ns":8457625}
PERF {"pid":77016,"phase":"git:rev-parse","start_ns":1789219431789574000,"ns":8174625}
PERF {"pid":77016,"phase":"git:rev-parse","start_ns":1789219431797854000,"ns":9356875}
PERF {"pid":77016,"phase":"git:rev-parse","start_ns":1789219431807286000,"ns":7938000}
PERF {"pid":77016,"phase":"git:rev-parse","start_ns":1789219431815297000,"ns":8189250}
PERF {"pid":77016,"phase":"git:rev-parse","start_ns":1789219431823580000,"ns":10240791}
PERF {"pid":77016,"phase":"git:rev-parse","start_ns":1789219431833902000,"ns":8182541}
PERF {"pid":77016,"phase":"git:rev-parse","start_ns":1789219431842151000,"ns":8218208}
PERF {"pid":77016,"phase":"git:rev-parse","start_ns":1789219431850432000,"ns":7893750}
PERF {"pid":77016,"phase":"git:rev-parse","start_ns":1789219431858412000,"ns":9496166}
PERF {"pid":77016,"phase":"git:rev-parse","start_ns":1789219431867977000,"ns":7714625}
PERF {"pid":77016,"phase":"git:rev-parse","start_ns":1789219431875762000,"ns":9418666}
PERF {"pid":77016,"phase":"git:rev-parse","start_ns":1789219431885260000,"ns":8142000}
PERF {"pid":77016,"phase":"git:rev-parse","start_ns":1789219431893490000,"ns":8597375}
PERF {"pid":77016,"phase":"git:rev-parse","start_ns":1789219431902145000,"ns":8423916}
PERF {"pid":77016,"phase":"git:rev-parse","start_ns":1789219431910684000,"ns":8275042}
PERF {"pid":77016,"phase":"git:rev-parse","start_ns":1789219431919047000,"ns":7348792}
PERF {"pid":77016,"phase":"git:rev-parse","start_ns":1789219431926512000,"ns":8168875}
PERF {"pid":77016,"phase":"git:rev-parse","start_ns":1789219431934773000,"ns":8249209}
PERF {"pid":77016,"phase":"git:rev-parse","start_ns":1789219431943128000,"ns":7082292}
PERF {"pid":77016,"phase":"git:rev-parse","start_ns":1789219431950255000,"ns":7210583}
PERF {"pid":77016,"phase":"git:rev-parse","start_ns":1789219431957529000,"ns":8128500}
PERF {"pid":77016,"phase":"git:rev-parse","start_ns":1789219431965741000,"ns":7905583}
PERF {"pid":77016,"phase":"git:rev-parse","start_ns":1789219431973719000,"ns":7161083}
PERF {"pid":77016,"phase":"git:rev-parse","start_ns":1789219431980925000,"ns":7733250}
PERF {"pid":77016,"phase":"git:rev-parse","start_ns":1789219431988691000,"ns":7561792}
PERF {"pid":77016,"phase":"git:rev-parse","start_ns":1789219431996313000,"ns":7864125}
PERF {"pid":77016,"phase":"git:rev-parse","start_ns":1789219432004221000,"ns":7680166}
PERF {"pid":77016,"phase":"git:rev-parse","start_ns":1789219432011944000,"ns":8105042}
PERF {"pid":77016,"phase":"git:rev-parse","start_ns":1789219432020114000,"ns":7101458}
PERF {"pid":77016,"phase":"git:rev-parse","start_ns":1789219432027305000,"ns":8477000}
PERF {"pid":77016,"phase":"git:rev-parse","start_ns":1789219432035883000,"ns":6466958}
PERF {"pid":77016,"phase":"git:rev-parse","start_ns":1789219432042429000,"ns":6557125}
PERF {"pid":77016,"phase":"git:rev-parse","start_ns":1789219432049063000,"ns":7178083}
PERF {"pid":77016,"phase":"git:rev-parse","start_ns":1789219432056309000,"ns":7559125}
PERF {"pid":77016,"phase":"git:rev-parse","start_ns":1789219432063907000,"ns":7254083}
PERF {"pid":77016,"phase":"git:rev-parse","start_ns":1789219432071197000,"ns":6562292}
PERF {"pid":77016,"phase":"git:rev-parse","start_ns":1789219432077841000,"ns":6740791}
PERF {"pid":77016,"phase":"git:rev-parse","start_ns":1789219432084657000,"ns":6970292}
PERF {"pid":77016,"phase":"git:rev-parse","start_ns":1789219432091670000,"ns":7582208}
PERF {"pid":77016,"phase":"git:rev-parse","start_ns":1789219432099287000,"ns":8016958}
PERF {"pid":77016,"phase":"git:rev-parse","start_ns":1789219432107371000,"ns":7383250}
PERF {"pid":77016,"phase":"git:rev-parse","start_ns":1789219432114815000,"ns":7135000}
PERF {"pid":77016,"phase":"git:rev-parse","start_ns":1789219432122048000,"ns":7086166}
PERF {"pid":77016,"phase":"git:rev-parse","start_ns":1789219432129249000,"ns":9495583}
PERF {"pid":77016,"phase":"git:rev-parse","start_ns":1789219432138799000,"ns":7888791}
PERF {"pid":77016,"phase":"git:rev-parse","start_ns":1789219432146796000,"ns":6908583}
PERF {"pid":77016,"phase":"git:rev-parse","start_ns":1789219432153751000,"ns":6897375}
PERF {"pid":77016,"phase":"git:rev-parse","start_ns":1789219432160708000,"ns":7548375}
PERF {"pid":77016,"phase":"git:rev-parse","start_ns":1789219432168300000,"ns":7452667}
PERF {"pid":77016,"phase":"git:rev-parse","start_ns":1789219432175811000,"ns":7450250}
PERF {"pid":77016,"phase":"git:rev-parse","start_ns":1789219432183324000,"ns":7651417}
PERF {"pid":77016,"phase":"git:rev-parse","start_ns":1789219432191023000,"ns":7647542}
PERF {"pid":77016,"phase":"git:rev-parse","start_ns":1789219432198717000,"ns":6867791}
PERF {"pid":77016,"phase":"git:rev-parse","start_ns":1789219432205651000,"ns":7701417}
PERF {"pid":77016,"phase":"git:rev-parse","start_ns":1789219432213403000,"ns":6654125}
PERF {"pid":77016,"phase":"git:rev-parse","start_ns":1789219432220149000,"ns":7637041}
PERF {"pid":77016,"phase":"git:rev-parse","start_ns":1789219432227877000,"ns":7099750}
PERF {"pid":77016,"phase":"git:rev-parse","start_ns":1789219432235012000,"ns":7198042}
PERF {"pid":77016,"phase":"git:rev-parse","start_ns":1789219432242256000,"ns":7539042}
PERF {"pid":77016,"phase":"git:rev-parse","start_ns":1789219432249854000,"ns":7289917}
PERF {"pid":77016,"phase":"git:rev-parse","start_ns":1789219432257228000,"ns":7731416}
PERF {"pid":77016,"phase":"git:rev-parse","start_ns":1789219432264997000,"ns":6354458}
PERF {"pid":77016,"phase":"git:rev-parse","start_ns":1789219432271424000,"ns":7026959}
PERF {"pid":77016,"phase":"git:rev-parse","start_ns":1789219432278544000,"ns":6805791}
PERF {"pid":77016,"phase":"git:rev-parse","start_ns":1789219432285408000,"ns":7593500}
PERF {"pid":77016,"phase":"git:rev-parse","start_ns":1789219432293060000,"ns":7709417}
PERF {"pid":77016,"phase":"git:rev-parse","start_ns":1789219432300850000,"ns":7728042}
PERF {"pid":77016,"phase":"git:rev-parse","start_ns":1789219432308622000,"ns":7491583}
PERF {"pid":77016,"phase":"git:rev-parse","start_ns":1789219432316190000,"ns":8703708}
PERF {"pid":77016,"phase":"git:rev-parse","start_ns":1789219432324929000,"ns":8294208}
PERF {"pid":77016,"phase":"git:rev-parse","start_ns":1789219432333288000,"ns":8802000}
PERF {"pid":77016,"phase":"git:rev-parse","start_ns":1789219432342134000,"ns":8385333}
PERF {"pid":77016,"phase":"git:rev-parse","start_ns":1789219432350575000,"ns":6605833}
PERF {"pid":77016,"phase":"git:rev-parse","start_ns":1789219432357228000,"ns":7114292}
PERF {"pid":77016,"phase":"git:rev-parse","start_ns":1789219432364440000,"ns":8040791}
PERF {"pid":77016,"phase":"git:rev-parse","start_ns":1789219432372542000,"ns":7592750}
PERF {"pid":77016,"phase":"git:rev-parse","start_ns":1789219432380192000,"ns":7261750}
PERF {"pid":77016,"phase":"git:rev-parse","start_ns":1789219432387549000,"ns":6694416}
PERF {"pid":77016,"phase":"git:rev-parse","start_ns":1789219432394279000,"ns":7471708}
PERF {"pid":77016,"phase":"git:rev-parse","start_ns":1789219432401810000,"ns":7443500}
PERF {"pid":77016,"phase":"git:rev-parse","start_ns":1789219432409293000,"ns":7500166}
PERF {"pid":77016,"phase":"git:rev-parse","start_ns":1789219432416840000,"ns":7845875}
PERF {"pid":77016,"phase":"git:rev-parse","start_ns":1789219432424753000,"ns":6914875}
PERF {"pid":77016,"phase":"git:rev-parse","start_ns":1789219432431777000,"ns":8891250}
PERF {"pid":77016,"phase":"git:rev-parse","start_ns":1789219432440744000,"ns":7974166}
PERF {"pid":77016,"phase":"git:rev-parse","start_ns":1789219432448797000,"ns":8133083}
PERF {"pid":77016,"phase":"git:rev-parse","start_ns":1789219432456992000,"ns":7565542}
PERF {"pid":77016,"phase":"git:rev-parse","start_ns":1789219432464632000,"ns":8004750}
PERF {"pid":77016,"phase":"git:rev-parse","start_ns":1789219432472685000,"ns":8216417}
PERF {"pid":77016,"phase":"git:rev-parse","start_ns":1789219432480997000,"ns":7118750}
PERF {"pid":77016,"phase":"git:rev-parse","start_ns":1789219432488165000,"ns":7470041}
PERF {"pid":77016,"phase":"git:rev-parse","start_ns":1789219432495716000,"ns":7440875}
PERF {"pid":77016,"phase":"git:rev-parse","start_ns":1789219432503274000,"ns":7608708}
PERF {"pid":77016,"phase":"git:rev-parse","start_ns":1789219432510939000,"ns":7491958}
PERF {"pid":77016,"phase":"git:rev-parse","start_ns":1789219432518499000,"ns":7990833}
PERF {"pid":77016,"phase":"git:rev-parse","start_ns":1789219432526527000,"ns":8049833}
PERF {"pid":77016,"phase":"git:rev-parse","start_ns":1789219432534656000,"ns":8442917}
PERF {"pid":77016,"phase":"git:rev-parse","start_ns":1789219432543156000,"ns":7966167}
PERF {"pid":77016,"phase":"git:rev-parse","start_ns":1789219432551157000,"ns":8030916}
PERF {"pid":77016,"phase":"git:rev-parse","start_ns":1789219432559259000,"ns":7440709}
PERF {"pid":77016,"phase":"git:rev-parse","start_ns":1789219432566761000,"ns":8428125}
PERF {"pid":77016,"phase":"git:rev-parse","start_ns":1789219432575229000,"ns":7777250}
PERF {"pid":77016,"phase":"git:rev-parse","start_ns":1789219432583052000,"ns":7954250}
PERF {"pid":77016,"phase":"git:rev-parse","start_ns":1789219432591092000,"ns":7749458}
PERF {"pid":77016,"phase":"git:rev-parse","start_ns":1789219432598905000,"ns":7844458}
PERF {"pid":77016,"phase":"git:rev-parse","start_ns":1789219432606838000,"ns":8146584}
PERF {"pid":77016,"phase":"git:rev-parse","start_ns":1789219432615077000,"ns":8332334}
PERF {"pid":77016,"phase":"git:rev-parse","start_ns":1789219432623471000,"ns":7117500}
PERF {"pid":77016,"phase":"git:rev-parse","start_ns":1789219432630662000,"ns":7234459}
PERF {"pid":77016,"phase":"git:rev-parse","start_ns":1789219432637936000,"ns":6298750}
PERF {"pid":77016,"phase":"git:rev-parse","start_ns":1789219432644335000,"ns":6827292}
PERF {"pid":77016,"phase":"git:rev-parse","start_ns":1789219432651197000,"ns":7233750}
PERF {"pid":77016,"phase":"git:rev-parse","start_ns":1789219432658504000,"ns":7493000}
PERF {"pid":77016,"phase":"git:rev-parse","start_ns":1789219432666034000,"ns":7324083}
PERF {"pid":77016,"phase":"git:rev-parse","start_ns":1789219432673423000,"ns":7626791}
PERF {"pid":77016,"phase":"git:rev-parse","start_ns":1789219432681093000,"ns":5765875}
PERF {"pid":77016,"phase":"git:rev-parse","start_ns":1789219432686916000,"ns":7273584}
PERF {"pid":77016,"phase":"git:rev-parse","start_ns":1789219432694251000,"ns":7818666}
PERF {"pid":77016,"phase":"git:rev-parse","start_ns":1789219432702114000,"ns":7704250}
PERF {"pid":77016,"phase":"git:rev-parse","start_ns":1789219432709869000,"ns":7685792}
PERF {"pid":77016,"phase":"git:rev-parse","start_ns":1789219432717698000,"ns":7024916}
PERF {"pid":77016,"phase":"git:rev-parse","start_ns":1789219432724766000,"ns":7172333}
PERF {"pid":77016,"phase":"git:rev-parse","start_ns":1789219432732003000,"ns":7193958}
PERF {"pid":77016,"phase":"git:rev-parse","start_ns":1789219432739255000,"ns":7828708}
PERF {"pid":77016,"phase":"git:rev-parse","start_ns":1789219432747144000,"ns":7936250}
PERF {"pid":77016,"phase":"git:rev-parse","start_ns":1789219432755118000,"ns":7844125}
PERF {"pid":77016,"phase":"git:rev-parse","start_ns":1789219432763003000,"ns":8249041}
PERF {"pid":77016,"phase":"git:rev-parse","start_ns":1789219432771297000,"ns":8042833}
PERF {"pid":77016,"phase":"git:rev-parse","start_ns":1789219432779409000,"ns":8051000}
PERF {"pid":77016,"phase":"git:rev-parse","start_ns":1789219432787508000,"ns":7800583}
PERF {"pid":77016,"phase":"git:rev-parse","start_ns":1789219432795349000,"ns":7922541}
PERF {"pid":77016,"phase":"git:rev-parse","start_ns":1789219432803366000,"ns":8113875}
PERF {"pid":77016,"phase":"git:rev-parse","start_ns":1789219432811581000,"ns":7957875}
PERF {"pid":77016,"phase":"git:rev-parse","start_ns":1789219432819579000,"ns":6915625}
PERF {"pid":77016,"phase":"git:rev-parse","start_ns":1789219432826580000,"ns":6851250}
PERF {"pid":77016,"phase":"git:rev-parse","start_ns":1789219432833479000,"ns":8639709}
PERF {"pid":77016,"phase":"git:rev-parse","start_ns":1789219432842183000,"ns":7534417}
PERF {"pid":77016,"phase":"git:rev-parse","start_ns":1789219432849788000,"ns":8319625}
PERF {"pid":77016,"phase":"git:rev-parse","start_ns":1789219432858186000,"ns":7532084}
PERF {"pid":77016,"phase":"git:rev-parse","start_ns":1789219432865817000,"ns":8464125}
PERF {"pid":77016,"phase":"git:rev-parse","start_ns":1789219432874362000,"ns":7203333}
PERF {"pid":77016,"phase":"git:rev-parse","start_ns":1789219432881639000,"ns":7299541}
PERF {"pid":77016,"phase":"git:rev-parse","start_ns":1789219432888983000,"ns":7966042}
PERF {"pid":77016,"phase":"git:rev-parse","start_ns":1789219432897029000,"ns":7499209}
PERF {"pid":77016,"phase":"git:rev-parse","start_ns":1789219432904574000,"ns":7099666}
PERF {"pid":77016,"phase":"git:rev-parse","start_ns":1789219432911766000,"ns":7188042}
PERF {"pid":77016,"phase":"git:rev-parse","start_ns":1789219432919065000,"ns":7731125}
PERF {"pid":77016,"phase":"git:rev-parse","start_ns":1789219432926837000,"ns":8190334}
PERF {"pid":77016,"phase":"git:rev-parse","start_ns":1789219432935092000,"ns":8133041}
PERF {"pid":77016,"phase":"git:rev-parse","start_ns":1789219432943275000,"ns":7870584}
PERF {"pid":77016,"phase":"git:rev-parse","start_ns":1789219432951205000,"ns":8102166}
PERF {"pid":77016,"phase":"git:rev-parse","start_ns":1789219432959343000,"ns":7835334}
PERF {"pid":77016,"phase":"git:rev-parse","start_ns":1789219432967228000,"ns":8421458}
PERF {"pid":77016,"phase":"git:rev-parse","start_ns":1789219432975692000,"ns":7924625}
PERF {"pid":77016,"phase":"git:rev-parse","start_ns":1789219432983688000,"ns":8519958}
PERF {"pid":77016,"phase":"git:rev-parse","start_ns":1789219432992280000,"ns":8942500}
PERF {"pid":77016,"phase":"git:rev-parse","start_ns":1789219433001275000,"ns":8677250}
PERF {"pid":77016,"phase":"git:rev-parse","start_ns":1789219433010022000,"ns":7612750}
PERF {"pid":77016,"phase":"git:rev-parse","start_ns":1789219433017740000,"ns":8892375}
PERF {"pid":77016,"phase":"git:rev-parse","start_ns":1789219433026710000,"ns":8833791}
PERF {"pid":77016,"phase":"git:rev-parse","start_ns":1789219433035601000,"ns":8148750}
PERF {"pid":77016,"phase":"git:rev-parse","start_ns":1789219433043855000,"ns":7977375}
PERF {"pid":77016,"phase":"git:rev-parse","start_ns":1789219433051893000,"ns":8239666}
PERF {"pid":77016,"phase":"git:rev-parse","start_ns":1789219433060166000,"ns":7790792}
PERF {"pid":77016,"phase":"git:rev-parse","start_ns":1789219433068026000,"ns":8135375}
PERF {"pid":77016,"phase":"git:rev-parse","start_ns":1789219433076218000,"ns":7944583}
PERF {"pid":77016,"phase":"git:rev-parse","start_ns":1789219433084228000,"ns":7847583}
PERF {"pid":77016,"phase":"git:rev-parse","start_ns":1789219433092144000,"ns":7812583}
PERF {"pid":77016,"phase":"git:rev-parse","start_ns":1789219433100047000,"ns":8034334}
PERF {"pid":77016,"phase":"git:rev-parse","start_ns":1789219433108169000,"ns":7523458}
PERF {"pid":77016,"phase":"git:rev-parse","start_ns":1789219433115792000,"ns":7727083}
PERF {"pid":77016,"phase":"git:rev-parse","start_ns":1789219433123623000,"ns":7836834}
PERF {"pid":77016,"phase":"git:rev-parse","start_ns":1789219433131543000,"ns":7817250}
PERF {"pid":77016,"phase":"git:rev-parse","start_ns":1789219433139457000,"ns":9208042}
PERF {"pid":77016,"phase":"git:rev-parse","start_ns":1789219433148737000,"ns":8034792}
PERF {"pid":77016,"phase":"git:rev-parse","start_ns":1789219433156923000,"ns":7615375}
PERF {"pid":77016,"phase":"git:rev-parse","start_ns":1789219433164638000,"ns":7904334}
PERF {"pid":77016,"phase":"git:rev-parse","start_ns":1789219433172640000,"ns":7144125}
PERF {"pid":77016,"phase":"git:rev-parse","start_ns":1789219433179861000,"ns":8033125}
PERF {"pid":77016,"phase":"git:rev-parse","start_ns":1789219433187986000,"ns":8197542}
PERF {"pid":77016,"phase":"git:rev-parse","start_ns":1789219433196234000,"ns":7925792}
PERF {"pid":77016,"phase":"git:rev-parse","start_ns":1789219433204206000,"ns":8191208}
PERF {"pid":77016,"phase":"git:rev-parse","start_ns":1789219433212478000,"ns":7598958}
PERF {"pid":77016,"phase":"git:rev-parse","start_ns":1789219433220155000,"ns":7938417}
PERF {"pid":77016,"phase":"git:rev-parse","start_ns":1789219433228189000,"ns":7639750}
PERF {"pid":77016,"phase":"git:rev-parse","start_ns":1789219433235885000,"ns":8257666}
PERF {"pid":77016,"phase":"git:rev-parse","start_ns":1789219433244181000,"ns":7669500}
PERF {"pid":77016,"phase":"git:rev-parse","start_ns":1789219433251914000,"ns":8646750}
PERF {"pid":77016,"phase":"git:rev-parse","start_ns":1789219433260714000,"ns":7791875}
PERF {"pid":77016,"phase":"git:rev-parse","start_ns":1789219433268566000,"ns":8508750}
PERF {"pid":77016,"phase":"git:rev-parse","start_ns":1789219433277266000,"ns":7987416}
PERF {"pid":77016,"phase":"git:rev-parse","start_ns":1789219433285291000,"ns":8056042}
PERF {"pid":77016,"phase":"git:rev-parse","start_ns":1789219433293414000,"ns":8068417}
PERF {"pid":77016,"phase":"git:rev-parse","start_ns":1789219433301542000,"ns":8337750}
PERF {"pid":77016,"phase":"git:rev-parse","start_ns":1789219433309941000,"ns":7648209}
PERF {"pid":77016,"phase":"git:rev-parse","start_ns":1789219433317653000,"ns":7427208}
PERF {"pid":77016,"phase":"git:rev-parse","start_ns":1789219433325132000,"ns":7945291}
PERF {"pid":77016,"phase":"git:rev-parse","start_ns":1789219433333109000,"ns":7688167}
PERF {"pid":77016,"phase":"git:rev-parse","start_ns":1789219433340956000,"ns":8978667}
PERF {"pid":77016,"phase":"git:rev-parse","start_ns":1789219433349972000,"ns":8375125}
PERF {"pid":77016,"phase":"git:rev-parse","start_ns":1789219433358455000,"ns":8289459}
PERF {"pid":77016,"phase":"git:rev-parse","start_ns":1789219433366781000,"ns":7907625}
PERF {"pid":77016,"phase":"git:rev-parse","start_ns":1789219433374751000,"ns":7451833}
PERF {"pid":77016,"phase":"git:rev-parse","start_ns":1789219433382292000,"ns":7758041}
PERF {"pid":77016,"phase":"git:rev-parse","start_ns":1789219433390123000,"ns":7842333}
PERF {"pid":77016,"phase":"git:rev-parse","start_ns":1789219433398068000,"ns":8127542}
PERF {"pid":77016,"phase":"git:rev-parse","start_ns":1789219433406262000,"ns":8627042}
PERF {"pid":77016,"phase":"git:rev-parse","start_ns":1789219433414959000,"ns":7491291}
PERF {"pid":77016,"phase":"git:rev-parse","start_ns":1789219433422507000,"ns":7773250}
PERF {"pid":77016,"phase":"git:rev-parse","start_ns":1789219433430339000,"ns":6350000}
PERF {"pid":77016,"phase":"git:rev-parse","start_ns":1789219433436733000,"ns":7679958}
PERF {"pid":77016,"phase":"git:rev-parse","start_ns":1789219433444511000,"ns":7110375}
PERF {"pid":77016,"phase":"git:rev-parse","start_ns":1789219433451686000,"ns":7373209}
PERF {"pid":77016,"phase":"git:rev-parse","start_ns":1789219433459120000,"ns":7920708}
PERF {"pid":77016,"phase":"git:rev-parse","start_ns":1789219433467106000,"ns":7185000}
PERF {"pid":77016,"phase":"git:rev-parse","start_ns":1789219433474356000,"ns":7325375}
PERF {"pid":77016,"phase":"git:rev-parse","start_ns":1789219433481753000,"ns":7030542}
PERF {"pid":77016,"phase":"git:rev-parse","start_ns":1789219433488847000,"ns":6037167}
PERF {"pid":77016,"phase":"git:rev-parse","start_ns":1789219433494994000,"ns":7557667}
PERF {"pid":77016,"phase":"git:rev-parse","start_ns":1789219433502590000,"ns":6574917}
PERF {"pid":77016,"phase":"git:rev-parse","start_ns":1789219433509223000,"ns":7574416}
PERF {"pid":77016,"phase":"git:rev-parse","start_ns":1789219433516869000,"ns":7312667}
PERF {"pid":77016,"phase":"git:rev-parse","start_ns":1789219433524225000,"ns":6626416}
PERF {"pid":77016,"phase":"git:rev-parse","start_ns":1789219433530912000,"ns":8027542}
PERF {"pid":77016,"phase":"git:rev-parse","start_ns":1789219433538997000,"ns":6432833}
PERF {"pid":77016,"phase":"git:rev-parse","start_ns":1789219433545473000,"ns":9564708}
PERF {"pid":77016,"phase":"git:rev-parse","start_ns":1789219433555115000,"ns":8725000}
PERF {"pid":77016,"phase":"git:rev-parse","start_ns":1789219433563954000,"ns":6955292}
PERF {"pid":77016,"phase":"git:rev-parse","start_ns":1789219433570973000,"ns":7035041}
PERF {"pid":77016,"phase":"git:rev-parse","start_ns":1789219433578251000,"ns":7994083}
PERF {"pid":77016,"phase":"git:rev-parse","start_ns":1789219433586325000,"ns":8837916}
PERF {"pid":77016,"phase":"git:rev-parse","start_ns":1789219433595259000,"ns":7446042}
PERF {"pid":77016,"phase":"git:rev-parse","start_ns":1789219433602817000,"ns":7192083}
PERF {"pid":77016,"phase":"git:rev-parse","start_ns":1789219433610079000,"ns":7672625}
PERF {"pid":77016,"phase":"git:rev-parse","start_ns":1789219433617800000,"ns":6871125}
PERF {"pid":77016,"phase":"git:rev-parse","start_ns":1789219433624717000,"ns":7630750}
PERF {"pid":77016,"phase":"git:rev-parse","start_ns":1789219433632453000,"ns":7241292}
PERF {"pid":77016,"phase":"git:rev-parse","start_ns":1789219433639756000,"ns":7374084}
PERF {"pid":77016,"phase":"git:rev-parse","start_ns":1789219433647162000,"ns":7819958}
PERF {"pid":77016,"phase":"git:rev-parse","start_ns":1789219433655017000,"ns":7917250}
PERF {"pid":77016,"phase":"git:rev-parse","start_ns":1789219433662965000,"ns":8725042}
PERF {"pid":77016,"phase":"git:rev-parse","start_ns":1789219433674107000,"ns":8479667}
PERF {"pid":77016,"phase":"git:rev-parse","start_ns":1789219433683190000,"ns":7310250}
PERF {"pid":77016,"phase":"git:rev-parse","start_ns":1789219433690676000,"ns":9172000}
PERF {"pid":77016,"phase":"git:rev-parse","start_ns":1789219433699918000,"ns":6880834}
PERF {"pid":77016,"phase":"git:rev-parse","start_ns":1789219433706832000,"ns":7124708}
PERF {"pid":77016,"phase":"git:rev-parse","start_ns":1789219433713991000,"ns":7496625}
PERF {"pid":77016,"phase":"git:rev-parse","start_ns":1789219433721555000,"ns":7768333}
PERF {"pid":77016,"phase":"git:rev-parse","start_ns":1789219433729391000,"ns":7381208}
PERF {"pid":77016,"phase":"git:rev-parse","start_ns":1789219433736815000,"ns":7590000}
PERF {"pid":77016,"phase":"git:rev-parse","start_ns":1789219433744514000,"ns":8516750}
PERF {"pid":77016,"phase":"git:rev-parse","start_ns":1789219433753096000,"ns":7015958}
PERF {"pid":77016,"phase":"git:rev-parse","start_ns":1789219433760184000,"ns":7601583}
PERF {"pid":77016,"phase":"git:rev-parse","start_ns":1789219433767847000,"ns":6636417}
PERF {"pid":77016,"phase":"git:rev-parse","start_ns":1789219433774555000,"ns":7062125}
PERF {"pid":77016,"phase":"git:rev-parse","start_ns":1789219433781650000,"ns":7387833}
PERF {"pid":77016,"phase":"git:rev-parse","start_ns":1789219433789071000,"ns":7776292}
PERF {"pid":77016,"phase":"git:rev-parse","start_ns":1789219433796902000,"ns":7549500}
PERF {"pid":77016,"phase":"git:rev-parse","start_ns":1789219433804509000,"ns":7626625}
PERF {"pid":77016,"phase":"git:rev-parse","start_ns":1789219433812198000,"ns":7272584}
PERF {"pid":77016,"phase":"git:rev-parse","start_ns":1789219433819543000,"ns":7159792}
PERF {"pid":77016,"phase":"git:rev-parse","start_ns":1789219433826773000,"ns":7497209}
PERF {"pid":77016,"phase":"git:rev-parse","start_ns":1789219433834344000,"ns":6643000}
PERF {"pid":77016,"phase":"git:rev-parse","start_ns":1789219433841027000,"ns":7048250}
PERF {"pid":77016,"phase":"git:rev-parse","start_ns":1789219433848130000,"ns":7474791}
PERF {"pid":77016,"phase":"git:rev-parse","start_ns":1789219433855659000,"ns":7126125}
PERF {"pid":77016,"phase":"git:rev-parse","start_ns":1789219433862842000,"ns":8072416}
PERF {"pid":77016,"phase":"git:rev-parse","start_ns":1789219433871001000,"ns":7408417}
PERF {"pid":77016,"phase":"git:rev-parse","start_ns":1789219433878471000,"ns":7626708}
PERF {"pid":77016,"phase":"git:rev-parse","start_ns":1789219433886155000,"ns":7233375}
PERF {"pid":77016,"phase":"git:rev-parse","start_ns":1789219433893449000,"ns":7487167}
PERF {"pid":77016,"phase":"git:rev-parse","start_ns":1789219433901000000,"ns":7420833}
PERF {"pid":77016,"phase":"git:rev-parse","start_ns":1789219433908476000,"ns":7491208}
PERF {"pid":77016,"phase":"git:rev-parse","start_ns":1789219433916043000,"ns":7177250}
PERF {"pid":77016,"phase":"git:rev-parse","start_ns":1789219433923273000,"ns":6517042}
PERF {"pid":77016,"phase":"git:rev-parse","start_ns":1789219433929864000,"ns":7735291}
PERF {"pid":77016,"phase":"git:rev-parse","start_ns":1789219433937642000,"ns":6199250}
PERF {"pid":77016,"phase":"git:rev-parse","start_ns":1789219433943910000,"ns":7866042}
PERF {"pid":77016,"phase":"git:rev-parse","start_ns":1789219433951811000,"ns":7062042}
PERF {"pid":77016,"phase":"git:rev-parse","start_ns":1789219433958905000,"ns":7845541}
PERF {"pid":77016,"phase":"git:rev-parse","start_ns":1789219433966825000,"ns":8215875}
PERF {"pid":77016,"phase":"git:rev-parse","start_ns":1789219433975101000,"ns":8224875}
PERF {"pid":77016,"phase":"git:rev-parse","start_ns":1789219433983427000,"ns":8932875}
PERF {"pid":77016,"phase":"git:rev-parse","start_ns":1789219433992419000,"ns":9674167}
PERF {"pid":77016,"phase":"git:rev-parse","start_ns":1789219434002137000,"ns":8765833}
PERF {"pid":77016,"phase":"git:rev-parse","start_ns":1789219434010943000,"ns":9287459}
PERF {"pid":77016,"phase":"git:rev-parse","start_ns":1789219434020280000,"ns":10803792}
PERF {"pid":77016,"phase":"git:rev-parse","start_ns":1789219434031157000,"ns":8577375}
PERF {"pid":77016,"phase":"git:rev-parse","start_ns":1789219434039825000,"ns":8362542}
PERF {"pid":77016,"phase":"git:rev-parse","start_ns":1789219434048233000,"ns":7814459}
PERF {"pid":77016,"phase":"git:rev-parse","start_ns":1789219434056125000,"ns":10391250}
PERF {"pid":77016,"phase":"git:rev-parse","start_ns":1789219434066605000,"ns":7904292}
PERF {"pid":77016,"phase":"git:rev-parse","start_ns":1789219434074569000,"ns":8662375}
PERF {"pid":77016,"phase":"git:rev-parse","start_ns":1789219434083313000,"ns":9470500}
PERF {"pid":77016,"phase":"git:rev-parse","start_ns":1789219434092883000,"ns":9438167}
PERF {"pid":77016,"phase":"git:rev-parse","start_ns":1789219434102400000,"ns":9243958}
PERF {"pid":77016,"phase":"git:rev-parse","start_ns":1789219434111740000,"ns":7274000}
PERF {"pid":77016,"phase":"git:rev-parse","start_ns":1789219434119060000,"ns":7800209}
PERF {"pid":77016,"phase":"git:rev-parse","start_ns":1789219434126898000,"ns":8281333}
PERF {"pid":77016,"phase":"git:rev-parse","start_ns":1789219434135219000,"ns":7595792}
PERF {"pid":77016,"phase":"git:rev-parse","start_ns":1789219434142849000,"ns":8334500}
PERF {"pid":77016,"phase":"git:rev-parse","start_ns":1789219434151219000,"ns":7418834}
PERF {"pid":77016,"phase":"git:rev-parse","start_ns":1789219434158725000,"ns":7814209}
PERF {"pid":77016,"phase":"git:rev-parse","start_ns":1789219434166632000,"ns":8641166}
PERF {"pid":77016,"phase":"git:rev-parse","start_ns":1789219434175320000,"ns":8112916}
PERF {"pid":77016,"phase":"git:rev-parse","start_ns":1789219434183486000,"ns":7818333}
PERF {"pid":77016,"phase":"git:rev-parse","start_ns":1789219434191381000,"ns":7605958}
PERF {"pid":77016,"phase":"git:rev-parse","start_ns":1789219434199045000,"ns":8920000}
PERF {"pid":77016,"phase":"git:rev-parse","start_ns":1789219434208048000,"ns":6999000}
PERF {"pid":77016,"phase":"git:rev-parse","start_ns":1789219434215086000,"ns":7836209}
PERF {"pid":77016,"phase":"git:rev-parse","start_ns":1789219434222955000,"ns":8091542}
PERF {"pid":77016,"phase":"git:rev-parse","start_ns":1789219434231103000,"ns":7584292}
PERF {"pid":77016,"phase":"git:rev-parse","start_ns":1789219434238751000,"ns":7893500}
PERF {"pid":77016,"phase":"git:rev-parse","start_ns":1789219434246713000,"ns":7988125}
PERF {"pid":77016,"phase":"git:rev-parse","start_ns":1789219434254747000,"ns":8188084}
PERF {"pid":77016,"phase":"git:rev-parse","start_ns":1789219434263003000,"ns":7989750}
PERF {"pid":77016,"phase":"git:rev-parse","start_ns":1789219434271059000,"ns":7394625}
PERF {"pid":77016,"phase":"git:rev-parse","start_ns":1789219434278538000,"ns":7892416}
PERF {"pid":77016,"phase":"git:rev-parse","start_ns":1789219434286496000,"ns":7153959}
PERF {"pid":77016,"phase":"git:rev-parse","start_ns":1789219434293698000,"ns":9382834}
PERF {"pid":77016,"phase":"git:rev-parse","start_ns":1789219434303153000,"ns":7920375}
PERF {"pid":77016,"phase":"git:rev-parse","start_ns":1789219434311169000,"ns":8030708}
PERF {"pid":77016,"phase":"git:rev-parse","start_ns":1789219434319284000,"ns":7009041}
PERF {"pid":77016,"phase":"git:rev-parse","start_ns":1789219434326429000,"ns":6632584}
PERF {"pid":77016,"phase":"git:rev-parse","start_ns":1789219434333142000,"ns":8577708}
PERF {"pid":77016,"phase":"git:rev-parse","start_ns":1789219434341837000,"ns":7916708}
PERF {"pid":77016,"phase":"git:rev-parse","start_ns":1789219434349832000,"ns":8821333}
PERF {"pid":77016,"phase":"git:rev-parse","start_ns":1789219434358702000,"ns":9480208}
PERF {"pid":77016,"phase":"git:rev-parse","start_ns":1789219434368252000,"ns":9575875}
PERF {"pid":77016,"phase":"git:rev-parse","start_ns":1789219434377877000,"ns":8698875}
PERF {"pid":77016,"phase":"git:rev-parse","start_ns":1789219434386642000,"ns":8531166}
PERF {"pid":77016,"phase":"git:rev-parse","start_ns":1789219434395281000,"ns":6549542}
PERF {"pid":77016,"phase":"git:rev-parse","start_ns":1789219434401895000,"ns":7123833}
PERF {"pid":77016,"phase":"git:rev-parse","start_ns":1789219434409099000,"ns":6678917}
PERF {"pid":77016,"phase":"git:rev-parse","start_ns":1789219434415868000,"ns":6789292}
PERF {"pid":77016,"phase":"git:rev-parse","start_ns":1789219434422694000,"ns":6960834}
PERF {"pid":77016,"phase":"git:rev-parse","start_ns":1789219434429714000,"ns":7676041}
PERF {"pid":77016,"phase":"git:rev-parse","start_ns":1789219434437456000,"ns":7400875}
PERF {"pid":77016,"phase":"git:rev-parse","start_ns":1789219434444919000,"ns":7237542}
PERF {"pid":77016,"phase":"git:rev-parse","start_ns":1789219434452217000,"ns":7480250}
PERF {"pid":77016,"phase":"git:rev-parse","start_ns":1789219434459751000,"ns":8583416}
PERF {"pid":77016,"phase":"git:rev-parse","start_ns":1789219434468399000,"ns":6737542}
PERF {"pid":77016,"phase":"git:rev-parse","start_ns":1789219434475205000,"ns":7972541}
PERF {"pid":77016,"phase":"git:rev-parse","start_ns":1789219434483248000,"ns":7659500}
PERF {"pid":77016,"phase":"git:rev-parse","start_ns":1789219434490952000,"ns":7067000}
PERF {"pid":77016,"phase":"git:rev-parse","start_ns":1789219434498098000,"ns":7582542}
PERF {"pid":77016,"phase":"git:rev-parse","start_ns":1789219434505771000,"ns":7341834}
PERF {"pid":77016,"phase":"git:rev-parse","start_ns":1789219434513159000,"ns":8155125}
PERF {"pid":77016,"phase":"git:rev-parse","start_ns":1789219434521406000,"ns":6540000}
PERF {"pid":77016,"phase":"git:rev-parse","start_ns":1789219434528006000,"ns":7547167}
PERF {"pid":77016,"phase":"git:rev-parse","start_ns":1789219434535586000,"ns":7242125}
PERF {"pid":77016,"phase":"git:rev-parse","start_ns":1789219434542886000,"ns":7152875}
PERF {"pid":77016,"phase":"git:rev-parse","start_ns":1789219434550095000,"ns":7085125}
PERF {"pid":77016,"phase":"git:rev-parse","start_ns":1789219434557249000,"ns":7323250}
PERF {"pid":77016,"phase":"git:rev-parse","start_ns":1789219434564667000,"ns":6193416}
PERF {"pid":77016,"phase":"git:rev-parse","start_ns":1789219434570941000,"ns":6993709}
PERF {"pid":77016,"phase":"git:rev-parse","start_ns":1789219434577968000,"ns":8083416}
PERF {"pid":77016,"phase":"git:rev-parse","start_ns":1789219434586092000,"ns":7428750}
PERF {"pid":77016,"phase":"git:rev-parse","start_ns":1789219434593582000,"ns":7224750}
PERF {"pid":77016,"phase":"git:rev-parse","start_ns":1789219434600895000,"ns":6816500}
PERF {"pid":77016,"phase":"git:rev-parse","start_ns":1789219434607793000,"ns":6571250}
PERF {"pid":77016,"phase":"git:rev-parse","start_ns":1789219434614398000,"ns":7334292}
PERF {"pid":77016,"phase":"git:rev-parse","start_ns":1789219434621762000,"ns":7287584}
PERF {"pid":77016,"phase":"git:rev-parse","start_ns":1789219434629107000,"ns":7019000}
PERF {"pid":77016,"phase":"git:rev-parse","start_ns":1789219434636204000,"ns":7461709}
PERF {"pid":77016,"phase":"git:rev-parse","start_ns":1789219434643708000,"ns":6900708}
PERF {"pid":77016,"phase":"git:rev-parse","start_ns":1789219434650662000,"ns":6926584}
PERF {"pid":77016,"phase":"git:rev-parse","start_ns":1789219434657674000,"ns":6998416}
PERF {"pid":77016,"phase":"git:rev-parse","start_ns":1789219434664722000,"ns":7780792}
PERF {"pid":77016,"phase":"git:rev-parse","start_ns":1789219434672563000,"ns":8734916}
PERF {"pid":77016,"phase":"git:rev-parse","start_ns":1789219434681334000,"ns":7658000}
PERF {"pid":77016,"phase":"git:rev-parse","start_ns":1789219434689029000,"ns":7699916}
PERF {"pid":77016,"phase":"git:rev-parse","start_ns":1789219434696849000,"ns":7966667}
PERF {"pid":77016,"phase":"git:rev-parse","start_ns":1789219434704854000,"ns":7767875}
PERF {"pid":77016,"phase":"git:rev-parse","start_ns":1789219434712674000,"ns":7099166}
PERF {"pid":77016,"phase":"git:rev-parse","start_ns":1789219434719840000,"ns":6972958}
PERF {"pid":77016,"phase":"git:rev-parse","start_ns":1789219434726856000,"ns":7147708}
PERF {"pid":77016,"phase":"git:rev-parse","start_ns":1789219434734180000,"ns":7151625}
PERF {"pid":77016,"phase":"git:rev-parse","start_ns":1789219434741377000,"ns":7260459}
PERF {"pid":77016,"phase":"git:rev-parse","start_ns":1789219434748772000,"ns":7114667}
PERF {"pid":77016,"phase":"git:rev-parse","start_ns":1789219434755956000,"ns":7676333}
PERF {"pid":77016,"phase":"git:rev-parse","start_ns":1789219434763703000,"ns":8050917}
PERF {"pid":77016,"phase":"git:rev-parse","start_ns":1789219434771826000,"ns":9413958}
PERF {"pid":77016,"phase":"git:rev-parse","start_ns":1789219434781304000,"ns":8557916}
PERF {"pid":77016,"phase":"git:rev-parse","start_ns":1789219434789905000,"ns":8210584}
PERF {"pid":77016,"phase":"git:rev-parse","start_ns":1789219434798159000,"ns":7488542}
PERF {"pid":77016,"phase":"git:rev-parse","start_ns":1789219434805712000,"ns":9623708}
PERF {"pid":77016,"phase":"git:rev-parse","start_ns":1789219434815608000,"ns":9989709}
PERF {"pid":77016,"phase":"git:rev-parse","start_ns":1789219434825714000,"ns":8126041}
PERF {"pid":77016,"phase":"git:rev-parse","start_ns":1789219434833913000,"ns":9850250}
PERF {"pid":77016,"phase":"git:rev-parse","start_ns":1789219434843836000,"ns":7947833}
PERF {"pid":77016,"phase":"git:rev-parse","start_ns":1789219434851827000,"ns":7567084}
PERF {"pid":77016,"phase":"git:rev-parse","start_ns":1789219434859440000,"ns":7492541}
PERF {"pid":77016,"phase":"git:rev-parse","start_ns":1789219434866999000,"ns":7123625}
PERF {"pid":77016,"phase":"git:rev-parse","start_ns":1789219434874155000,"ns":7037792}
PERF {"pid":77016,"phase":"git:rev-parse","start_ns":1789219434881262000,"ns":6424500}
PERF {"pid":77016,"phase":"git:rev-parse","start_ns":1789219434887769000,"ns":6395542}
PERF {"pid":77016,"phase":"git:rev-parse","start_ns":1789219434894232000,"ns":7750084}
PERF {"pid":77016,"phase":"git:rev-parse","start_ns":1789219434902013000,"ns":6912125}
PERF {"pid":77016,"phase":"git:rev-parse","start_ns":1789219434908986000,"ns":6538041}
PERF {"pid":77016,"phase":"git:rev-parse","start_ns":1789219434915589000,"ns":5706041}
PERF {"pid":77016,"phase":"git:rev-parse","start_ns":1789219434921349000,"ns":6873833}
PERF {"pid":77016,"phase":"git:rev-parse","start_ns":1789219434928280000,"ns":7028250}
PERF {"pid":77016,"phase":"git:rev-parse","start_ns":1789219434935377000,"ns":7090291}
PERF {"pid":77016,"phase":"git:rev-parse","start_ns":1789219434942536000,"ns":6433333}
PERF {"pid":77016,"phase":"git:rev-parse","start_ns":1789219434949015000,"ns":6718458}
PERF {"pid":77016,"phase":"git:rev-parse","start_ns":1789219434955787000,"ns":7882042}
PERF {"pid":77016,"phase":"git:rev-parse","start_ns":1789219434963738000,"ns":7506291}
PERF {"pid":77016,"phase":"git:rev-parse","start_ns":1789219434971283000,"ns":8264375}
PERF {"pid":77016,"phase":"git:rev-parse","start_ns":1789219434979585000,"ns":7327458}
PERF {"pid":77016,"phase":"git:rev-parse","start_ns":1789219434986952000,"ns":20054875}
PERF {"pid":77016,"phase":"git:rev-parse","start_ns":1789219435007455000,"ns":29960666}
PERF {"pid":77016,"phase":"git:rev-parse","start_ns":1789219435037845000,"ns":24363458}
PERF {"pid":77016,"phase":"git:rev-parse","start_ns":1789219435062278000,"ns":8099959}
PERF {"pid":77016,"phase":"git:for-each-ref","start_ns":1789219435070443000,"ns":43763416}
PERF {"pid":77016,"phase":"pins","start_ns":1789219427222488000,"ns":7892705125}
PERF {"pid":77016,"phase":"git:hash-object","start_ns":1789219435115355000,"ns":34057250}
PERF {"pid":77016,"phase":"git:mktree","start_ns":1789219435149533000,"ns":7987334}
PERF {"pid":77016,"phase":"git:commit-tree","start_ns":1789219435157592000,"ns":12573792}
PERF {"pid":77016,"phase":"git:update-ref","start_ns":1789219435171574000,"ns":338165792}
PERF {"pid":77016,"phase":"lock-held","start_ns":1789219427151930000,"ns":8357764458}
PERF {"pid":77016,"phase":"lock-wait","start_ns":1789219435510006000,"ns":109334}
PERF {"pid":77016,"phase":"git:for-each-ref","start_ns":1789219435510137000,"ns":7144500}
PERF {"pid":77016,"phase":"git:cat-file","start_ns":1789219435517358000,"ns":7381125}
PERF {"pid":77016,"phase":"git:ls-tree","start_ns":1789219435524797000,"ns":7869375}
PERF {"pid":77016,"phase":"git:cat-file","start_ns":1789219435532792000,"ns":12517667}
PERF {"pid":77016,"phase":"read","start_ns":1789219435510136000,"ns":51841500}
PERF {"pid":77016,"phase":"encode-before","start_ns":1789219435562054000,"ns":8759375}
PERF {"pid":77016,"phase":"encode-after","start_ns":1789219435570869000,"ns":5864125}
PERF {"pid":77016,"phase":"git:cat-file","start_ns":1789219435578773000,"ns":9820792}
PERF {"pid":77016,"phase":"git:rev-parse","start_ns":1789219435588852000,"ns":7777667}
PERF {"pid":77016,"phase":"git:rev-parse","start_ns":1789219435596734000,"ns":7939584}
PERF {"pid":77016,"phase":"git:rev-parse","start_ns":1789219435604722000,"ns":7496750}
PERF {"pid":77016,"phase":"git:rev-parse","start_ns":1789219435612299000,"ns":7076125}
PERF {"pid":77016,"phase":"git:rev-parse","start_ns":1789219435619459000,"ns":6819000}
PERF {"pid":77016,"phase":"git:rev-parse","start_ns":1789219435626323000,"ns":7306417}
PERF {"pid":77016,"phase":"git:rev-parse","start_ns":1789219435633664000,"ns":7449125}
PERF {"pid":77016,"phase":"git:rev-parse","start_ns":1789219435641149000,"ns":7754583}
PERF {"pid":77016,"phase":"git:rev-parse","start_ns":1789219435648942000,"ns":7324833}
PERF {"pid":77016,"phase":"git:rev-parse","start_ns":1789219435656297000,"ns":7537916}
PERF {"pid":77016,"phase":"git:rev-parse","start_ns":1789219435663875000,"ns":7119750}
PERF {"pid":77016,"phase":"git:rev-parse","start_ns":1789219435671036000,"ns":7253250}
PERF {"pid":77016,"phase":"git:rev-parse","start_ns":1789219435678412000,"ns":6748375}
PERF {"pid":77016,"phase":"git:rev-parse","start_ns":1789219435685255000,"ns":7138917}
PERF {"pid":77016,"phase":"git:rev-parse","start_ns":1789219435692432000,"ns":7567792}
PERF {"pid":77016,"phase":"git:rev-parse","start_ns":1789219435700034000,"ns":8173750}
PERF {"pid":77016,"phase":"git:rev-parse","start_ns":1789219435708259000,"ns":7266750}
PERF {"pid":77016,"phase":"git:rev-parse","start_ns":1789219435715594000,"ns":7353542}
PERF {"pid":77016,"phase":"git:rev-parse","start_ns":1789219435723009000,"ns":7941417}
PERF {"pid":77016,"phase":"git:rev-parse","start_ns":1789219435731000000,"ns":7328541}
PERF {"pid":77016,"phase":"git:rev-parse","start_ns":1789219435738391000,"ns":6966750}
PERF {"pid":77016,"phase":"git:rev-parse","start_ns":1789219435745402000,"ns":7079792}
PERF {"pid":77016,"phase":"git:rev-parse","start_ns":1789219435752567000,"ns":7244875}
PERF {"pid":77016,"phase":"git:rev-parse","start_ns":1789219435759876000,"ns":8973500}
PERF {"pid":77016,"phase":"git:rev-parse","start_ns":1789219435768920000,"ns":7350750}
PERF {"pid":77016,"phase":"git:rev-parse","start_ns":1789219435776345000,"ns":7898958}
PERF {"pid":77016,"phase":"git:rev-parse","start_ns":1789219435784282000,"ns":7809209}
PERF {"pid":77016,"phase":"git:rev-parse","start_ns":1789219435792129000,"ns":7593291}
PERF {"pid":77016,"phase":"git:rev-parse","start_ns":1789219435799758000,"ns":8512083}
PERF {"pid":77016,"phase":"git:rev-parse","start_ns":1789219435808330000,"ns":8447875}
PERF {"pid":77016,"phase":"git:rev-parse","start_ns":1789219435816816000,"ns":8683458}
PERF {"pid":77016,"phase":"git:rev-parse","start_ns":1789219435825534000,"ns":9337459}
PERF {"pid":77016,"phase":"git:rev-parse","start_ns":1789219435834904000,"ns":10655250}
PERF {"pid":77016,"phase":"git:rev-parse","start_ns":1789219435845625000,"ns":8843291}
PERF {"pid":77016,"phase":"git:rev-parse","start_ns":1789219435854551000,"ns":8028875}
PERF {"pid":77016,"phase":"git:rev-parse","start_ns":1789219435862683000,"ns":8701625}
PERF {"pid":77016,"phase":"git:rev-parse","start_ns":1789219435871457000,"ns":7774708}
PERF {"pid":77016,"phase":"git:rev-parse","start_ns":1789219435879327000,"ns":12465750}
PERF {"pid":77016,"phase":"git:rev-parse","start_ns":1789219435891832000,"ns":8645666}
PERF {"pid":77016,"phase":"git:rev-parse","start_ns":1789219435900521000,"ns":8296000}
PERF {"pid":77016,"phase":"git:rev-parse","start_ns":1789219435908863000,"ns":9938542}
PERF {"pid":77016,"phase":"git:rev-parse","start_ns":1789219435918908000,"ns":8099709}
PERF {"pid":77016,"phase":"git:rev-parse","start_ns":1789219435927103000,"ns":8174125}
PERF {"pid":77016,"phase":"git:rev-parse","start_ns":1789219435935400000,"ns":10033833}
PERF {"pid":77016,"phase":"git:rev-parse","start_ns":1789219435945595000,"ns":8202917}
PERF {"pid":77016,"phase":"git:rev-parse","start_ns":1789219435953866000,"ns":7746000}
PERF {"pid":77016,"phase":"git:rev-parse","start_ns":1789219435961655000,"ns":7349125}
PERF {"pid":77016,"phase":"git:rev-parse","start_ns":1789219435969051000,"ns":6927250}
PERF {"pid":77016,"phase":"git:rev-parse","start_ns":1789219435976020000,"ns":8020916}
PERF {"pid":77016,"phase":"git:rev-parse","start_ns":1789219435984084000,"ns":8001708}
PERF {"pid":77016,"phase":"git:rev-parse","start_ns":1789219435992127000,"ns":10404084}
PERF {"pid":77016,"phase":"git:rev-parse","start_ns":1789219436002604000,"ns":6866542}
PERF {"pid":77016,"phase":"git:rev-parse","start_ns":1789219436009543000,"ns":9991625}
PERF {"pid":77016,"phase":"git:rev-parse","start_ns":1789219436019610000,"ns":10537500}
PERF {"pid":77016,"phase":"git:rev-parse","start_ns":1789219436030269000,"ns":13864208}
PERF {"pid":77016,"phase":"git:rev-parse","start_ns":1789219436044173000,"ns":11652000}
PERF {"pid":77016,"phase":"git:rev-parse","start_ns":1789219436055877000,"ns":15412833}
PERF {"pid":77016,"phase":"git:rev-parse","start_ns":1789219436071344000,"ns":12759125}
PERF {"pid":77016,"phase":"git:rev-parse","start_ns":1789219436084144000,"ns":13343000}
PERF {"pid":77016,"phase":"git:rev-parse","start_ns":1789219436097539000,"ns":8751417}
PERF {"pid":77016,"phase":"git:rev-parse","start_ns":1789219436106357000,"ns":11279625}
PERF {"pid":77016,"phase":"git:rev-parse","start_ns":1789219436117938000,"ns":12932667}
PERF {"pid":77016,"phase":"git:rev-parse","start_ns":1789219436130911000,"ns":13145125}
PERF {"pid":77016,"phase":"git:rev-parse","start_ns":1789219436144209000,"ns":14162542}
PERF {"pid":77016,"phase":"git:rev-parse","start_ns":1789219436158500000,"ns":12277500}
PERF {"pid":77016,"phase":"git:rev-parse","start_ns":1789219436170851000,"ns":10720875}
PERF {"pid":77016,"phase":"git:rev-parse","start_ns":1789219436181641000,"ns":13806375}
PERF {"pid":77016,"phase":"git:rev-parse","start_ns":1789219436195504000,"ns":13096291}
PERF {"pid":77016,"phase":"git:rev-parse","start_ns":1789219436208644000,"ns":11376334}
PERF {"pid":77016,"phase":"git:rev-parse","start_ns":1789219436220220000,"ns":13656416}
PERF {"pid":77016,"phase":"git:rev-parse","start_ns":1789219436233928000,"ns":8988875}
PERF {"pid":77016,"phase":"git:rev-parse","start_ns":1789219436242956000,"ns":11924333}
PERF {"pid":77016,"phase":"git:rev-parse","start_ns":1789219436254937000,"ns":12333750}
PERF {"pid":77016,"phase":"git:rev-parse","start_ns":1789219436267312000,"ns":11741083}
PERF {"pid":77016,"phase":"git:rev-parse","start_ns":1789219436279155000,"ns":12353542}
PERF {"pid":77016,"phase":"git:rev-parse","start_ns":1789219436291560000,"ns":15708708}
PERF {"pid":77016,"phase":"git:rev-parse","start_ns":1789219436307458000,"ns":14022666}
PERF {"pid":77016,"phase":"git:rev-parse","start_ns":1789219436321543000,"ns":10659125}
PERF {"pid":77016,"phase":"git:rev-parse","start_ns":1789219436332248000,"ns":11096667}
PERF {"pid":77016,"phase":"git:rev-parse","start_ns":1789219436343507000,"ns":10118750}
PERF {"pid":77016,"phase":"git:rev-parse","start_ns":1789219436353667000,"ns":10426625}
PERF {"pid":77016,"phase":"git:rev-parse","start_ns":1789219436364157000,"ns":11480042}
PERF {"pid":77016,"phase":"git:rev-parse","start_ns":1789219436375717000,"ns":9053833}
PERF {"pid":77016,"phase":"git:rev-parse","start_ns":1789219436384836000,"ns":10590625}
PERF {"pid":77016,"phase":"git:rev-parse","start_ns":1789219436395504000,"ns":8358166}
PERF {"pid":77016,"phase":"git:rev-parse","start_ns":1789219436403918000,"ns":10186167}
PERF {"pid":77016,"phase":"git:rev-parse","start_ns":1789219436414147000,"ns":10303459}
PERF {"pid":77016,"phase":"git:rev-parse","start_ns":1789219436424529000,"ns":9393375}
PERF {"pid":77016,"phase":"git:rev-parse","start_ns":1789219436433963000,"ns":8047166}
PERF {"pid":77016,"phase":"git:rev-parse","start_ns":1789219436442093000,"ns":8639625}
PERF {"pid":77016,"phase":"git:rev-parse","start_ns":1789219436450770000,"ns":7864667}
PERF {"pid":77016,"phase":"git:rev-parse","start_ns":1789219436458702000,"ns":8841125}
PERF {"pid":77016,"phase":"git:rev-parse","start_ns":1789219436467583000,"ns":8053250}
PERF {"pid":77016,"phase":"git:rev-parse","start_ns":1789219436475709000,"ns":8996625}
PERF {"pid":77016,"phase":"git:rev-parse","start_ns":1789219436484759000,"ns":7713208}
PERF {"pid":77016,"phase":"git:rev-parse","start_ns":1789219436492542000,"ns":9370167}
PERF {"pid":77016,"phase":"git:rev-parse","start_ns":1789219436501954000,"ns":7352375}
PERF {"pid":77016,"phase":"git:rev-parse","start_ns":1789219436509379000,"ns":7950125}
PERF {"pid":77016,"phase":"git:rev-parse","start_ns":1789219436517430000,"ns":8193750}
PERF {"pid":77016,"phase":"git:rev-parse","start_ns":1789219436525747000,"ns":8372125}
PERF {"pid":77016,"phase":"git:rev-parse","start_ns":1789219436534165000,"ns":9548167}
PERF {"pid":77016,"phase":"git:rev-parse","start_ns":1789219436543781000,"ns":7971667}
PERF {"pid":77016,"phase":"git:rev-parse","start_ns":1789219436551889000,"ns":9019667}
PERF {"pid":77016,"phase":"git:rev-parse","start_ns":1789219436560950000,"ns":7988416}
PERF {"pid":77016,"phase":"git:rev-parse","start_ns":1789219436569027000,"ns":7648625}
PERF {"pid":77016,"phase":"git:rev-parse","start_ns":1789219436576737000,"ns":8746292}
PERF {"pid":77016,"phase":"git:rev-parse","start_ns":1789219436585545000,"ns":7690125}
PERF {"pid":77016,"phase":"git:rev-parse","start_ns":1789219436593362000,"ns":8794167}
PERF {"pid":77016,"phase":"git:rev-parse","start_ns":1789219436602384000,"ns":8765959}
PERF {"pid":77016,"phase":"git:rev-parse","start_ns":1789219436611195000,"ns":7923375}
PERF {"pid":77016,"phase":"git:rev-parse","start_ns":1789219436619161000,"ns":7890291}
PERF {"pid":77016,"phase":"git:rev-parse","start_ns":1789219436627121000,"ns":8264375}
PERF {"pid":77016,"phase":"git:rev-parse","start_ns":1789219436635470000,"ns":7962042}
PERF {"pid":77016,"phase":"git:rev-parse","start_ns":1789219436643491000,"ns":8858250}
PERF {"pid":77016,"phase":"git:rev-parse","start_ns":1789219436652389000,"ns":9276542}
PERF {"pid":77016,"phase":"git:rev-parse","start_ns":1789219436661758000,"ns":8622375}
PERF {"pid":77016,"phase":"git:rev-parse","start_ns":1789219436670655000,"ns":8584000}
PERF {"pid":77016,"phase":"git:rev-parse","start_ns":1789219436679334000,"ns":8859625}
PERF {"pid":77016,"phase":"git:rev-parse","start_ns":1789219436688233000,"ns":7518792}
PERF {"pid":77016,"phase":"git:rev-parse","start_ns":1789219436695791000,"ns":8391625}
PERF {"pid":77016,"phase":"git:rev-parse","start_ns":1789219436704226000,"ns":9947458}
PERF {"pid":77016,"phase":"git:rev-parse","start_ns":1789219436714240000,"ns":7815875}
PERF {"pid":77016,"phase":"git:rev-parse","start_ns":1789219436722093000,"ns":8244042}
PERF {"pid":77016,"phase":"git:rev-parse","start_ns":1789219436730450000,"ns":9653458}
PERF {"pid":77016,"phase":"git:rev-parse","start_ns":1789219436740152000,"ns":8026542}
PERF {"pid":77016,"phase":"git:rev-parse","start_ns":1789219436748259000,"ns":8182667}
PERF {"pid":77016,"phase":"git:rev-parse","start_ns":1789219436756594000,"ns":7742459}
PERF {"pid":77016,"phase":"git:rev-parse","start_ns":1789219436764421000,"ns":7904250}
PERF {"pid":77016,"phase":"git:rev-parse","start_ns":1789219436772367000,"ns":8026750}
PERF {"pid":77016,"phase":"git:rev-parse","start_ns":1789219436780455000,"ns":7992583}
PERF {"pid":77016,"phase":"git:rev-parse","start_ns":1789219436788487000,"ns":8330125}
PERF {"pid":77016,"phase":"git:rev-parse","start_ns":1789219436796853000,"ns":8777125}
PERF {"pid":77016,"phase":"git:rev-parse","start_ns":1789219436805737000,"ns":8357833}
PERF {"pid":77016,"phase":"git:rev-parse","start_ns":1789219436814164000,"ns":8695792}
PERF {"pid":77016,"phase":"git:rev-parse","start_ns":1789219436823114000,"ns":11955250}
PERF {"pid":77016,"phase":"git:rev-parse","start_ns":1789219436835128000,"ns":9188291}
PERF {"pid":77016,"phase":"git:rev-parse","start_ns":1789219436844394000,"ns":9026959}
PERF {"pid":77016,"phase":"git:rev-parse","start_ns":1789219436853468000,"ns":9346167}
PERF {"pid":77016,"phase":"git:rev-parse","start_ns":1789219436862883000,"ns":9101000}
PERF {"pid":77016,"phase":"git:rev-parse","start_ns":1789219436872023000,"ns":8342166}
PERF {"pid":77016,"phase":"git:rev-parse","start_ns":1789219436880515000,"ns":8627958}
PERF {"pid":77016,"phase":"git:rev-parse","start_ns":1789219436889213000,"ns":7935834}
PERF {"pid":77016,"phase":"git:rev-parse","start_ns":1789219436897224000,"ns":6924833}
PERF {"pid":77016,"phase":"git:rev-parse","start_ns":1789219436904206000,"ns":7766708}
PERF {"pid":77016,"phase":"git:rev-parse","start_ns":1789219436912041000,"ns":7751041}
PERF {"pid":77016,"phase":"git:rev-parse","start_ns":1789219436919828000,"ns":7094833}
PERF {"pid":77016,"phase":"git:rev-parse","start_ns":1789219436926966000,"ns":7683625}
PERF {"pid":77016,"phase":"git:rev-parse","start_ns":1789219436934709000,"ns":7740625}
PERF {"pid":77016,"phase":"git:rev-parse","start_ns":1789219436942487000,"ns":7873041}
PERF {"pid":77016,"phase":"git:rev-parse","start_ns":1789219436950395000,"ns":7429125}
PERF {"pid":77016,"phase":"git:rev-parse","start_ns":1789219436957876000,"ns":6908958}
PERF {"pid":77016,"phase":"git:rev-parse","start_ns":1789219436964848000,"ns":7758792}
PERF {"pid":77016,"phase":"git:rev-parse","start_ns":1789219436972641000,"ns":7267500}
PERF {"pid":77016,"phase":"git:rev-parse","start_ns":1789219436979940000,"ns":7237542}
PERF {"pid":77016,"phase":"git:rev-parse","start_ns":1789219436987228000,"ns":7049000}
PERF {"pid":77016,"phase":"git:rev-parse","start_ns":1789219436994311000,"ns":7980042}
PERF {"pid":77016,"phase":"git:rev-parse","start_ns":1789219437002349000,"ns":6754541}
PERF {"pid":77016,"phase":"git:rev-parse","start_ns":1789219437009181000,"ns":7629750}
PERF {"pid":77016,"phase":"git:rev-parse","start_ns":1789219437016898000,"ns":6955542}
PERF {"pid":77016,"phase":"git:rev-parse","start_ns":1789219437023894000,"ns":7227042}
PERF {"pid":77016,"phase":"git:rev-parse","start_ns":1789219437031167000,"ns":7389084}
PERF {"pid":77016,"phase":"git:rev-parse","start_ns":1789219437038596000,"ns":6888125}
PERF {"pid":77016,"phase":"git:rev-parse","start_ns":1789219437045521000,"ns":6969875}
PERF {"pid":77016,"phase":"git:rev-parse","start_ns":1789219437052531000,"ns":7157000}
PERF {"pid":77016,"phase":"git:rev-parse","start_ns":1789219437059727000,"ns":7308291}
PERF {"pid":77016,"phase":"git:rev-parse","start_ns":1789219437067098000,"ns":6377625}
PERF {"pid":77016,"phase":"git:rev-parse","start_ns":1789219437073569000,"ns":6588209}
PERF {"pid":77016,"phase":"git:rev-parse","start_ns":1789219437080189000,"ns":7210916}
PERF {"pid":77016,"phase":"git:rev-parse","start_ns":1789219437087462000,"ns":7243500}
PERF {"pid":77016,"phase":"git:rev-parse","start_ns":1789219437094772000,"ns":7280167}
PERF {"pid":77016,"phase":"git:rev-parse","start_ns":1789219437102135000,"ns":7453708}
PERF {"pid":77016,"phase":"git:rev-parse","start_ns":1789219437109653000,"ns":7104583}
PERF {"pid":77016,"phase":"git:rev-parse","start_ns":1789219437116820000,"ns":7166625}
PERF {"pid":77016,"phase":"git:rev-parse","start_ns":1789219437124053000,"ns":6628583}
PERF {"pid":77016,"phase":"git:rev-parse","start_ns":1789219437130718000,"ns":7852542}
PERF {"pid":77016,"phase":"git:rev-parse","start_ns":1789219437138606000,"ns":7466166}
PERF {"pid":77016,"phase":"git:rev-parse","start_ns":1789219437146107000,"ns":7512875}
PERF {"pid":77016,"phase":"git:rev-parse","start_ns":1789219437153662000,"ns":7383667}
PERF {"pid":77016,"phase":"git:rev-parse","start_ns":1789219437161091000,"ns":7651042}
PERF {"pid":77016,"phase":"git:rev-parse","start_ns":1789219437168783000,"ns":7148750}
PERF {"pid":77016,"phase":"git:rev-parse","start_ns":1789219437176020000,"ns":7322750}
PERF {"pid":77016,"phase":"git:rev-parse","start_ns":1789219437183473000,"ns":7042625}
PERF {"pid":77016,"phase":"git:rev-parse","start_ns":1789219437190579000,"ns":6193959}
PERF {"pid":77016,"phase":"git:rev-parse","start_ns":1789219437196804000,"ns":7258041}
PERF {"pid":77016,"phase":"git:rev-parse","start_ns":1789219437204126000,"ns":6928958}
PERF {"pid":77016,"phase":"git:rev-parse","start_ns":1789219437211169000,"ns":6622709}
PERF {"pid":77016,"phase":"git:rev-parse","start_ns":1789219437217871000,"ns":7149208}
PERF {"pid":77016,"phase":"git:rev-parse","start_ns":1789219437225088000,"ns":5790667}
PERF {"pid":77016,"phase":"git:rev-parse","start_ns":1789219437230953000,"ns":7303042}
PERF {"pid":77016,"phase":"git:rev-parse","start_ns":1789219437238297000,"ns":6029250}
PERF {"pid":77016,"phase":"git:rev-parse","start_ns":1789219437244361000,"ns":6270833}
PERF {"pid":77016,"phase":"git:rev-parse","start_ns":1789219437250674000,"ns":7891416}
PERF {"pid":77016,"phase":"git:rev-parse","start_ns":1789219437258605000,"ns":5750291}
PERF {"pid":77016,"phase":"git:rev-parse","start_ns":1789219437264390000,"ns":9202791}
PERF {"pid":77016,"phase":"git:rev-parse","start_ns":1789219437273644000,"ns":6489666}
PERF {"pid":77016,"phase":"git:rev-parse","start_ns":1789219437280168000,"ns":7781709}
PERF {"pid":77016,"phase":"git:rev-parse","start_ns":1789219437288047000,"ns":8747416}
PERF {"pid":77016,"phase":"git:rev-parse","start_ns":1789219437296850000,"ns":8964708}
PERF {"pid":77016,"phase":"git:rev-parse","start_ns":1789219437305855000,"ns":7249375}
PERF {"pid":77016,"phase":"git:rev-parse","start_ns":1789219437313137000,"ns":7898500}
PERF {"pid":77016,"phase":"git:rev-parse","start_ns":1789219437321096000,"ns":8197208}
PERF {"pid":77016,"phase":"git:rev-parse","start_ns":1789219437329356000,"ns":8676542}
PERF {"pid":77016,"phase":"git:rev-parse","start_ns":1789219437338101000,"ns":7823042}
PERF {"pid":77016,"phase":"git:rev-parse","start_ns":1789219437346000000,"ns":9112542}
PERF {"pid":77016,"phase":"git:rev-parse","start_ns":1789219437355253000,"ns":12305167}
PERF {"pid":77016,"phase":"git:rev-parse","start_ns":1789219437367666000,"ns":9001292}
PERF {"pid":77016,"phase":"git:rev-parse","start_ns":1789219437376736000,"ns":8067916}
PERF {"pid":77016,"phase":"git:rev-parse","start_ns":1789219437384877000,"ns":8468709}
PERF {"pid":77016,"phase":"git:rev-parse","start_ns":1789219437393436000,"ns":12776084}
PERF {"pid":77016,"phase":"git:rev-parse","start_ns":1789219437406341000,"ns":8815500}
PERF {"pid":77016,"phase":"git:rev-parse","start_ns":1789219437415270000,"ns":7423750}
PERF {"pid":77016,"phase":"git:rev-parse","start_ns":1789219437422790000,"ns":8181000}
PERF {"pid":77016,"phase":"git:rev-parse","start_ns":1789219437431028000,"ns":9451417}
PERF {"pid":77016,"phase":"git:rev-parse","start_ns":1789219437440512000,"ns":7905166}
PERF {"pid":77016,"phase":"git:rev-parse","start_ns":1789219437448511000,"ns":9503667}
PERF {"pid":77016,"phase":"git:rev-parse","start_ns":1789219437458090000,"ns":7480500}
PERF {"pid":77016,"phase":"git:rev-parse","start_ns":1789219437465695000,"ns":8319042}
PERF {"pid":77016,"phase":"git:rev-parse","start_ns":1789219437474088000,"ns":6814208}
PERF {"pid":77016,"phase":"git:rev-parse","start_ns":1789219437480963000,"ns":8183667}
PERF {"pid":77016,"phase":"git:rev-parse","start_ns":1789219437489241000,"ns":7458083}
PERF {"pid":77016,"phase":"git:rev-parse","start_ns":1789219437496762000,"ns":8136042}
PERF {"pid":77016,"phase":"git:rev-parse","start_ns":1789219437504985000,"ns":7797833}
PERF {"pid":77016,"phase":"git:rev-parse","start_ns":1789219437512824000,"ns":7866292}
PERF {"pid":77016,"phase":"git:rev-parse","start_ns":1789219437520745000,"ns":7844292}
PERF {"pid":77016,"phase":"git:rev-parse","start_ns":1789219437528630000,"ns":8924542}
PERF {"pid":77016,"phase":"git:rev-parse","start_ns":1789219437537623000,"ns":8117083}
PERF {"pid":77016,"phase":"git:rev-parse","start_ns":1789219437545799000,"ns":7064125}
PERF {"pid":77016,"phase":"git:rev-parse","start_ns":1789219437552919000,"ns":7318125}
PERF {"pid":77016,"phase":"git:rev-parse","start_ns":1789219437560293000,"ns":7399208}
PERF {"pid":77016,"phase":"git:rev-parse","start_ns":1789219437567762000,"ns":6800167}
PERF {"pid":77016,"phase":"git:rev-parse","start_ns":1789219437574632000,"ns":8055334}
PERF {"pid":77016,"phase":"git:rev-parse","start_ns":1789219437582806000,"ns":6595958}
PERF {"pid":77016,"phase":"git:rev-parse","start_ns":1789219437589468000,"ns":7082625}
PERF {"pid":77016,"phase":"git:rev-parse","start_ns":1789219437596610000,"ns":7422958}
PERF {"pid":77016,"phase":"git:rev-parse","start_ns":1789219437604089000,"ns":7461042}
PERF {"pid":77016,"phase":"git:rev-parse","start_ns":1789219437611607000,"ns":7471250}
PERF {"pid":77016,"phase":"git:rev-parse","start_ns":1789219437619227000,"ns":7705208}
PERF {"pid":77016,"phase":"git:rev-parse","start_ns":1789219437626979000,"ns":8188917}
PERF {"pid":77016,"phase":"git:rev-parse","start_ns":1789219437635220000,"ns":7715459}
PERF {"pid":77016,"phase":"git:rev-parse","start_ns":1789219437643006000,"ns":6975584}
PERF {"pid":77016,"phase":"git:rev-parse","start_ns":1789219437650056000,"ns":6713417}
PERF {"pid":77016,"phase":"git:rev-parse","start_ns":1789219437656848000,"ns":6977625}
PERF {"pid":77016,"phase":"git:rev-parse","start_ns":1789219437663868000,"ns":7786125}
PERF {"pid":77016,"phase":"git:rev-parse","start_ns":1789219437671697000,"ns":7707875}
PERF {"pid":77016,"phase":"git:rev-parse","start_ns":1789219437679445000,"ns":7682083}
PERF {"pid":77016,"phase":"git:rev-parse","start_ns":1789219437687170000,"ns":7734333}
PERF {"pid":77016,"phase":"git:rev-parse","start_ns":1789219437694966000,"ns":8910416}
PERF {"pid":77016,"phase":"git:rev-parse","start_ns":1789219437704073000,"ns":9140542}
PERF {"pid":77016,"phase":"git:rev-parse","start_ns":1789219437713253000,"ns":8038375}
PERF {"pid":77016,"phase":"git:rev-parse","start_ns":1789219437721374000,"ns":7979500}
PERF {"pid":77016,"phase":"git:rev-parse","start_ns":1789219437729454000,"ns":8434166}
PERF {"pid":77016,"phase":"git:rev-parse","start_ns":1789219437737953000,"ns":7759583}
PERF {"pid":77016,"phase":"git:rev-parse","start_ns":1789219437745755000,"ns":8096125}
PERF {"pid":77016,"phase":"git:rev-parse","start_ns":1789219437753919000,"ns":7027042}
PERF {"pid":77016,"phase":"git:rev-parse","start_ns":1789219437761016000,"ns":7889791}
PERF {"pid":77016,"phase":"git:rev-parse","start_ns":1789219437768969000,"ns":7440291}
PERF {"pid":77016,"phase":"git:rev-parse","start_ns":1789219437776480000,"ns":8286375}
PERF {"pid":77016,"phase":"git:rev-parse","start_ns":1789219437784843000,"ns":7628375}
PERF {"pid":77016,"phase":"git:rev-parse","start_ns":1789219437792518000,"ns":6903334}
PERF {"pid":77016,"phase":"git:rev-parse","start_ns":1789219437799464000,"ns":7984667}
PERF {"pid":77016,"phase":"git:rev-parse","start_ns":1789219437807573000,"ns":6836375}
PERF {"pid":77016,"phase":"git:rev-parse","start_ns":1789219437814470000,"ns":7182042}
PERF {"pid":77016,"phase":"git:rev-parse","start_ns":1789219437821726000,"ns":7521875}
PERF {"pid":77016,"phase":"git:rev-parse","start_ns":1789219437829332000,"ns":7617834}
PERF {"pid":77016,"phase":"git:rev-parse","start_ns":1789219437837024000,"ns":7594959}
PERF {"pid":77016,"phase":"git:rev-parse","start_ns":1789219437844657000,"ns":7354458}
PERF {"pid":77016,"phase":"git:rev-parse","start_ns":1789219437852049000,"ns":7333458}
PERF {"pid":77016,"phase":"git:rev-parse","start_ns":1789219437859436000,"ns":7277750}
PERF {"pid":77016,"phase":"git:rev-parse","start_ns":1789219437866763000,"ns":6993500}
PERF {"pid":77016,"phase":"git:rev-parse","start_ns":1789219437873867000,"ns":8885166}
PERF {"pid":77016,"phase":"git:rev-parse","start_ns":1789219437882850000,"ns":6942375}
PERF {"pid":77016,"phase":"git:rev-parse","start_ns":1789219437889855000,"ns":7168666}
PERF {"pid":77016,"phase":"git:rev-parse","start_ns":1789219437897056000,"ns":8188125}
PERF {"pid":77016,"phase":"git:rev-parse","start_ns":1789219437905285000,"ns":7629666}
PERF {"pid":77016,"phase":"git:rev-parse","start_ns":1789219437912957000,"ns":8594875}
PERF {"pid":77016,"phase":"git:rev-parse","start_ns":1789219437921591000,"ns":8277583}
PERF {"pid":77016,"phase":"git:rev-parse","start_ns":1789219437929936000,"ns":8488375}
PERF {"pid":77016,"phase":"git:rev-parse","start_ns":1789219437938464000,"ns":7687542}
PERF {"pid":77016,"phase":"git:rev-parse","start_ns":1789219437946193000,"ns":7204334}
PERF {"pid":77016,"phase":"git:rev-parse","start_ns":1789219437953437000,"ns":9041792}
PERF {"pid":77016,"phase":"git:rev-parse","start_ns":1789219437962592000,"ns":9902416}
PERF {"pid":77016,"phase":"git:rev-parse","start_ns":1789219437972602000,"ns":7565333}
PERF {"pid":77016,"phase":"git:rev-parse","start_ns":1789219437980204000,"ns":7480708}
PERF {"pid":77016,"phase":"git:rev-parse","start_ns":1789219437987728000,"ns":7485708}
PERF {"pid":77016,"phase":"git:rev-parse","start_ns":1789219437995340000,"ns":7759250}
PERF {"pid":77016,"phase":"git:rev-parse","start_ns":1789219438003156000,"ns":7372417}
PERF {"pid":77016,"phase":"git:rev-parse","start_ns":1789219438010659000,"ns":7127625}
PERF {"pid":77016,"phase":"git:rev-parse","start_ns":1789219438017875000,"ns":7671416}
PERF {"pid":77016,"phase":"git:rev-parse","start_ns":1789219438025598000,"ns":7057416}
PERF {"pid":77016,"phase":"git:rev-parse","start_ns":1789219438032693000,"ns":7293000}
PERF {"pid":77016,"phase":"git:rev-parse","start_ns":1789219438040079000,"ns":7125250}
PERF {"pid":77016,"phase":"git:rev-parse","start_ns":1789219438047252000,"ns":7356917}
PERF {"pid":77016,"phase":"git:rev-parse","start_ns":1789219438054672000,"ns":7526250}
PERF {"pid":77016,"phase":"git:rev-parse","start_ns":1789219438062295000,"ns":8064750}
PERF {"pid":77016,"phase":"git:rev-parse","start_ns":1789219438070425000,"ns":7107084}
PERF {"pid":77016,"phase":"git:rev-parse","start_ns":1789219438077597000,"ns":7390750}
PERF {"pid":77016,"phase":"git:rev-parse","start_ns":1789219438085071000,"ns":6822625}
PERF {"pid":77016,"phase":"git:rev-parse","start_ns":1789219438092016000,"ns":6742125}
PERF {"pid":77016,"phase":"git:rev-parse","start_ns":1789219438098815000,"ns":7124958}
PERF {"pid":77016,"phase":"git:rev-parse","start_ns":1789219438106102000,"ns":7223208}
PERF {"pid":77016,"phase":"git:rev-parse","start_ns":1789219438113372000,"ns":7291167}
PERF {"pid":77016,"phase":"git:rev-parse","start_ns":1789219438120705000,"ns":7384625}
PERF {"pid":77016,"phase":"git:rev-parse","start_ns":1789219438128136000,"ns":7713459}
PERF {"pid":77016,"phase":"git:rev-parse","start_ns":1789219438135899000,"ns":7416417}
PERF {"pid":77016,"phase":"git:rev-parse","start_ns":1789219438143370000,"ns":7344250}
PERF {"pid":77016,"phase":"git:rev-parse","start_ns":1789219438150809000,"ns":6280542}
PERF {"pid":77016,"phase":"git:rev-parse","start_ns":1789219438157158000,"ns":7104583}
PERF {"pid":77016,"phase":"git:rev-parse","start_ns":1789219438164339000,"ns":7491084}
PERF {"pid":77016,"phase":"git:rev-parse","start_ns":1789219438171871000,"ns":7540042}
PERF {"pid":77016,"phase":"git:rev-parse","start_ns":1789219438179450000,"ns":7457375}
PERF {"pid":77016,"phase":"git:rev-parse","start_ns":1789219438186969000,"ns":6964959}
PERF {"pid":77016,"phase":"git:rev-parse","start_ns":1789219438193980000,"ns":7577375}
PERF {"pid":77016,"phase":"git:rev-parse","start_ns":1789219438201601000,"ns":7638083}
PERF {"pid":77016,"phase":"git:rev-parse","start_ns":1789219438209329000,"ns":7769541}
PERF {"pid":77016,"phase":"git:rev-parse","start_ns":1789219438217209000,"ns":7055084}
PERF {"pid":77016,"phase":"git:rev-parse","start_ns":1789219438224333000,"ns":6818875}
PERF {"pid":77016,"phase":"git:rev-parse","start_ns":1789219438231256000,"ns":7487750}
PERF {"pid":77016,"phase":"git:rev-parse","start_ns":1789219438238777000,"ns":7203416}
PERF {"pid":77016,"phase":"git:rev-parse","start_ns":1789219438246019000,"ns":7820750}
PERF {"pid":77016,"phase":"git:rev-parse","start_ns":1789219438253903000,"ns":7898667}
PERF {"pid":77016,"phase":"git:rev-parse","start_ns":1789219438261872000,"ns":7889542}
PERF {"pid":77016,"phase":"git:rev-parse","start_ns":1789219438269803000,"ns":8232166}
PERF {"pid":77016,"phase":"git:rev-parse","start_ns":1789219438278121000,"ns":7484542}
PERF {"pid":77016,"phase":"git:rev-parse","start_ns":1789219438285648000,"ns":7791750}
PERF {"pid":77016,"phase":"git:rev-parse","start_ns":1789219438293509000,"ns":7487458}
PERF {"pid":77016,"phase":"git:rev-parse","start_ns":1789219438301054000,"ns":7191916}
PERF {"pid":77016,"phase":"git:rev-parse","start_ns":1789219438308313000,"ns":7160375}
PERF {"pid":77016,"phase":"git:rev-parse","start_ns":1789219438315551000,"ns":7380459}
PERF {"pid":77016,"phase":"git:rev-parse","start_ns":1789219438323125000,"ns":8176291}
PERF {"pid":77016,"phase":"git:rev-parse","start_ns":1789219438331400000,"ns":8917416}
PERF {"pid":77016,"phase":"git:rev-parse","start_ns":1789219438340395000,"ns":7087500}
PERF {"pid":77016,"phase":"git:rev-parse","start_ns":1789219438347535000,"ns":7866292}
PERF {"pid":77016,"phase":"git:rev-parse","start_ns":1789219438355468000,"ns":7977625}
PERF {"pid":77016,"phase":"git:rev-parse","start_ns":1789219438363502000,"ns":7796958}
PERF {"pid":77016,"phase":"git:rev-parse","start_ns":1789219438371364000,"ns":8471375}
PERF {"pid":77016,"phase":"git:rev-parse","start_ns":1789219438379930000,"ns":7585625}
PERF {"pid":77016,"phase":"git:rev-parse","start_ns":1789219438387572000,"ns":8035250}
PERF {"pid":77016,"phase":"git:rev-parse","start_ns":1789219438395671000,"ns":7627083}
PERF {"pid":77016,"phase":"git:rev-parse","start_ns":1789219438403370000,"ns":7499834}
PERF {"pid":77016,"phase":"git:rev-parse","start_ns":1789219438410943000,"ns":8191250}
PERF {"pid":77016,"phase":"git:rev-parse","start_ns":1789219438419244000,"ns":7401834}
PERF {"pid":77016,"phase":"git:rev-parse","start_ns":1789219438426723000,"ns":7165500}
PERF {"pid":77016,"phase":"git:rev-parse","start_ns":1789219438433969000,"ns":9192917}
PERF {"pid":77016,"phase":"git:rev-parse","start_ns":1789219438443244000,"ns":8170083}
PERF {"pid":77016,"phase":"git:rev-parse","start_ns":1789219438451645000,"ns":8307667}
PERF {"pid":77016,"phase":"git:rev-parse","start_ns":1789219438460061000,"ns":8793625}
PERF {"pid":77016,"phase":"git:rev-parse","start_ns":1789219438468893000,"ns":9438541}
PERF {"pid":77016,"phase":"git:rev-parse","start_ns":1789219438478455000,"ns":8146250}
PERF {"pid":77016,"phase":"git:rev-parse","start_ns":1789219438486667000,"ns":7786708}
PERF {"pid":77016,"phase":"git:rev-parse","start_ns":1789219438494543000,"ns":8226625}
PERF {"pid":77016,"phase":"git:rev-parse","start_ns":1789219438502926000,"ns":8078875}
PERF {"pid":77016,"phase":"git:rev-parse","start_ns":1789219438511106000,"ns":7908334}
PERF {"pid":77016,"phase":"git:rev-parse","start_ns":1789219438519089000,"ns":7987459}
PERF {"pid":77016,"phase":"git:rev-parse","start_ns":1789219438527158000,"ns":8274083}
PERF {"pid":77016,"phase":"git:rev-parse","start_ns":1789219438535499000,"ns":8139083}
PERF {"pid":77016,"phase":"git:rev-parse","start_ns":1789219438543707000,"ns":7225875}
PERF {"pid":77016,"phase":"git:rev-parse","start_ns":1789219438551054000,"ns":7377375}
PERF {"pid":77016,"phase":"git:rev-parse","start_ns":1789219438558477000,"ns":7533709}
PERF {"pid":77016,"phase":"git:rev-parse","start_ns":1789219438566101000,"ns":6691125}
PERF {"pid":77016,"phase":"git:rev-parse","start_ns":1789219438572835000,"ns":7560208}
PERF {"pid":77016,"phase":"git:rev-parse","start_ns":1789219438580432000,"ns":7942208}
PERF {"pid":77016,"phase":"git:rev-parse","start_ns":1789219438588436000,"ns":7886500}
PERF {"pid":77016,"phase":"git:rev-parse","start_ns":1789219438596391000,"ns":8143542}
PERF {"pid":77016,"phase":"git:rev-parse","start_ns":1789219438604614000,"ns":8027791}
PERF {"pid":77016,"phase":"git:rev-parse","start_ns":1789219438612706000,"ns":7950875}
PERF {"pid":77016,"phase":"git:rev-parse","start_ns":1789219438620715000,"ns":8218667}
PERF {"pid":77016,"phase":"git:rev-parse","start_ns":1789219438629008000,"ns":7942416}
PERF {"pid":77016,"phase":"git:rev-parse","start_ns":1789219438637020000,"ns":7980041}
PERF {"pid":77016,"phase":"git:rev-parse","start_ns":1789219438645076000,"ns":7258084}
PERF {"pid":77016,"phase":"git:rev-parse","start_ns":1789219438652399000,"ns":7356333}
PERF {"pid":77016,"phase":"git:rev-parse","start_ns":1789219438659937000,"ns":8107917}
PERF {"pid":77016,"phase":"git:rev-parse","start_ns":1789219438668133000,"ns":7825042}
PERF {"pid":77016,"phase":"git:rev-parse","start_ns":1789219438676056000,"ns":7248000}
PERF {"pid":77016,"phase":"git:rev-parse","start_ns":1789219438683381000,"ns":7132291}
PERF {"pid":77016,"phase":"git:rev-parse","start_ns":1789219438690574000,"ns":7297959}
PERF {"pid":77016,"phase":"git:rev-parse","start_ns":1789219438697936000,"ns":7585375}
PERF {"pid":77016,"phase":"git:rev-parse","start_ns":1789219438705584000,"ns":7983166}
PERF {"pid":77016,"phase":"git:rev-parse","start_ns":1789219438713629000,"ns":7623292}
PERF {"pid":77016,"phase":"git:rev-parse","start_ns":1789219438721315000,"ns":7986000}
PERF {"pid":77016,"phase":"git:rev-parse","start_ns":1789219438729362000,"ns":8484000}
PERF {"pid":77016,"phase":"git:rev-parse","start_ns":1789219438737916000,"ns":7641125}
PERF {"pid":77016,"phase":"git:rev-parse","start_ns":1789219438745671000,"ns":7913500}
PERF {"pid":77016,"phase":"git:rev-parse","start_ns":1789219438753628000,"ns":7985000}
PERF {"pid":77016,"phase":"git:rev-parse","start_ns":1789219438761671000,"ns":7096208}
PERF {"pid":77016,"phase":"git:rev-parse","start_ns":1789219438768857000,"ns":7513250}
PERF {"pid":77016,"phase":"git:rev-parse","start_ns":1789219438776472000,"ns":7925875}
PERF {"pid":77016,"phase":"git:rev-parse","start_ns":1789219438784480000,"ns":5933708}
PERF {"pid":77016,"phase":"git:rev-parse","start_ns":1789219438790487000,"ns":7093250}
PERF {"pid":77016,"phase":"git:rev-parse","start_ns":1789219438797624000,"ns":7274500}
PERF {"pid":77016,"phase":"git:rev-parse","start_ns":1789219438804973000,"ns":7452250}
PERF {"pid":77016,"phase":"git:rev-parse","start_ns":1789219438812502000,"ns":8435417}
PERF {"pid":77016,"phase":"git:rev-parse","start_ns":1789219438821083000,"ns":6698583}
PERF {"pid":77016,"phase":"git:rev-parse","start_ns":1789219438827889000,"ns":7393916}
PERF {"pid":77016,"phase":"git:rev-parse","start_ns":1789219438835349000,"ns":7294625}
PERF {"pid":77016,"phase":"git:rev-parse","start_ns":1789219438842729000,"ns":7677667}
PERF {"pid":77016,"phase":"git:rev-parse","start_ns":1789219438850479000,"ns":7130792}
PERF {"pid":77016,"phase":"git:rev-parse","start_ns":1789219438857669000,"ns":7617833}
PERF {"pid":77016,"phase":"git:rev-parse","start_ns":1789219438865416000,"ns":7604875}
PERF {"pid":77016,"phase":"git:rev-parse","start_ns":1789219438873104000,"ns":6298625}
PERF {"pid":77016,"phase":"git:rev-parse","start_ns":1789219438879520000,"ns":6756917}
PERF {"pid":77016,"phase":"git:rev-parse","start_ns":1789219438886334000,"ns":6915834}
PERF {"pid":77016,"phase":"git:rev-parse","start_ns":1789219438893324000,"ns":7261792}
PERF {"pid":77016,"phase":"git:rev-parse","start_ns":1789219438900653000,"ns":7184958}
PERF {"pid":77016,"phase":"git:rev-parse","start_ns":1789219438907876000,"ns":7173000}
PERF {"pid":77016,"phase":"git:rev-parse","start_ns":1789219438915133000,"ns":7991542}
PERF {"pid":77016,"phase":"git:rev-parse","start_ns":1789219438923184000,"ns":7460209}
PERF {"pid":77016,"phase":"git:rev-parse","start_ns":1789219438930749000,"ns":7906750}
PERF {"pid":77016,"phase":"git:rev-parse","start_ns":1789219438938733000,"ns":6756875}
PERF {"pid":77016,"phase":"git:rev-parse","start_ns":1789219438945580000,"ns":7062667}
PERF {"pid":77016,"phase":"git:rev-parse","start_ns":1789219438952724000,"ns":7181584}
PERF {"pid":77016,"phase":"git:rev-parse","start_ns":1789219438960000000,"ns":7261083}
PERF {"pid":77016,"phase":"git:rev-parse","start_ns":1789219438967322000,"ns":7381000}
PERF {"pid":77016,"phase":"git:rev-parse","start_ns":1789219438974809000,"ns":7956583}
PERF {"pid":77016,"phase":"git:rev-parse","start_ns":1789219438982855000,"ns":7555083}
PERF {"pid":77016,"phase":"git:rev-parse","start_ns":1789219438990452000,"ns":7814458}
PERF {"pid":77016,"phase":"git:rev-parse","start_ns":1789219438998399000,"ns":8067667}
PERF {"pid":77016,"phase":"git:rev-parse","start_ns":1789219439006519000,"ns":7285000}
PERF {"pid":77016,"phase":"git:rev-parse","start_ns":1789219439013901000,"ns":7830792}
PERF {"pid":77016,"phase":"git:rev-parse","start_ns":1789219439021818000,"ns":7110750}
PERF {"pid":77016,"phase":"git:rev-parse","start_ns":1789219439029128000,"ns":7775834}
PERF {"pid":77016,"phase":"git:rev-parse","start_ns":1789219439037030000,"ns":7511250}
PERF {"pid":77016,"phase":"git:rev-parse","start_ns":1789219439044641000,"ns":7513250}
PERF {"pid":77016,"phase":"git:rev-parse","start_ns":1789219439052365000,"ns":7966208}
PERF {"pid":77016,"phase":"git:rev-parse","start_ns":1789219439060395000,"ns":7796417}
PERF {"pid":77016,"phase":"git:rev-parse","start_ns":1789219439068299000,"ns":8329083}
PERF {"pid":77016,"phase":"git:rev-parse","start_ns":1789219439076720000,"ns":7770375}
PERF {"pid":77016,"phase":"git:rev-parse","start_ns":1789219439084531000,"ns":8543542}
PERF {"pid":77016,"phase":"git:rev-parse","start_ns":1789219439093157000,"ns":8389792}
PERF {"pid":77016,"phase":"git:rev-parse","start_ns":1789219439101656000,"ns":8133125}
PERF {"pid":77016,"phase":"git:rev-parse","start_ns":1789219439109866000,"ns":8009208}
PERF {"pid":77016,"phase":"git:rev-parse","start_ns":1789219439117934000,"ns":8045834}
PERF {"pid":77016,"phase":"git:rev-parse","start_ns":1789219439126037000,"ns":8475083}
PERF {"pid":77016,"phase":"git:rev-parse","start_ns":1789219439134552000,"ns":7840208}
PERF {"pid":77016,"phase":"git:rev-parse","start_ns":1789219439142453000,"ns":7662708}
PERF {"pid":77016,"phase":"git:rev-parse","start_ns":1789219439150181000,"ns":8356708}
PERF {"pid":77016,"phase":"git:rev-parse","start_ns":1789219439158610000,"ns":8172708}
PERF {"pid":77016,"phase":"git:rev-parse","start_ns":1789219439166825000,"ns":8496250}
PERF {"pid":77016,"phase":"git:rev-parse","start_ns":1789219439175384000,"ns":8152167}
PERF {"pid":77016,"phase":"git:rev-parse","start_ns":1789219439183610000,"ns":7796542}
PERF {"pid":77016,"phase":"git:rev-parse","start_ns":1789219439191443000,"ns":7957292}
PERF {"pid":77016,"phase":"git:rev-parse","start_ns":1789219439199540000,"ns":8653625}
PERF {"pid":77016,"phase":"git:rev-parse","start_ns":1789219439208257000,"ns":7804417}
PERF {"pid":77016,"phase":"git:rev-parse","start_ns":1789219439216131000,"ns":8091000}
PERF {"pid":77016,"phase":"git:rev-parse","start_ns":1789219439224254000,"ns":7992708}
PERF {"pid":77016,"phase":"git:rev-parse","start_ns":1789219439232317000,"ns":7290125}
PERF {"pid":77016,"phase":"git:rev-parse","start_ns":1789219439239702000,"ns":7493208}
PERF {"pid":77016,"phase":"git:rev-parse","start_ns":1789219439247347000,"ns":7700042}
PERF {"pid":77016,"phase":"git:rev-parse","start_ns":1789219439255173000,"ns":8472958}
PERF {"pid":77016,"phase":"git:rev-parse","start_ns":1789219439263715000,"ns":7530625}
PERF {"pid":77016,"phase":"git:rev-parse","start_ns":1789219439271298000,"ns":7307541}
PERF {"pid":77016,"phase":"git:rev-parse","start_ns":1789219439278671000,"ns":7267042}
PERF {"pid":77016,"phase":"git:rev-parse","start_ns":1789219439286008000,"ns":6180041}
PERF {"pid":77016,"phase":"git:rev-parse","start_ns":1789219439292269000,"ns":6690958}
PERF {"pid":77016,"phase":"git:rev-parse","start_ns":1789219439299071000,"ns":8249583}
PERF {"pid":77016,"phase":"git:rev-parse","start_ns":1789219439307401000,"ns":14559792}
PERF {"pid":77016,"phase":"git:rev-parse","start_ns":1789219439322124000,"ns":18395709}
PERF {"pid":77016,"phase":"git:rev-parse","start_ns":1789219439340561000,"ns":12186291}
PERF {"pid":77016,"phase":"git:rev-parse","start_ns":1789219439352816000,"ns":8698584}
PERF {"pid":77016,"phase":"git:rev-parse","start_ns":1789219439361577000,"ns":9470792}
PERF {"pid":77016,"phase":"git:rev-parse","start_ns":1789219439371148000,"ns":10328583}
PERF {"pid":77016,"phase":"git:rev-parse","start_ns":1789219439381525000,"ns":11061625}
PERF {"pid":77016,"phase":"git:rev-parse","start_ns":1789219439392704000,"ns":7960625}
PERF {"pid":77016,"phase":"git:rev-parse","start_ns":1789219439400776000,"ns":6912709}
PERF {"pid":77016,"phase":"git:rev-parse","start_ns":1789219439407755000,"ns":7213625}
PERF {"pid":77016,"phase":"git:rev-parse","start_ns":1789219439415027000,"ns":7408750}
PERF {"pid":77016,"phase":"git:rev-parse","start_ns":1789219439422503000,"ns":7468875}
PERF {"pid":77016,"phase":"git:rev-parse","start_ns":1789219439430035000,"ns":7836958}
PERF {"pid":77016,"phase":"git:rev-parse","start_ns":1789219439437909000,"ns":7462459}
PERF {"pid":77016,"phase":"git:rev-parse","start_ns":1789219439445406000,"ns":7435958}
PERF {"pid":77016,"phase":"git:rev-parse","start_ns":1789219439452921000,"ns":7754292}
PERF {"pid":77016,"phase":"git:rev-parse","start_ns":1789219439460764000,"ns":7336250}
PERF {"pid":77016,"phase":"git:rev-parse","start_ns":1789219439468168000,"ns":7378958}
PERF {"pid":77016,"phase":"git:rev-parse","start_ns":1789219439475604000,"ns":9770166}
PERF {"pid":77016,"phase":"git:rev-parse","start_ns":1789219439485435000,"ns":8263875}
PERF {"pid":77016,"phase":"git:rev-parse","start_ns":1789219439493761000,"ns":10131459}
PERF {"pid":77016,"phase":"git:rev-parse","start_ns":1789219439504038000,"ns":8505625}
PERF {"pid":77016,"phase":"git:rev-parse","start_ns":1789219439512605000,"ns":7890625}
PERF {"pid":77016,"phase":"git:rev-parse","start_ns":1789219439520564000,"ns":8607417}
PERF {"pid":77016,"phase":"git:rev-parse","start_ns":1789219439529245000,"ns":7974750}
PERF {"pid":77016,"phase":"git:rev-parse","start_ns":1789219439537268000,"ns":8580417}
PERF {"pid":77016,"phase":"git:rev-parse","start_ns":1789219439545887000,"ns":8338458}
PERF {"pid":77016,"phase":"git:rev-parse","start_ns":1789219439554292000,"ns":8754041}
PERF {"pid":77016,"phase":"git:rev-parse","start_ns":1789219439563106000,"ns":7837958}
PERF {"pid":77016,"phase":"git:rev-parse","start_ns":1789219439571012000,"ns":8793500}
PERF {"pid":77016,"phase":"git:rev-parse","start_ns":1789219439579866000,"ns":8546500}
PERF {"pid":77016,"phase":"git:rev-parse","start_ns":1789219439588478000,"ns":8457625}
PERF {"pid":77016,"phase":"git:rev-parse","start_ns":1789219439597047000,"ns":8648500}
PERF {"pid":77016,"phase":"git:rev-parse","start_ns":1789219439605734000,"ns":8098083}
PERF {"pid":77016,"phase":"git:rev-parse","start_ns":1789219439613926000,"ns":7783416}
PERF {"pid":77016,"phase":"git:rev-parse","start_ns":1789219439621750000,"ns":7627958}
PERF {"pid":77016,"phase":"git:rev-parse","start_ns":1789219439629442000,"ns":7537125}
PERF {"pid":77016,"phase":"git:rev-parse","start_ns":1789219439637045000,"ns":7584666}
PERF {"pid":77016,"phase":"git:rev-parse","start_ns":1789219439644672000,"ns":7315333}
PERF {"pid":77016,"phase":"git:rev-parse","start_ns":1789219439652039000,"ns":6978000}
PERF {"pid":77016,"phase":"git:rev-parse","start_ns":1789219439659063000,"ns":8447625}
PERF {"pid":77016,"phase":"git:rev-parse","start_ns":1789219439667565000,"ns":7369917}
PERF {"pid":77016,"phase":"git:rev-parse","start_ns":1789219439674975000,"ns":7042709}
PERF {"pid":77016,"phase":"git:rev-parse","start_ns":1789219439682070000,"ns":7368541}
PERF {"pid":77016,"phase":"git:rev-parse","start_ns":1789219439689500000,"ns":6466500}
PERF {"pid":77016,"phase":"git:rev-parse","start_ns":1789219439696000000,"ns":7562792}
PERF {"pid":77016,"phase":"git:rev-parse","start_ns":1789219439703626000,"ns":7170209}
PERF {"pid":77016,"phase":"git:rev-parse","start_ns":1789219439710882000,"ns":7375167}
PERF {"pid":77016,"phase":"git:rev-parse","start_ns":1789219439718288000,"ns":8075667}
PERF {"pid":77016,"phase":"git:rev-parse","start_ns":1789219439726430000,"ns":8720625}
PERF {"pid":77016,"phase":"git:rev-parse","start_ns":1789219439735296000,"ns":7535250}
PERF {"pid":77016,"phase":"git:rev-parse","start_ns":1789219439742889000,"ns":7723000}
PERF {"pid":77016,"phase":"git:rev-parse","start_ns":1789219439750679000,"ns":7625500}
PERF {"pid":77016,"phase":"git:rev-parse","start_ns":1789219439758380000,"ns":7395500}
PERF {"pid":77016,"phase":"git:rev-parse","start_ns":1789219439765823000,"ns":7663834}
PERF {"pid":77016,"phase":"git:rev-parse","start_ns":1789219439773523000,"ns":7416583}
PERF {"pid":77016,"phase":"git:rev-parse","start_ns":1789219439781005000,"ns":8082458}
PERF {"pid":77016,"phase":"git:rev-parse","start_ns":1789219439789172000,"ns":7428125}
PERF {"pid":77016,"phase":"git:rev-parse","start_ns":1789219439796670000,"ns":8409500}
PERF {"pid":77016,"phase":"git:rev-parse","start_ns":1789219439805145000,"ns":7626500}
PERF {"pid":77016,"phase":"git:rev-parse","start_ns":1789219439812816000,"ns":8144000}
PERF {"pid":77016,"phase":"git:rev-parse","start_ns":1789219439821069000,"ns":7228125}
PERF {"pid":77016,"phase":"git:rev-parse","start_ns":1789219439828429000,"ns":7664750}
PERF {"pid":77016,"phase":"git:rev-parse","start_ns":1789219439836184000,"ns":7323875}
PERF {"pid":77016,"phase":"git:rev-parse","start_ns":1789219439843585000,"ns":7564375}
PERF {"pid":77016,"phase":"git:rev-parse","start_ns":1789219439851215000,"ns":7702833}
PERF {"pid":77016,"phase":"git:rev-parse","start_ns":1789219439858955000,"ns":7294375}
PERF {"pid":77016,"phase":"git:rev-parse","start_ns":1789219439866296000,"ns":8330375}
PERF {"pid":77016,"phase":"git:rev-parse","start_ns":1789219439874691000,"ns":8456833}
PERF {"pid":77016,"phase":"git:rev-parse","start_ns":1789219439883244000,"ns":8199500}
PERF {"pid":77016,"phase":"git:rev-parse","start_ns":1789219439891507000,"ns":8448792}
PERF {"pid":77016,"phase":"git:rev-parse","start_ns":1789219439900026000,"ns":8755583}
PERF {"pid":77016,"phase":"git:rev-parse","start_ns":1789219439908862000,"ns":8632667}
PERF {"pid":77016,"phase":"git:rev-parse","start_ns":1789219439917562000,"ns":8549542}
PERF {"pid":77016,"phase":"git:rev-parse","start_ns":1789219439926174000,"ns":8578416}
PERF {"pid":77016,"phase":"git:rev-parse","start_ns":1789219439934870000,"ns":8300958}
PERF {"pid":77016,"phase":"git:rev-parse","start_ns":1789219439943247000,"ns":7756209}
PERF {"pid":77016,"phase":"git:rev-parse","start_ns":1789219439951073000,"ns":8309750}
PERF {"pid":77016,"phase":"git:rev-parse","start_ns":1789219439959418000,"ns":7548375}
PERF {"pid":77016,"phase":"git:rev-parse","start_ns":1789219439967008000,"ns":8203333}
PERF {"pid":77016,"phase":"git:rev-parse","start_ns":1789219439975247000,"ns":7739625}
PERF {"pid":77016,"phase":"git:rev-parse","start_ns":1789219439983035000,"ns":7479334}
PERF {"pid":77016,"phase":"git:rev-parse","start_ns":1789219439990606000,"ns":6411666}
PERF {"pid":77016,"phase":"git:rev-parse","start_ns":1789219439997112000,"ns":7274875}
PERF {"pid":77016,"phase":"git:rev-parse","start_ns":1789219440004483000,"ns":8266875}
PERF {"pid":77016,"phase":"git:rev-parse","start_ns":1789219440012787000,"ns":7522250}
PERF {"pid":77016,"phase":"git:rev-parse","start_ns":1789219440020347000,"ns":7563416}
PERF {"pid":77016,"phase":"git:rev-parse","start_ns":1789219440027954000,"ns":7951541}
PERF {"pid":77016,"phase":"git:rev-parse","start_ns":1789219440035956000,"ns":18821583}
PERF {"pid":77016,"phase":"git:rev-parse","start_ns":1789219440054908000,"ns":11468875}
PERF {"pid":77016,"phase":"git:rev-parse","start_ns":1789219440066426000,"ns":9008417}
PERF {"pid":77016,"phase":"git:rev-parse","start_ns":1789219440075468000,"ns":6820333}
PERF {"pid":77016,"phase":"git:rev-parse","start_ns":1789219440082374000,"ns":7746416}
PERF {"pid":77016,"phase":"git:rev-parse","start_ns":1789219440090194000,"ns":8131500}
PERF {"pid":77016,"phase":"git:rev-parse","start_ns":1789219440098362000,"ns":8386042}
PERF {"pid":77016,"phase":"git:rev-parse","start_ns":1789219440106826000,"ns":13203417}
PERF {"pid":77016,"phase":"git:rev-parse","start_ns":1789219440120130000,"ns":10166708}
PERF {"pid":77016,"phase":"git:rev-parse","start_ns":1789219440130347000,"ns":8181750}
PERF {"pid":77016,"phase":"git:rev-parse","start_ns":1789219440138595000,"ns":15259542}
PERF {"pid":77016,"phase":"git:rev-parse","start_ns":1789219440154074000,"ns":28572583}
PERF {"pid":77016,"phase":"git:rev-parse","start_ns":1789219440182819000,"ns":18392583}
PERF {"pid":77016,"phase":"git:rev-parse","start_ns":1789219440201357000,"ns":8348709}
PERF {"pid":77016,"phase":"git:rev-parse","start_ns":1789219440209779000,"ns":9342541}
PERF {"pid":77016,"phase":"git:rev-parse","start_ns":1789219440219171000,"ns":9014125}
PERF {"pid":77016,"phase":"git:rev-parse","start_ns":1789219440228257000,"ns":7784125}
PERF {"pid":77016,"phase":"git:rev-parse","start_ns":1789219440236169000,"ns":7998292}
PERF {"pid":77016,"phase":"git:rev-parse","start_ns":1789219440244249000,"ns":8216709}
PERF {"pid":77016,"phase":"git:rev-parse","start_ns":1789219440252508000,"ns":7851542}
PERF {"pid":77016,"phase":"git:rev-parse","start_ns":1789219440260412000,"ns":8056416}
PERF {"pid":77016,"phase":"git:rev-parse","start_ns":1789219440268517000,"ns":6795625}
PERF {"pid":77016,"phase":"git:rev-parse","start_ns":1789219440275377000,"ns":7517750}
PERF {"pid":77016,"phase":"git:rev-parse","start_ns":1789219440282984000,"ns":7457041}
PERF {"pid":77016,"phase":"git:rev-parse","start_ns":1789219440290527000,"ns":8564750}
PERF {"pid":77016,"phase":"git:rev-parse","start_ns":1789219440299183000,"ns":8580542}
PERF {"pid":77016,"phase":"git:rev-parse","start_ns":1789219440307845000,"ns":7218959}
PERF {"pid":77016,"phase":"git:rev-parse","start_ns":1789219440315170000,"ns":8216459}
PERF {"pid":77016,"phase":"git:rev-parse","start_ns":1789219440323448000,"ns":7891583}
PERF {"pid":77016,"phase":"git:rev-parse","start_ns":1789219440331507000,"ns":7823916}
PERF {"pid":77016,"phase":"git:rev-parse","start_ns":1789219440339372000,"ns":7570667}
PERF {"pid":77016,"phase":"git:rev-parse","start_ns":1789219440346988000,"ns":7584417}
PERF {"pid":77016,"phase":"git:rev-parse","start_ns":1789219440354627000,"ns":7949500}
PERF {"pid":77016,"phase":"git:rev-parse","start_ns":1789219440362628000,"ns":7662208}
PERF {"pid":77016,"phase":"git:rev-parse","start_ns":1789219440370335000,"ns":8265583}
PERF {"pid":77016,"phase":"git:rev-parse","start_ns":1789219440378680000,"ns":7617459}
PERF {"pid":77016,"phase":"git:rev-parse","start_ns":1789219440386376000,"ns":7704417}
PERF {"pid":77016,"phase":"git:rev-parse","start_ns":1789219440394165000,"ns":8964084}
PERF {"pid":77016,"phase":"git:rev-parse","start_ns":1789219440403175000,"ns":8116375}
PERF {"pid":77016,"phase":"git:rev-parse","start_ns":1789219440411336000,"ns":7790208}
PERF {"pid":77016,"phase":"git:rev-parse","start_ns":1789219440419164000,"ns":6933833}
PERF {"pid":77016,"phase":"git:rev-parse","start_ns":1789219440426163000,"ns":8550583}
PERF {"pid":77016,"phase":"git:rev-parse","start_ns":1789219440434757000,"ns":8222084}
PERF {"pid":77016,"phase":"git:rev-parse","start_ns":1789219440443019000,"ns":8820000}
PERF {"pid":77016,"phase":"git:rev-parse","start_ns":1789219440451885000,"ns":8788458}
PERF {"pid":77016,"phase":"git:rev-parse","start_ns":1789219440460805000,"ns":10520334}
PERF {"pid":77016,"phase":"git:rev-parse","start_ns":1789219440471367000,"ns":11503500}
PERF {"pid":77016,"phase":"git:rev-parse","start_ns":1789219440482912000,"ns":8617834}
PERF {"pid":77016,"phase":"git:rev-parse","start_ns":1789219440491585000,"ns":8629208}
PERF {"pid":77016,"phase":"git:rev-parse","start_ns":1789219440500296000,"ns":9232667}
PERF {"pid":77016,"phase":"git:rev-parse","start_ns":1789219440509617000,"ns":9714083}
PERF {"pid":77016,"phase":"git:rev-parse","start_ns":1789219440519414000,"ns":9490083}
PERF {"pid":77016,"phase":"git:rev-parse","start_ns":1789219440528943000,"ns":9736875}
PERF {"pid":77016,"phase":"git:rev-parse","start_ns":1789219440538720000,"ns":10813250}
PERF {"pid":77016,"phase":"git:rev-parse","start_ns":1789219440549624000,"ns":8201542}
PERF {"pid":77016,"phase":"git:rev-parse","start_ns":1789219440557865000,"ns":6128166}
PERF {"pid":77016,"phase":"git:rev-parse","start_ns":1789219440564058000,"ns":10383875}
PERF {"pid":77016,"phase":"git:rev-parse","start_ns":1789219440574508000,"ns":8010041}
PERF {"pid":77016,"phase":"git:rev-parse","start_ns":1789219440582601000,"ns":9852583}
PERF {"pid":77016,"phase":"git:rev-parse","start_ns":1789219440592557000,"ns":9796375}
PERF {"pid":77016,"phase":"git:rev-parse","start_ns":1789219440602429000,"ns":9126167}
PERF {"pid":77016,"phase":"git:rev-parse","start_ns":1789219440611695000,"ns":9507625}
PERF {"pid":77016,"phase":"git:rev-parse","start_ns":1789219440621267000,"ns":9913709}
PERF {"pid":77016,"phase":"git:rev-parse","start_ns":1789219440631220000,"ns":8677958}
PERF {"pid":77016,"phase":"git:rev-parse","start_ns":1789219440639990000,"ns":8989875}
PERF {"pid":77016,"phase":"git:rev-parse","start_ns":1789219440649181000,"ns":9292708}
PERF {"pid":77016,"phase":"git:rev-parse","start_ns":1789219440658590000,"ns":10196500}
PERF {"pid":77016,"phase":"git:rev-parse","start_ns":1789219440669088000,"ns":9252833}
PERF {"pid":77016,"phase":"git:rev-parse","start_ns":1789219440678433000,"ns":8803291}
PERF {"pid":77016,"phase":"git:rev-parse","start_ns":1789219440687386000,"ns":10093083}
PERF {"pid":77016,"phase":"git:rev-parse","start_ns":1789219440697536000,"ns":9008333}
PERF {"pid":77016,"phase":"git:rev-parse","start_ns":1789219440706586000,"ns":8761083}
PERF {"pid":77016,"phase":"git:rev-parse","start_ns":1789219440715473000,"ns":8233333}
PERF {"pid":77016,"phase":"git:rev-parse","start_ns":1789219440723758000,"ns":7759416}
PERF {"pid":77016,"phase":"git:rev-parse","start_ns":1789219440731581000,"ns":7372041}
PERF {"pid":77016,"phase":"git:rev-parse","start_ns":1789219440738991000,"ns":7267083}
PERF {"pid":77016,"phase":"git:rev-parse","start_ns":1789219440746365000,"ns":7378083}
PERF {"pid":77016,"phase":"git:rev-parse","start_ns":1789219440753787000,"ns":7459541}
PERF {"pid":77016,"phase":"git:rev-parse","start_ns":1789219440761299000,"ns":7187334}
PERF {"pid":77016,"phase":"git:rev-parse","start_ns":1789219440768547000,"ns":8166583}
PERF {"pid":77016,"phase":"git:rev-parse","start_ns":1789219440776773000,"ns":7488500}
PERF {"pid":77016,"phase":"git:rev-parse","start_ns":1789219440784308000,"ns":7965791}
PERF {"pid":77016,"phase":"git:rev-parse","start_ns":1789219440792321000,"ns":8447792}
PERF {"pid":77016,"phase":"git:rev-parse","start_ns":1789219440800841000,"ns":8856958}
PERF {"pid":77016,"phase":"git:rev-parse","start_ns":1789219440809737000,"ns":7828709}
PERF {"pid":77016,"phase":"git:rev-parse","start_ns":1789219440817635000,"ns":7400625}
PERF {"pid":77016,"phase":"git:rev-parse","start_ns":1789219440825082000,"ns":6517167}
PERF {"pid":77016,"phase":"git:rev-parse","start_ns":1789219440831701000,"ns":7202875}
PERF {"pid":77016,"phase":"git:rev-parse","start_ns":1789219440839014000,"ns":7037666}
PERF {"pid":77016,"phase":"git:rev-parse","start_ns":1789219440846080000,"ns":7638167}
PERF {"pid":77016,"phase":"git:rev-parse","start_ns":1789219440853783000,"ns":7887041}
PERF {"pid":77016,"phase":"git:rev-parse","start_ns":1789219440861761000,"ns":7425958}
PERF {"pid":77016,"phase":"git:rev-parse","start_ns":1789219440869272000,"ns":6912000}
PERF {"pid":77016,"phase":"git:rev-parse","start_ns":1789219440876219000,"ns":7501292}
PERF {"pid":77016,"phase":"git:rev-parse","start_ns":1789219440883769000,"ns":7521500}
PERF {"pid":77016,"phase":"git:rev-parse","start_ns":1789219440891342000,"ns":6903667}
PERF {"pid":77016,"phase":"git:rev-parse","start_ns":1789219440898289000,"ns":7371542}
PERF {"pid":77016,"phase":"git:rev-parse","start_ns":1789219440905729000,"ns":6641042}
PERF {"pid":77016,"phase":"git:rev-parse","start_ns":1789219440912495000,"ns":7161708}
PERF {"pid":77016,"phase":"git:rev-parse","start_ns":1789219440919759000,"ns":6686125}
PERF {"pid":77016,"phase":"git:rev-parse","start_ns":1789219440926514000,"ns":8345708}
PERF {"pid":77016,"phase":"git:rev-parse","start_ns":1789219440934924000,"ns":7338500}
PERF {"pid":77016,"phase":"git:rev-parse","start_ns":1789219440942297000,"ns":7261500}
PERF {"pid":77016,"phase":"git:rev-parse","start_ns":1789219440949656000,"ns":8962000}
PERF {"pid":77016,"phase":"git:rev-parse","start_ns":1789219440958651000,"ns":7518042}
PERF {"pid":77016,"phase":"git:rev-parse","start_ns":1789219440966259000,"ns":6782250}
PERF {"pid":77016,"phase":"git:rev-parse","start_ns":1789219440973206000,"ns":9995334}
PERF {"pid":77016,"phase":"git:rev-parse","start_ns":1789219440983396000,"ns":7840833}
PERF {"pid":77016,"phase":"git:rev-parse","start_ns":1789219440991357000,"ns":8830000}
PERF {"pid":77016,"phase":"git:rev-parse","start_ns":1789219441000238000,"ns":6592500}
PERF {"pid":77016,"phase":"git:rev-parse","start_ns":1789219441006877000,"ns":7629708}
PERF {"pid":77016,"phase":"git:rev-parse","start_ns":1789219441014547000,"ns":7595459}
PERF {"pid":77016,"phase":"git:rev-parse","start_ns":1789219441022183000,"ns":7421625}
PERF {"pid":77016,"phase":"git:rev-parse","start_ns":1789219441029640000,"ns":8770959}
PERF {"pid":77016,"phase":"git:rev-parse","start_ns":1789219441038451000,"ns":7574417}
PERF {"pid":77016,"phase":"git:rev-parse","start_ns":1789219441046066000,"ns":7415500}
PERF {"pid":77016,"phase":"git:rev-parse","start_ns":1789219441053525000,"ns":7681375}
PERF {"pid":77016,"phase":"git:rev-parse","start_ns":1789219441061273000,"ns":6960625}
PERF {"pid":77016,"phase":"git:rev-parse","start_ns":1789219441068311000,"ns":6766042}
PERF {"pid":77016,"phase":"git:rev-parse","start_ns":1789219441075161000,"ns":7218750}
PERF {"pid":77016,"phase":"git:rev-parse","start_ns":1789219441082536000,"ns":6808750}
PERF {"pid":77016,"phase":"git:rev-parse","start_ns":1789219441089413000,"ns":7955042}
PERF {"pid":77016,"phase":"git:rev-parse","start_ns":1789219441097437000,"ns":7664625}
PERF {"pid":77016,"phase":"git:rev-parse","start_ns":1789219441105159000,"ns":6813583}
PERF {"pid":77016,"phase":"git:rev-parse","start_ns":1789219441112036000,"ns":7114542}
PERF {"pid":77016,"phase":"git:rev-parse","start_ns":1789219441119188000,"ns":7761334}
PERF {"pid":77016,"phase":"git:rev-parse","start_ns":1789219441126990000,"ns":8739292}
PERF {"pid":77016,"phase":"git:rev-parse","start_ns":1789219441135810000,"ns":7606541}
PERF {"pid":77016,"phase":"git:rev-parse","start_ns":1789219441143513000,"ns":7162333}
PERF {"pid":77016,"phase":"git:rev-parse","start_ns":1789219441150761000,"ns":7856708}
PERF {"pid":77016,"phase":"git:rev-parse","start_ns":1789219441158683000,"ns":7669500}
PERF {"pid":77016,"phase":"git:rev-parse","start_ns":1789219441166393000,"ns":7484791}
PERF {"pid":77016,"phase":"git:rev-parse","start_ns":1789219441173919000,"ns":7713208}
PERF {"pid":77016,"phase":"git:rev-parse","start_ns":1789219441181684000,"ns":7931292}
PERF {"pid":77016,"phase":"git:rev-parse","start_ns":1789219441189696000,"ns":7559916}
PERF {"pid":77016,"phase":"git:rev-parse","start_ns":1789219441197326000,"ns":8003625}
PERF {"pid":77016,"phase":"git:rev-parse","start_ns":1789219441205375000,"ns":8114875}
PERF {"pid":77016,"phase":"git:rev-parse","start_ns":1789219441213534000,"ns":7576667}
PERF {"pid":77016,"phase":"git:rev-parse","start_ns":1789219441221154000,"ns":7434167}
PERF {"pid":77016,"phase":"git:rev-parse","start_ns":1789219441228633000,"ns":7378125}
PERF {"pid":77016,"phase":"git:rev-parse","start_ns":1789219441236074000,"ns":7447583}
PERF {"pid":77016,"phase":"git:rev-parse","start_ns":1789219441243594000,"ns":7793500}
PERF {"pid":77016,"phase":"git:rev-parse","start_ns":1789219441251562000,"ns":7032792}
PERF {"pid":77016,"phase":"git:rev-parse","start_ns":1789219441258669000,"ns":6523666}
PERF {"pid":77016,"phase":"git:rev-parse","start_ns":1789219441265262000,"ns":7713167}
PERF {"pid":77016,"phase":"git:rev-parse","start_ns":1789219441273039000,"ns":7715834}
PERF {"pid":77016,"phase":"git:rev-parse","start_ns":1789219441280814000,"ns":7772500}
PERF {"pid":77016,"phase":"git:rev-parse","start_ns":1789219441288701000,"ns":7422250}
PERF {"pid":77016,"phase":"git:rev-parse","start_ns":1789219441296186000,"ns":7347250}
PERF {"pid":77016,"phase":"git:rev-parse","start_ns":1789219441303606000,"ns":7976834}
PERF {"pid":77016,"phase":"git:rev-parse","start_ns":1789219441311681000,"ns":8805500}
PERF {"pid":77016,"phase":"git:rev-parse","start_ns":1789219441320563000,"ns":7508167}
PERF {"pid":77016,"phase":"git:rev-parse","start_ns":1789219441328140000,"ns":8392375}
PERF {"pid":77016,"phase":"git:rev-parse","start_ns":1789219441336602000,"ns":7761083}
PERF {"pid":77016,"phase":"git:rev-parse","start_ns":1789219441344403000,"ns":7279416}
PERF {"pid":77016,"phase":"git:rev-parse","start_ns":1789219441351747000,"ns":8817041}
PERF {"pid":77016,"phase":"git:rev-parse","start_ns":1789219441360711000,"ns":7625875}
PERF {"pid":77016,"phase":"git:rev-parse","start_ns":1789219441368449000,"ns":7297958}
PERF {"pid":77016,"phase":"git:rev-parse","start_ns":1789219441375807000,"ns":8051583}
PERF {"pid":77016,"phase":"git:rev-parse","start_ns":1789219441383941000,"ns":5861250}
PERF {"pid":77016,"phase":"git:rev-parse","start_ns":1789219441389871000,"ns":6187708}
PERF {"pid":77016,"phase":"git:rev-parse","start_ns":1789219441396118000,"ns":7657250}
PERF {"pid":77016,"phase":"git:rev-parse","start_ns":1789219441403853000,"ns":8921708}
PERF {"pid":77016,"phase":"git:rev-parse","start_ns":1789219441412846000,"ns":6967667}
PERF {"pid":77016,"phase":"git:rev-parse","start_ns":1789219441419872000,"ns":7187583}
PERF {"pid":77016,"phase":"git:rev-parse","start_ns":1789219441427150000,"ns":6987500}
PERF {"pid":77016,"phase":"git:rev-parse","start_ns":1789219441434175000,"ns":6292625}
PERF {"pid":77016,"phase":"git:rev-parse","start_ns":1789219441440506000,"ns":6916916}
PERF {"pid":77016,"phase":"git:rev-parse","start_ns":1789219441447491000,"ns":7269875}
PERF {"pid":77016,"phase":"git:rev-parse","start_ns":1789219441454841000,"ns":5859291}
PERF {"pid":77016,"phase":"git:rev-parse","start_ns":1789219441460784000,"ns":5655584}
PERF {"pid":77016,"phase":"git:rev-parse","start_ns":1789219441466486000,"ns":7795167}
PERF {"pid":77016,"phase":"git:rev-parse","start_ns":1789219441474323000,"ns":6682959}
PERF {"pid":77016,"phase":"git:rev-parse","start_ns":1789219441481043000,"ns":5716167}
PERF {"pid":77016,"phase":"git:rev-parse","start_ns":1789219441486798000,"ns":8680667}
PERF {"pid":77016,"phase":"git:rev-parse","start_ns":1789219441495558000,"ns":9082791}
PERF {"pid":77016,"phase":"git:rev-parse","start_ns":1789219441504720000,"ns":7448667}
PERF {"pid":77016,"phase":"git:rev-parse","start_ns":1789219441512228000,"ns":7810375}
PERF {"pid":77016,"phase":"git:rev-parse","start_ns":1789219441520130000,"ns":9385125}
PERF {"pid":77016,"phase":"git:rev-parse","start_ns":1789219441529559000,"ns":9204167}
PERF {"pid":77016,"phase":"git:rev-parse","start_ns":1789219441538810000,"ns":8350666}
PERF {"pid":77016,"phase":"git:rev-parse","start_ns":1789219441547204000,"ns":8374583}
PERF {"pid":77016,"phase":"git:rev-parse","start_ns":1789219441555650000,"ns":7553625}
PERF {"pid":77016,"phase":"git:rev-parse","start_ns":1789219441563273000,"ns":7701667}
PERF {"pid":77016,"phase":"git:rev-parse","start_ns":1789219441571010000,"ns":8459000}
PERF {"pid":77016,"phase":"git:rev-parse","start_ns":1789219441579515000,"ns":8313625}
PERF {"pid":77016,"phase":"git:rev-parse","start_ns":1789219441587890000,"ns":7986459}
PERF {"pid":77016,"phase":"git:rev-parse","start_ns":1789219441595943000,"ns":7910084}
PERF {"pid":77016,"phase":"git:rev-parse","start_ns":1789219441603891000,"ns":8004709}
PERF {"pid":77016,"phase":"git:rev-parse","start_ns":1789219441611954000,"ns":8344584}
PERF {"pid":77016,"phase":"git:rev-parse","start_ns":1789219441620401000,"ns":7920750}
PERF {"pid":77016,"phase":"git:rev-parse","start_ns":1789219441628418000,"ns":7733667}
PERF {"pid":77016,"phase":"git:rev-parse","start_ns":1789219441636196000,"ns":8212667}
PERF {"pid":77016,"phase":"git:rev-parse","start_ns":1789219441644479000,"ns":8394667}
PERF {"pid":77016,"phase":"git:rev-parse","start_ns":1789219441652934000,"ns":8597333}
PERF {"pid":77016,"phase":"git:rev-parse","start_ns":1789219441661650000,"ns":8095333}
PERF {"pid":77016,"phase":"git:rev-parse","start_ns":1789219441669818000,"ns":8068917}
PERF {"pid":77016,"phase":"git:rev-parse","start_ns":1789219441677972000,"ns":8455917}
PERF {"pid":77016,"phase":"git:rev-parse","start_ns":1789219441686510000,"ns":6991750}
PERF {"pid":77016,"phase":"git:rev-parse","start_ns":1789219441693566000,"ns":7826291}
PERF {"pid":77016,"phase":"git:rev-parse","start_ns":1789219441701457000,"ns":9024000}
PERF {"pid":77016,"phase":"git:rev-parse","start_ns":1789219441710520000,"ns":9212208}
PERF {"pid":77016,"phase":"git:rev-parse","start_ns":1789219441719764000,"ns":8203291}
PERF {"pid":77016,"phase":"git:rev-parse","start_ns":1789219441728002000,"ns":7903667}
PERF {"pid":77016,"phase":"git:rev-parse","start_ns":1789219441735946000,"ns":8552584}
PERF {"pid":77016,"phase":"git:rev-parse","start_ns":1789219441744537000,"ns":8033042}
PERF {"pid":77016,"phase":"git:rev-parse","start_ns":1789219441752832000,"ns":7442625}
PERF {"pid":77016,"phase":"git:rev-parse","start_ns":1789219441760333000,"ns":8361875}
PERF {"pid":77016,"phase":"git:rev-parse","start_ns":1789219441768786000,"ns":8158375}
PERF {"pid":77016,"phase":"git:rev-parse","start_ns":1789219441777002000,"ns":8067000}
PERF {"pid":77016,"phase":"git:rev-parse","start_ns":1789219441785109000,"ns":7365000}
PERF {"pid":77016,"phase":"git:rev-parse","start_ns":1789219441792517000,"ns":5743791}
PERF {"pid":77016,"phase":"git:rev-parse","start_ns":1789219441798331000,"ns":7808083}
PERF {"pid":77016,"phase":"git:rev-parse","start_ns":1789219441806187000,"ns":9204333}
PERF {"pid":77016,"phase":"git:rev-parse","start_ns":1789219441815503000,"ns":8507250}
PERF {"pid":77016,"phase":"git:rev-parse","start_ns":1789219441824082000,"ns":7791375}
PERF {"pid":77016,"phase":"git:rev-parse","start_ns":1789219441831910000,"ns":8259958}
PERF {"pid":77016,"phase":"git:rev-parse","start_ns":1789219441840213000,"ns":8104500}
PERF {"pid":77016,"phase":"git:rev-parse","start_ns":1789219441848367000,"ns":8169917}
PERF {"pid":77016,"phase":"git:rev-parse","start_ns":1789219441856607000,"ns":7999667}
PERF {"pid":77016,"phase":"git:rev-parse","start_ns":1789219441864687000,"ns":7364959}
PERF {"pid":77016,"phase":"git:rev-parse","start_ns":1789219441872143000,"ns":8535542}
PERF {"pid":77016,"phase":"git:rev-parse","start_ns":1789219441880818000,"ns":7004709}
PERF {"pid":77016,"phase":"git:rev-parse","start_ns":1789219441887905000,"ns":7983583}
PERF {"pid":77016,"phase":"git:rev-parse","start_ns":1789219441896048000,"ns":8331708}
PERF {"pid":77016,"phase":"git:rev-parse","start_ns":1789219441904500000,"ns":8283167}
PERF {"pid":77016,"phase":"git:rev-parse","start_ns":1789219441912830000,"ns":8573667}
PERF {"pid":77016,"phase":"git:rev-parse","start_ns":1789219441921471000,"ns":7908667}
PERF {"pid":77016,"phase":"git:rev-parse","start_ns":1789219441929422000,"ns":8077041}
PERF {"pid":77016,"phase":"git:rev-parse","start_ns":1789219441937536000,"ns":7920541}
PERF {"pid":77016,"phase":"git:rev-parse","start_ns":1789219441945501000,"ns":8619084}
PERF {"pid":77016,"phase":"git:rev-parse","start_ns":1789219441954183000,"ns":8588292}
PERF {"pid":77016,"phase":"git:rev-parse","start_ns":1789219441962812000,"ns":7978250}
PERF {"pid":77016,"phase":"git:rev-parse","start_ns":1789219441970873000,"ns":7549416}
PERF {"pid":77016,"phase":"git:rev-parse","start_ns":1789219441978462000,"ns":8482167}
PERF {"pid":77016,"phase":"git:rev-parse","start_ns":1789219441987024000,"ns":8343417}
PERF {"pid":77016,"phase":"git:rev-parse","start_ns":1789219441995404000,"ns":7982500}
PERF {"pid":77016,"phase":"git:rev-parse","start_ns":1789219442003442000,"ns":7300709}
PERF {"pid":77016,"phase":"git:rev-parse","start_ns":1789219442010818000,"ns":7035250}
PERF {"pid":77016,"phase":"git:rev-parse","start_ns":1789219442017935000,"ns":8803458}
PERF {"pid":77016,"phase":"git:rev-parse","start_ns":1789219442026788000,"ns":7419500}
PERF {"pid":77016,"phase":"git:rev-parse","start_ns":1789219442034252000,"ns":8421084}
PERF {"pid":77016,"phase":"git:rev-parse","start_ns":1789219442042758000,"ns":8013000}
PERF {"pid":77016,"phase":"git:rev-parse","start_ns":1789219442050820000,"ns":8469417}
PERF {"pid":77016,"phase":"git:rev-parse","start_ns":1789219442059329000,"ns":7877208}
PERF {"pid":77016,"phase":"git:rev-parse","start_ns":1789219442067248000,"ns":8234000}
PERF {"pid":77016,"phase":"git:rev-parse","start_ns":1789219442075554000,"ns":8756875}
PERF {"pid":77016,"phase":"git:rev-parse","start_ns":1789219442084377000,"ns":8256583}
PERF {"pid":77016,"phase":"git:rev-parse","start_ns":1789219442092668000,"ns":7708875}
PERF {"pid":77016,"phase":"git:rev-parse","start_ns":1789219442100412000,"ns":7575833}
PERF {"pid":77016,"phase":"git:rev-parse","start_ns":1789219442108047000,"ns":7894209}
PERF {"pid":77016,"phase":"git:rev-parse","start_ns":1789219442116020000,"ns":7814917}
PERF {"pid":77016,"phase":"git:rev-parse","start_ns":1789219442123913000,"ns":7886791}
PERF {"pid":77016,"phase":"git:rev-parse","start_ns":1789219442131865000,"ns":8020125}
PERF {"pid":77016,"phase":"git:rev-parse","start_ns":1789219442139953000,"ns":8076625}
PERF {"pid":77016,"phase":"git:rev-parse","start_ns":1789219442148186000,"ns":8033875}
PERF {"pid":77016,"phase":"git:rev-parse","start_ns":1789219442156294000,"ns":8578958}
PERF {"pid":77016,"phase":"git:rev-parse","start_ns":1789219442164929000,"ns":7638833}
PERF {"pid":77016,"phase":"git:rev-parse","start_ns":1789219442172629000,"ns":8079250}
PERF {"pid":77016,"phase":"git:rev-parse","start_ns":1789219442180783000,"ns":7884542}
PERF {"pid":77016,"phase":"git:rev-parse","start_ns":1789219442188777000,"ns":8051166}
PERF {"pid":77016,"phase":"git:rev-parse","start_ns":1789219442196933000,"ns":7548791}
PERF {"pid":77016,"phase":"git:rev-parse","start_ns":1789219442204576000,"ns":8849750}
PERF {"pid":77016,"phase":"git:rev-parse","start_ns":1789219442213508000,"ns":7725917}
PERF {"pid":77016,"phase":"git:rev-parse","start_ns":1789219442221284000,"ns":8177208}
PERF {"pid":77016,"phase":"git:rev-parse","start_ns":1789219442229530000,"ns":7405375}
PERF {"pid":77016,"phase":"git:rev-parse","start_ns":1789219442237004000,"ns":7900709}
PERF {"pid":77016,"phase":"git:rev-parse","start_ns":1789219442245028000,"ns":7803834}
PERF {"pid":77016,"phase":"git:rev-parse","start_ns":1789219442252877000,"ns":6837750}
PERF {"pid":77016,"phase":"git:rev-parse","start_ns":1789219442259799000,"ns":7714209}
PERF {"pid":77016,"phase":"git:rev-parse","start_ns":1789219442267611000,"ns":7572584}
PERF {"pid":77016,"phase":"git:rev-parse","start_ns":1789219442275225000,"ns":8357167}
PERF {"pid":77016,"phase":"git:rev-parse","start_ns":1789219442283625000,"ns":7928458}
PERF {"pid":77016,"phase":"git:rev-parse","start_ns":1789219442291673000,"ns":8084000}
PERF {"pid":77016,"phase":"git:rev-parse","start_ns":1789219442299796000,"ns":7754375}
PERF {"pid":77016,"phase":"git:rev-parse","start_ns":1789219442307599000,"ns":8287958}
PERF {"pid":77016,"phase":"git:rev-parse","start_ns":1789219442316000000,"ns":8637417}
PERF {"pid":77016,"phase":"git:rev-parse","start_ns":1789219442324701000,"ns":8344917}
PERF {"pid":77016,"phase":"git:rev-parse","start_ns":1789219442333095000,"ns":7336416}
PERF {"pid":77016,"phase":"git:rev-parse","start_ns":1789219442340507000,"ns":7414916}
PERF {"pid":77016,"phase":"git:rev-parse","start_ns":1789219442347975000,"ns":7931417}
PERF {"pid":77016,"phase":"git:rev-parse","start_ns":1789219442356004000,"ns":7911709}
PERF {"pid":77016,"phase":"git:rev-parse","start_ns":1789219442364065000,"ns":7735791}
PERF {"pid":77016,"phase":"git:rev-parse","start_ns":1789219442371881000,"ns":7579958}
PERF {"pid":77016,"phase":"git:rev-parse","start_ns":1789219442379552000,"ns":7892000}
PERF {"pid":77016,"phase":"git:rev-parse","start_ns":1789219442387511000,"ns":8288666}
PERF {"pid":77016,"phase":"git:rev-parse","start_ns":1789219442395872000,"ns":7856875}
PERF {"pid":77016,"phase":"git:rev-parse","start_ns":1789219442403809000,"ns":7074583}
PERF {"pid":77016,"phase":"git:rev-parse","start_ns":1789219442410958000,"ns":8004417}
PERF {"pid":77016,"phase":"git:rev-parse","start_ns":1789219442419001000,"ns":7733250}
PERF {"pid":77016,"phase":"git:rev-parse","start_ns":1789219442426814000,"ns":7476916}
PERF {"pid":77016,"phase":"git:rev-parse","start_ns":1789219442434358000,"ns":7172375}
PERF {"pid":77016,"phase":"git:rev-parse","start_ns":1789219442441615000,"ns":8069541}
PERF {"pid":77016,"phase":"git:rev-parse","start_ns":1789219442449749000,"ns":6825125}
PERF {"pid":77016,"phase":"git:rev-parse","start_ns":1789219442456697000,"ns":7991166}
PERF {"pid":77016,"phase":"git:rev-parse","start_ns":1789219442464749000,"ns":7146333}
PERF {"pid":77016,"phase":"git:rev-parse","start_ns":1789219442471961000,"ns":7793958}
PERF {"pid":77016,"phase":"git:rev-parse","start_ns":1789219442479817000,"ns":7470667}
PERF {"pid":77016,"phase":"git:rev-parse","start_ns":1789219442487426000,"ns":7709250}
PERF {"pid":77016,"phase":"git:rev-parse","start_ns":1789219442495195000,"ns":6984875}
PERF {"pid":77016,"phase":"git:rev-parse","start_ns":1789219442502246000,"ns":7345125}
PERF {"pid":77016,"phase":"git:rev-parse","start_ns":1789219442509653000,"ns":7130167}
PERF {"pid":77016,"phase":"git:rev-parse","start_ns":1789219442516879000,"ns":6591791}
PERF {"pid":77016,"phase":"git:rev-parse","start_ns":1789219442523540000,"ns":7429334}
PERF {"pid":77016,"phase":"git:rev-parse","start_ns":1789219442531037000,"ns":7499000}
PERF {"pid":77016,"phase":"git:rev-parse","start_ns":1789219442538597000,"ns":7760583}
PERF {"pid":77016,"phase":"git:rev-parse","start_ns":1789219442546459000,"ns":8188166}
PERF {"pid":77016,"phase":"git:rev-parse","start_ns":1789219442554705000,"ns":8676416}
PERF {"pid":77016,"phase":"git:rev-parse","start_ns":1789219442563453000,"ns":8034166}
PERF {"pid":77016,"phase":"git:rev-parse","start_ns":1789219442571556000,"ns":7657583}
PERF {"pid":77016,"phase":"git:rev-parse","start_ns":1789219442579283000,"ns":8435542}
PERF {"pid":77016,"phase":"git:rev-parse","start_ns":1789219442587756000,"ns":7792250}
PERF {"pid":77016,"phase":"git:rev-parse","start_ns":1789219442595607000,"ns":7704083}
PERF {"pid":77016,"phase":"git:rev-parse","start_ns":1789219442603432000,"ns":7359875}
PERF {"pid":77016,"phase":"git:rev-parse","start_ns":1789219442610857000,"ns":7494125}
PERF {"pid":77016,"phase":"git:rev-parse","start_ns":1789219442618470000,"ns":7360334}
PERF {"pid":77016,"phase":"git:rev-parse","start_ns":1789219442625889000,"ns":8333583}
PERF {"pid":77016,"phase":"git:rev-parse","start_ns":1789219442634289000,"ns":6317958}
PERF {"pid":77016,"phase":"git:rev-parse","start_ns":1789219442640722000,"ns":7573292}
PERF {"pid":77016,"phase":"git:rev-parse","start_ns":1789219442648346000,"ns":7178291}
PERF {"pid":77016,"phase":"git:rev-parse","start_ns":1789219442655574000,"ns":7820292}
PERF {"pid":77016,"phase":"git:rev-parse","start_ns":1789219442663434000,"ns":7907166}
PERF {"pid":77016,"phase":"git:rev-parse","start_ns":1789219442671382000,"ns":7704791}
PERF {"pid":77016,"phase":"git:rev-parse","start_ns":1789219442679134000,"ns":7631917}
PERF {"pid":77016,"phase":"git:rev-parse","start_ns":1789219442686833000,"ns":7615334}
PERF {"pid":77016,"phase":"git:rev-parse","start_ns":1789219442694533000,"ns":7811292}
PERF {"pid":77016,"phase":"git:rev-parse","start_ns":1789219442702406000,"ns":7461084}
PERF {"pid":77016,"phase":"git:rev-parse","start_ns":1789219442709923000,"ns":8543791}
PERF {"pid":77016,"phase":"git:rev-parse","start_ns":1789219442718544000,"ns":8259584}
PERF {"pid":77016,"phase":"git:rev-parse","start_ns":1789219442726882000,"ns":8205083}
PERF {"pid":77016,"phase":"git:rev-parse","start_ns":1789219442735190000,"ns":6988084}
PERF {"pid":77016,"phase":"git:rev-parse","start_ns":1789219442742272000,"ns":6895042}
PERF {"pid":77016,"phase":"git:rev-parse","start_ns":1789219442749238000,"ns":7067500}
PERF {"pid":77016,"phase":"git:rev-parse","start_ns":1789219442756379000,"ns":8165083}
PERF {"pid":77016,"phase":"git:rev-parse","start_ns":1789219442764625000,"ns":7506625}
PERF {"pid":77016,"phase":"git:rev-parse","start_ns":1789219442772196000,"ns":7436500}
PERF {"pid":77016,"phase":"git:rev-parse","start_ns":1789219442779710000,"ns":7881417}
PERF {"pid":77016,"phase":"git:rev-parse","start_ns":1789219442787652000,"ns":7498500}
PERF {"pid":77016,"phase":"git:rev-parse","start_ns":1789219442795231000,"ns":8312125}
PERF {"pid":77016,"phase":"git:rev-parse","start_ns":1789219442803613000,"ns":8307500}
PERF {"pid":77016,"phase":"git:rev-parse","start_ns":1789219442811965000,"ns":8062042}
PERF {"pid":77016,"phase":"git:rev-parse","start_ns":1789219442820063000,"ns":8390084}
PERF {"pid":77016,"phase":"git:rev-parse","start_ns":1789219442828523000,"ns":7892000}
PERF {"pid":77016,"phase":"git:rev-parse","start_ns":1789219442836487000,"ns":8131750}
PERF {"pid":77016,"phase":"git:rev-parse","start_ns":1789219442844699000,"ns":7932542}
PERF {"pid":77016,"phase":"git:rev-parse","start_ns":1789219442852700000,"ns":8203209}
PERF {"pid":77016,"phase":"git:rev-parse","start_ns":1789219442860976000,"ns":7597125}
PERF {"pid":77016,"phase":"git:rev-parse","start_ns":1789219442868650000,"ns":7011959}
PERF {"pid":77016,"phase":"git:rev-parse","start_ns":1789219442875752000,"ns":6916958}
PERF {"pid":77016,"phase":"git:rev-parse","start_ns":1789219442882722000,"ns":7745417}
PERF {"pid":77016,"phase":"git:rev-parse","start_ns":1789219442890599000,"ns":7367667}
PERF {"pid":77016,"phase":"git:rev-parse","start_ns":1789219442898035000,"ns":7244916}
PERF {"pid":77016,"phase":"git:rev-parse","start_ns":1789219442905349000,"ns":9952708}
PERF {"pid":77016,"phase":"git:rev-parse","start_ns":1789219442915394000,"ns":10015417}
PERF {"pid":77016,"phase":"git:rev-parse","start_ns":1789219442925546000,"ns":9239625}
PERF {"pid":77016,"phase":"git:rev-parse","start_ns":1789219442934869000,"ns":8997625}
PERF {"pid":77016,"phase":"git:rev-parse","start_ns":1789219442944025000,"ns":9835041}
PERF {"pid":77016,"phase":"git:rev-parse","start_ns":1789219442953937000,"ns":10450625}
PERF {"pid":77016,"phase":"git:rev-parse","start_ns":1789219442964527000,"ns":11471834}
PERF {"pid":77016,"phase":"git:rev-parse","start_ns":1789219442976074000,"ns":12305750}
PERF {"pid":77016,"phase":"git:rev-parse","start_ns":1789219442988514000,"ns":9561042}
PERF {"pid":77016,"phase":"git:rev-parse","start_ns":1789219442998143000,"ns":9861542}
PERF {"pid":77016,"phase":"git:rev-parse","start_ns":1789219443008204000,"ns":10313833}
PERF {"pid":77016,"phase":"git:rev-parse","start_ns":1789219443018577000,"ns":8004042}
PERF {"pid":77016,"phase":"git:rev-parse","start_ns":1789219443026632000,"ns":8500833}
PERF {"pid":77016,"phase":"git:rev-parse","start_ns":1789219443035182000,"ns":8985083}
PERF {"pid":77016,"phase":"git:rev-parse","start_ns":1789219443044222000,"ns":9950625}
PERF {"pid":77016,"phase":"git:rev-parse","start_ns":1789219443054260000,"ns":8300125}
PERF {"pid":77016,"phase":"git:rev-parse","start_ns":1789219443062605000,"ns":10372167}
PERF {"pid":77016,"phase":"git:rev-parse","start_ns":1789219443073107000,"ns":9209459}
PERF {"pid":77016,"phase":"git:rev-parse","start_ns":1789219443082420000,"ns":7309125}
PERF {"pid":77016,"phase":"git:rev-parse","start_ns":1789219443089826000,"ns":7891833}
PERF {"pid":77016,"phase":"git:rev-parse","start_ns":1789219443097806000,"ns":10527084}
PERF {"pid":77016,"phase":"git:rev-parse","start_ns":1789219443108406000,"ns":9094625}
PERF {"pid":77016,"phase":"git:rev-parse","start_ns":1789219443117587000,"ns":9799500}
PERF {"pid":77016,"phase":"git:rev-parse","start_ns":1789219443127472000,"ns":8556250}
PERF {"pid":77016,"phase":"git:rev-parse","start_ns":1789219443136098000,"ns":10476708}
PERF {"pid":77016,"phase":"git:rev-parse","start_ns":1789219443146665000,"ns":8891083}
PERF {"pid":77016,"phase":"git:rev-parse","start_ns":1789219443155600000,"ns":10047500}
PERF {"pid":77016,"phase":"git:rev-parse","start_ns":1789219443165732000,"ns":10144125}
PERF {"pid":77016,"phase":"git:rev-parse","start_ns":1789219443175941000,"ns":9445334}
PERF {"pid":77016,"phase":"git:rev-parse","start_ns":1789219443185504000,"ns":9468750}
PERF {"pid":77016,"phase":"git:rev-parse","start_ns":1789219443195102000,"ns":8050834}
PERF {"pid":77016,"phase":"git:rev-parse","start_ns":1789219443203194000,"ns":7803500}
PERF {"pid":77016,"phase":"git:rev-parse","start_ns":1789219443211117000,"ns":7108125}
PERF {"pid":77016,"phase":"git:rev-parse","start_ns":1789219443218309000,"ns":9381417}
PERF {"pid":77016,"phase":"git:rev-parse","start_ns":1789219443227745000,"ns":8569125}
PERF {"pid":77016,"phase":"git:rev-parse","start_ns":1789219443236433000,"ns":7982708}
PERF {"pid":77016,"phase":"git:rev-parse","start_ns":1789219443244565000,"ns":7876334}
PERF {"pid":77016,"phase":"git:rev-parse","start_ns":1789219443252566000,"ns":7609917}
PERF {"pid":77016,"phase":"git:rev-parse","start_ns":1789219443260257000,"ns":7873958}
PERF {"pid":77016,"phase":"git:rev-parse","start_ns":1789219443268203000,"ns":7692208}
PERF {"pid":77016,"phase":"git:rev-parse","start_ns":1789219443276030000,"ns":8670250}
PERF {"pid":77016,"phase":"git:rev-parse","start_ns":1789219443284800000,"ns":8315541}
PERF {"pid":77016,"phase":"git:rev-parse","start_ns":1789219443293208000,"ns":6553459}
PERF {"pid":77016,"phase":"git:rev-parse","start_ns":1789219443299810000,"ns":7156583}
PERF {"pid":77016,"phase":"git:rev-parse","start_ns":1789219443307038000,"ns":8353917}
PERF {"pid":77016,"phase":"git:rev-parse","start_ns":1789219443315554000,"ns":8012375}
PERF {"pid":77016,"phase":"git:rev-parse","start_ns":1789219443323680000,"ns":6969667}
PERF {"pid":77016,"phase":"git:rev-parse","start_ns":1789219443330707000,"ns":8119834}
PERF {"pid":77016,"phase":"git:rev-parse","start_ns":1789219443338893000,"ns":7927542}
PERF {"pid":77016,"phase":"git:rev-parse","start_ns":1789219443346885000,"ns":7066458}
PERF {"pid":77016,"phase":"git:rev-parse","start_ns":1789219443354030000,"ns":7256750}
PERF {"pid":77016,"phase":"git:rev-parse","start_ns":1789219443361362000,"ns":7414958}
PERF {"pid":77016,"phase":"git:rev-parse","start_ns":1789219443368848000,"ns":7628709}
PERF {"pid":77016,"phase":"git:rev-parse","start_ns":1789219443376602000,"ns":7809791}
PERF {"pid":77016,"phase":"git:rev-parse","start_ns":1789219443384483000,"ns":7097667}
PERF {"pid":77016,"phase":"git:rev-parse","start_ns":1789219443391648000,"ns":7981750}
PERF {"pid":77016,"phase":"git:rev-parse","start_ns":1789219443399688000,"ns":8104167}
PERF {"pid":77016,"phase":"git:rev-parse","start_ns":1789219443407861000,"ns":8081417}
PERF {"pid":77016,"phase":"git:rev-parse","start_ns":1789219443416007000,"ns":9052209}
PERF {"pid":77016,"phase":"git:rev-parse","start_ns":1789219443425166000,"ns":7665750}
PERF {"pid":77016,"phase":"git:rev-parse","start_ns":1789219443432915000,"ns":7184167}
PERF {"pid":77016,"phase":"git:rev-parse","start_ns":1789219443440142000,"ns":10506417}
PERF {"pid":77016,"phase":"git:rev-parse","start_ns":1789219443450726000,"ns":8213625}
PERF {"pid":77016,"phase":"git:rev-parse","start_ns":1789219443459028000,"ns":7840333}
PERF {"pid":77016,"phase":"git:rev-parse","start_ns":1789219443466953000,"ns":8661375}
PERF {"pid":77016,"phase":"git:rev-parse","start_ns":1789219443475687000,"ns":7889583}
PERF {"pid":77016,"phase":"git:rev-parse","start_ns":1789219443483643000,"ns":7352458}
PERF {"pid":77016,"phase":"git:rev-parse","start_ns":1789219443491088000,"ns":8235125}
PERF {"pid":77016,"phase":"git:rev-parse","start_ns":1789219443499442000,"ns":7552833}
PERF {"pid":77016,"phase":"git:rev-parse","start_ns":1789219443507150000,"ns":7446583}
PERF {"pid":77016,"phase":"git:rev-parse","start_ns":1789219443514664000,"ns":8224542}
PERF {"pid":77016,"phase":"git:rev-parse","start_ns":1789219443522998000,"ns":7737667}
PERF {"pid":77016,"phase":"git:rev-parse","start_ns":1789219443530796000,"ns":7977334}
PERF {"pid":77016,"phase":"git:rev-parse","start_ns":1789219443538846000,"ns":8229042}
PERF {"pid":77016,"phase":"git:rev-parse","start_ns":1789219443547134000,"ns":8066250}
PERF {"pid":77016,"phase":"git:rev-parse","start_ns":1789219443555273000,"ns":7870333}
PERF {"pid":77016,"phase":"git:rev-parse","start_ns":1789219443563240000,"ns":7679208}
PERF {"pid":77016,"phase":"git:rev-parse","start_ns":1789219443571021000,"ns":8602292}
PERF {"pid":77016,"phase":"git:rev-parse","start_ns":1789219443579698000,"ns":9404334}
PERF {"pid":77016,"phase":"git:rev-parse","start_ns":1789219443589161000,"ns":8414125}
PERF {"pid":77016,"phase":"git:rev-parse","start_ns":1789219443597608000,"ns":8313583}
PERF {"pid":77016,"phase":"git:rev-parse","start_ns":1789219443605982000,"ns":8167042}
PERF {"pid":77016,"phase":"git:rev-parse","start_ns":1789219443614205000,"ns":8201334}
PERF {"pid":77016,"phase":"git:rev-parse","start_ns":1789219443622469000,"ns":8352042}
PERF {"pid":77016,"phase":"git:rev-parse","start_ns":1789219443630876000,"ns":8008791}
PERF {"pid":77016,"phase":"git:rev-parse","start_ns":1789219443638928000,"ns":7931292}
PERF {"pid":77016,"phase":"git:rev-parse","start_ns":1789219443646925000,"ns":7341584}
PERF {"pid":77016,"phase":"git:rev-parse","start_ns":1789219443654306000,"ns":7930666}
PERF {"pid":77016,"phase":"git:rev-parse","start_ns":1789219443662307000,"ns":7601958}
PERF {"pid":77016,"phase":"git:rev-parse","start_ns":1789219443669949000,"ns":7518959}
PERF {"pid":77016,"phase":"git:rev-parse","start_ns":1789219443677508000,"ns":7829750}
PERF {"pid":77016,"phase":"git:rev-parse","start_ns":1789219443685412000,"ns":7674375}
PERF {"pid":77016,"phase":"git:rev-parse","start_ns":1789219443693156000,"ns":7584208}
PERF {"pid":77016,"phase":"git:rev-parse","start_ns":1789219443700828000,"ns":7611375}
PERF {"pid":77016,"phase":"git:rev-parse","start_ns":1789219443708482000,"ns":7897584}
PERF {"pid":77016,"phase":"git:rev-parse","start_ns":1789219443716423000,"ns":8840291}
PERF {"pid":77016,"phase":"git:rev-parse","start_ns":1789219443725340000,"ns":7108459}
PERF {"pid":77016,"phase":"git:rev-parse","start_ns":1789219443732510000,"ns":7210750}
PERF {"pid":77016,"phase":"git:rev-parse","start_ns":1789219443739782000,"ns":7480959}
PERF {"pid":77016,"phase":"git:rev-parse","start_ns":1789219443747323000,"ns":7578708}
PERF {"pid":77016,"phase":"git:rev-parse","start_ns":1789219443755026000,"ns":7677708}
PERF {"pid":77016,"phase":"git:rev-parse","start_ns":1789219443762754000,"ns":7242750}
PERF {"pid":77016,"phase":"git:rev-parse","start_ns":1789219443770077000,"ns":8822958}
PERF {"pid":77016,"phase":"git:rev-parse","start_ns":1789219443778967000,"ns":7621333}
PERF {"pid":77016,"phase":"git:rev-parse","start_ns":1789219443786713000,"ns":7439042}
PERF {"pid":77016,"phase":"git:rev-parse","start_ns":1789219443794248000,"ns":6718833}
PERF {"pid":77016,"phase":"git:for-each-ref","start_ns":1789219443801076000,"ns":48896083}
PERF {"pid":77016,"phase":"pins","start_ns":1789219435576773000,"ns":8274576458}
PERF {"pid":77016,"phase":"git:hash-object","start_ns":1789219443851537000,"ns":39021209}
PERF {"pid":77016,"phase":"git:mktree","start_ns":1789219443890640000,"ns":8823875}
PERF {"pid":77016,"phase":"git:commit-tree","start_ns":1789219443899540000,"ns":12867209}
PERF {"pid":77016,"phase":"git:update-ref","start_ns":1789219443913800000,"ns":358104334}
PERF {"pid":77016,"phase":"lock-held","start_ns":1789219435510136000,"ns":8761694167}
PERF {"pid":77016,"phase":"git:for-each-ref","start_ns":1789219444272026000,"ns":6246042}
PERF {"pid":77016,"phase":"git:cat-file","start_ns":1789219444278341000,"ns":7501375}
PERF {"pid":77016,"phase":"git:ls-tree","start_ns":1789219444285906000,"ns":7623084}
PERF {"pid":77016,"phase":"git:cat-file","start_ns":1789219444293596000,"ns":13018666}
PERF {"pid":77016,"phase":"lock-wait","start_ns":1789219444323597000,"ns":83708}
PERF {"pid":77016,"phase":"git:for-each-ref","start_ns":1789219444323715000,"ns":7110667}
PERF {"pid":77016,"phase":"git:cat-file","start_ns":1789219444330954000,"ns":7721958}
PERF {"pid":77016,"phase":"git:ls-tree","start_ns":1789219444338749000,"ns":7535375}
PERF {"pid":77016,"phase":"git:cat-file","start_ns":1789219444346373000,"ns":14004208}
PERF {"pid":77016,"phase":"read","start_ns":1789219444323714000,"ns":53473708}
PERF {"pid":77016,"phase":"encode-before","start_ns":1789219444377230000,"ns":8759167}
PERF {"pid":77016,"phase":"encode-after","start_ns":1789219444386034000,"ns":8081125}
PERF {"pid":77016,"phase":"git:cat-file","start_ns":1789219444395796000,"ns":10069166}
PERF {"pid":77016,"phase":"git:rev-parse","start_ns":1789219444406391000,"ns":7628708}
PERF {"pid":77016,"phase":"git:rev-parse","start_ns":1789219444414206000,"ns":7481500}
PERF {"pid":77016,"phase":"git:rev-parse","start_ns":1789219444421743000,"ns":7622083}
PERF {"pid":77016,"phase":"git:rev-parse","start_ns":1789219444429468000,"ns":7779333}
PERF {"pid":77016,"phase":"git:rev-parse","start_ns":1789219444437289000,"ns":7261000}
PERF {"pid":77016,"phase":"git:rev-parse","start_ns":1789219444444613000,"ns":7908250}
PERF {"pid":77016,"phase":"git:rev-parse","start_ns":1789219444452556000,"ns":8025208}
PERF {"pid":77016,"phase":"git:rev-parse","start_ns":1789219444460658000,"ns":8057083}
PERF {"pid":77016,"phase":"git:rev-parse","start_ns":1789219444468788000,"ns":7613417}
PERF {"pid":77016,"phase":"git:rev-parse","start_ns":1789219444476447000,"ns":8581208}
PERF {"pid":77016,"phase":"git:rev-parse","start_ns":1789219444485069000,"ns":7696916}
PERF {"pid":77016,"phase":"git:rev-parse","start_ns":1789219444492813000,"ns":7736375}
PERF {"pid":77016,"phase":"git:rev-parse","start_ns":1789219444500654000,"ns":7876083}
PERF {"pid":77016,"phase":"git:rev-parse","start_ns":1789219444508574000,"ns":7452916}
PERF {"pid":77016,"phase":"git:rev-parse","start_ns":1789219444516105000,"ns":9278416}
PERF {"pid":77016,"phase":"git:rev-parse","start_ns":1789219444525427000,"ns":7287125}
PERF {"pid":77016,"phase":"git:rev-parse","start_ns":1789219444532783000,"ns":7742166}
PERF {"pid":77016,"phase":"git:rev-parse","start_ns":1789219444540676000,"ns":7224292}
PERF {"pid":77016,"phase":"git:rev-parse","start_ns":1789219444547983000,"ns":7796042}
PERF {"pid":77016,"phase":"git:rev-parse","start_ns":1789219444555871000,"ns":7782375}
PERF {"pid":77016,"phase":"git:rev-parse","start_ns":1789219444563729000,"ns":8387209}
PERF {"pid":77016,"phase":"git:rev-parse","start_ns":1789219444572185000,"ns":7225292}
PERF {"pid":77016,"phase":"git:rev-parse","start_ns":1789219444579502000,"ns":7919375}
PERF {"pid":77016,"phase":"git:rev-parse","start_ns":1789219444587532000,"ns":7755292}
PERF {"pid":77016,"phase":"git:rev-parse","start_ns":1789219444595346000,"ns":8790667}
PERF {"pid":77016,"phase":"git:rev-parse","start_ns":1789219444604253000,"ns":8773583}
PERF {"pid":77016,"phase":"git:rev-parse","start_ns":1789219444613182000,"ns":9023083}
PERF {"pid":77016,"phase":"git:rev-parse","start_ns":1789219444622292000,"ns":8547792}
PERF {"pid":77016,"phase":"git:rev-parse","start_ns":1789219444630918000,"ns":7376500}
PERF {"pid":77016,"phase":"git:rev-parse","start_ns":1789219444638361000,"ns":7538166}
PERF {"pid":77016,"phase":"git:rev-parse","start_ns":1789219444645960000,"ns":8353750}
PERF {"pid":77016,"phase":"git:rev-parse","start_ns":1789219444654402000,"ns":8997750}
PERF {"pid":77016,"phase":"git:rev-parse","start_ns":1789219444663510000,"ns":7927625}
PERF {"pid":77016,"phase":"git:rev-parse","start_ns":1789219444671508000,"ns":7668333}
PERF {"pid":77016,"phase":"git:rev-parse","start_ns":1789219444679248000,"ns":7477791}
PERF {"pid":77016,"phase":"git:rev-parse","start_ns":1789219444686787000,"ns":7644792}
PERF {"pid":77016,"phase":"git:rev-parse","start_ns":1789219444694494000,"ns":7434167}
PERF {"pid":77016,"phase":"git:rev-parse","start_ns":1789219444701993000,"ns":8009292}
PERF {"pid":77016,"phase":"git:rev-parse","start_ns":1789219444710066000,"ns":7990166}
PERF {"pid":77016,"phase":"git:rev-parse","start_ns":1789219444718151000,"ns":8327042}
PERF {"pid":77016,"phase":"git:rev-parse","start_ns":1789219444726546000,"ns":7332667}
PERF {"pid":77016,"phase":"git:rev-parse","start_ns":1789219444733943000,"ns":7480416}
PERF {"pid":77016,"phase":"git:rev-parse","start_ns":1789219444741506000,"ns":7313250}
PERF {"pid":77016,"phase":"git:rev-parse","start_ns":1789219444748892000,"ns":7550208}
PERF {"pid":77016,"phase":"git:rev-parse","start_ns":1789219444756555000,"ns":7694250}
PERF {"pid":77016,"phase":"git:rev-parse","start_ns":1789219444764328000,"ns":7885708}
PERF {"pid":77016,"phase":"git:rev-parse","start_ns":1789219444772287000,"ns":7186500}
PERF {"pid":77016,"phase":"git:rev-parse","start_ns":1789219444779569000,"ns":8521084}
PERF {"pid":77016,"phase":"git:rev-parse","start_ns":1789219444788155000,"ns":6472833}
PERF {"pid":77016,"phase":"git:rev-parse","start_ns":1789219444794715000,"ns":6782959}
PERF {"pid":77016,"phase":"git:rev-parse","start_ns":1789219444801648000,"ns":7689250}
PERF {"pid":77016,"phase":"git:rev-parse","start_ns":1789219444809434000,"ns":7020542}
PERF {"pid":77016,"phase":"git:rev-parse","start_ns":1789219444816518000,"ns":8031333}
PERF {"pid":77016,"phase":"git:rev-parse","start_ns":1789219444824612000,"ns":7337375}
PERF {"pid":77016,"phase":"git:rev-parse","start_ns":1789219444831992000,"ns":6896792}
PERF {"pid":77016,"phase":"git:rev-parse","start_ns":1789219444838930000,"ns":7605000}
PERF {"pid":77016,"phase":"git:rev-parse","start_ns":1789219444846603000,"ns":6481291}
PERF {"pid":77016,"phase":"git:rev-parse","start_ns":1789219444853148000,"ns":7826917}
PERF {"pid":77016,"phase":"git:rev-parse","start_ns":1789219444861084000,"ns":6771500}
PERF {"pid":77016,"phase":"git:rev-parse","start_ns":1789219444867928000,"ns":6563792}
PERF {"pid":77016,"phase":"git:rev-parse","start_ns":1789219444874556000,"ns":8017208}
PERF {"pid":77016,"phase":"git:rev-parse","start_ns":1789219444882644000,"ns":6023416}
PERF {"pid":77016,"phase":"git:rev-parse","start_ns":1789219444888725000,"ns":7792083}
PERF {"pid":77016,"phase":"git:rev-parse","start_ns":1789219444896589000,"ns":6558875}
PERF {"pid":77016,"phase":"git:rev-parse","start_ns":1789219444903212000,"ns":6555333}
PERF {"pid":77016,"phase":"git:rev-parse","start_ns":1789219444909839000,"ns":7475667}
PERF {"pid":77016,"phase":"git:rev-parse","start_ns":1789219444917351000,"ns":6451250}
PERF {"pid":77016,"phase":"git:rev-parse","start_ns":1789219444923873000,"ns":6444042}
PERF {"pid":77016,"phase":"git:rev-parse","start_ns":1789219444930457000,"ns":6209167}
PERF {"pid":77016,"phase":"git:rev-parse","start_ns":1789219444936723000,"ns":6633625}
PERF {"pid":77016,"phase":"git:rev-parse","start_ns":1789219444943392000,"ns":9634333}
PERF {"pid":77016,"phase":"git:rev-parse","start_ns":1789219444953093000,"ns":8800750}
PERF {"pid":77016,"phase":"git:rev-parse","start_ns":1789219444961960000,"ns":7184708}
PERF {"pid":77016,"phase":"git:rev-parse","start_ns":1789219444969212000,"ns":7794875}
PERF {"pid":77016,"phase":"git:rev-parse","start_ns":1789219444977046000,"ns":7924458}
PERF {"pid":77016,"phase":"git:rev-parse","start_ns":1789219444985020000,"ns":8050083}
PERF {"pid":77016,"phase":"git:rev-parse","start_ns":1789219444993149000,"ns":8164209}
PERF {"pid":77016,"phase":"git:rev-parse","start_ns":1789219445001379000,"ns":7314167}
PERF {"pid":77016,"phase":"git:rev-parse","start_ns":1789219445008774000,"ns":7771250}
PERF {"pid":77016,"phase":"git:rev-parse","start_ns":1789219445016621000,"ns":7329291}
PERF {"pid":77016,"phase":"git:rev-parse","start_ns":1789219445024021000,"ns":8195084}
PERF {"pid":77016,"phase":"git:rev-parse","start_ns":1789219445032282000,"ns":6831458}
PERF {"pid":77016,"phase":"git:rev-parse","start_ns":1789219445039212000,"ns":8101792}
PERF {"pid":77016,"phase":"git:rev-parse","start_ns":1789219445047371000,"ns":7272542}
PERF {"pid":77016,"phase":"git:rev-parse","start_ns":1789219445054682000,"ns":7879583}
PERF {"pid":77016,"phase":"git:rev-parse","start_ns":1789219445062638000,"ns":7774000}
PERF {"pid":77016,"phase":"git:rev-parse","start_ns":1789219445070575000,"ns":8080083}
PERF {"pid":77016,"phase":"git:rev-parse","start_ns":1789219445078721000,"ns":8985875}
PERF {"pid":77016,"phase":"git:rev-parse","start_ns":1789219445087778000,"ns":7986209}
PERF {"pid":77016,"phase":"git:rev-parse","start_ns":1789219445095830000,"ns":7719167}
PERF {"pid":77016,"phase":"git:rev-parse","start_ns":1789219445103613000,"ns":7446250}
PERF {"pid":77016,"phase":"git:rev-parse","start_ns":1789219445111091000,"ns":7677917}
PERF {"pid":77016,"phase":"git:rev-parse","start_ns":1789219445118802000,"ns":7900042}
PERF {"pid":77016,"phase":"git:rev-parse","start_ns":1789219445126800000,"ns":7064708}
PERF {"pid":77016,"phase":"git:rev-parse","start_ns":1789219445133939000,"ns":6945042}
PERF {"pid":77016,"phase":"git:rev-parse","start_ns":1789219445140948000,"ns":6605042}
PERF {"pid":77016,"phase":"git:rev-parse","start_ns":1789219445147586000,"ns":7400750}
PERF {"pid":77016,"phase":"git:rev-parse","start_ns":1789219445155018000,"ns":7418500}
PERF {"pid":77016,"phase":"git:rev-parse","start_ns":1789219445162526000,"ns":6626166}
PERF {"pid":77016,"phase":"git:rev-parse","start_ns":1789219445169236000,"ns":6516000}
PERF {"pid":77016,"phase":"git:rev-parse","start_ns":1789219445175871000,"ns":7212791}
PERF {"pid":77016,"phase":"git:rev-parse","start_ns":1789219445183136000,"ns":7262375}
PERF {"pid":77016,"phase":"git:rev-parse","start_ns":1789219445190490000,"ns":7881625}
PERF {"pid":77016,"phase":"git:rev-parse","start_ns":1789219445198462000,"ns":7065333}
PERF {"pid":77016,"phase":"git:rev-parse","start_ns":1789219445205571000,"ns":7055125}
PERF {"pid":77016,"phase":"git:rev-parse","start_ns":1789219445212660000,"ns":7339417}
PERF {"pid":77016,"phase":"git:rev-parse","start_ns":1789219445220089000,"ns":7396875}
PERF {"pid":77016,"phase":"git:rev-parse","start_ns":1789219445227567000,"ns":7928042}
PERF {"pid":77016,"phase":"git:rev-parse","start_ns":1789219445235527000,"ns":7717458}
PERF {"pid":77016,"phase":"git:rev-parse","start_ns":1789219445243317000,"ns":7144542}
PERF {"pid":77016,"phase":"git:rev-parse","start_ns":1789219445250583000,"ns":7228042}
PERF {"pid":77016,"phase":"git:rev-parse","start_ns":1789219445257900000,"ns":7677833}
PERF {"pid":77016,"phase":"git:rev-parse","start_ns":1789219445265627000,"ns":8182125}
PERF {"pid":77016,"phase":"git:rev-parse","start_ns":1789219445273861000,"ns":7134292}
PERF {"pid":77016,"phase":"git:rev-parse","start_ns":1789219445281037000,"ns":8126625}
PERF {"pid":77016,"phase":"git:rev-parse","start_ns":1789219445289219000,"ns":8286417}
PERF {"pid":77016,"phase":"git:rev-parse","start_ns":1789219445297627000,"ns":7493875}
PERF {"pid":77016,"phase":"git:rev-parse","start_ns":1789219445305196000,"ns":7659250}
PERF {"pid":77016,"phase":"git:rev-parse","start_ns":1789219445312889000,"ns":7820208}
PERF {"pid":77016,"phase":"git:rev-parse","start_ns":1789219445320800000,"ns":7978625}
PERF {"pid":77016,"phase":"git:rev-parse","start_ns":1789219445328814000,"ns":8349625}
PERF {"pid":77016,"phase":"git:rev-parse","start_ns":1789219445337232000,"ns":8672291}
PERF {"pid":77016,"phase":"git:rev-parse","start_ns":1789219445345949000,"ns":8239666}
PERF {"pid":77016,"phase":"git:rev-parse","start_ns":1789219445354225000,"ns":8128459}
PERF {"pid":77016,"phase":"git:rev-parse","start_ns":1789219445362394000,"ns":8254375}
PERF {"pid":77016,"phase":"git:rev-parse","start_ns":1789219445370690000,"ns":7461959}
PERF {"pid":77016,"phase":"git:rev-parse","start_ns":1789219445378189000,"ns":8165542}
PERF {"pid":77016,"phase":"git:rev-parse","start_ns":1789219445386465000,"ns":7688292}
PERF {"pid":77016,"phase":"git:rev-parse","start_ns":1789219445394195000,"ns":8348667}
PERF {"pid":77016,"phase":"git:rev-parse","start_ns":1789219445402621000,"ns":8629125}
PERF {"pid":77016,"phase":"git:rev-parse","start_ns":1789219445411318000,"ns":8332542}
PERF {"pid":77016,"phase":"git:rev-parse","start_ns":1789219445419722000,"ns":7898708}
PERF {"pid":77016,"phase":"git:rev-parse","start_ns":1789219445427688000,"ns":7994166}
PERF {"pid":77016,"phase":"git:rev-parse","start_ns":1789219445435736000,"ns":6856667}
PERF {"pid":77016,"phase":"git:rev-parse","start_ns":1789219445442646000,"ns":7271250}
PERF {"pid":77016,"phase":"git:rev-parse","start_ns":1789219445449976000,"ns":7237541}
PERF {"pid":77016,"phase":"git:rev-parse","start_ns":1789219445457348000,"ns":6744042}
PERF {"pid":77016,"phase":"git:rev-parse","start_ns":1789219445464152000,"ns":7728625}
PERF {"pid":77016,"phase":"git:rev-parse","start_ns":1789219445471918000,"ns":7752541}
PERF {"pid":77016,"phase":"git:rev-parse","start_ns":1789219445479743000,"ns":7750167}
PERF {"pid":77016,"phase":"git:rev-parse","start_ns":1789219445487560000,"ns":8049791}
PERF {"pid":77016,"phase":"git:rev-parse","start_ns":1789219445495794000,"ns":7405875}
PERF {"pid":77016,"phase":"git:rev-parse","start_ns":1789219445503276000,"ns":6971250}
PERF {"pid":77016,"phase":"git:rev-parse","start_ns":1789219445510325000,"ns":7172416}
PERF {"pid":77016,"phase":"git:rev-parse","start_ns":1789219445517556000,"ns":7928250}
PERF {"pid":77016,"phase":"git:rev-parse","start_ns":1789219445525523000,"ns":7735292}
PERF {"pid":77016,"phase":"git:rev-parse","start_ns":1789219445533316000,"ns":7526167}
PERF {"pid":77016,"phase":"git:rev-parse","start_ns":1789219445540889000,"ns":7738625}
PERF {"pid":77016,"phase":"git:rev-parse","start_ns":1789219445548714000,"ns":7567500}
PERF {"pid":77016,"phase":"git:rev-parse","start_ns":1789219445556369000,"ns":7979834}
PERF {"pid":77016,"phase":"git:rev-parse","start_ns":1789219445564408000,"ns":7401542}
PERF {"pid":77016,"phase":"git:rev-parse","start_ns":1789219445571863000,"ns":6235666}
PERF {"pid":77016,"phase":"git:rev-parse","start_ns":1789219445578172000,"ns":7589625}
PERF {"pid":77016,"phase":"git:rev-parse","start_ns":1789219445585812000,"ns":7038458}
PERF {"pid":77016,"phase":"git:rev-parse","start_ns":1789219445592885000,"ns":7685500}
PERF {"pid":77016,"phase":"git:rev-parse","start_ns":1789219445600609000,"ns":7716500}
PERF {"pid":77016,"phase":"git:rev-parse","start_ns":1789219445608358000,"ns":7507625}
PERF {"pid":77016,"phase":"git:rev-parse","start_ns":1789219445615976000,"ns":8036458}
PERF {"pid":77016,"phase":"git:rev-parse","start_ns":1789219445624059000,"ns":8124917}
PERF {"pid":77016,"phase":"git:rev-parse","start_ns":1789219445632220000,"ns":7898625}
PERF {"pid":77016,"phase":"git:rev-parse","start_ns":1789219445640156000,"ns":7842459}
PERF {"pid":77016,"phase":"git:rev-parse","start_ns":1789219445648034000,"ns":7154166}
PERF {"pid":77016,"phase":"git:rev-parse","start_ns":1789219445655284000,"ns":7106417}
PERF {"pid":77016,"phase":"git:rev-parse","start_ns":1789219445662454000,"ns":6437792}
PERF {"pid":77016,"phase":"git:rev-parse","start_ns":1789219445668956000,"ns":7273500}
PERF {"pid":77016,"phase":"git:rev-parse","start_ns":1789219445676266000,"ns":7743625}
PERF {"pid":77016,"phase":"git:rev-parse","start_ns":1789219445684069000,"ns":7817459}
PERF {"pid":77016,"phase":"git:rev-parse","start_ns":1789219445691980000,"ns":9933084}
PERF {"pid":77016,"phase":"git:rev-parse","start_ns":1789219445701956000,"ns":7763750}
PERF {"pid":77016,"phase":"git:rev-parse","start_ns":1789219445709791000,"ns":7929459}
PERF {"pid":77016,"phase":"git:rev-parse","start_ns":1789219445717769000,"ns":9010167}
PERF {"pid":77016,"phase":"git:rev-parse","start_ns":1789219445726847000,"ns":7585042}
PERF {"pid":77016,"phase":"git:rev-parse","start_ns":1789219445734503000,"ns":7419333}
PERF {"pid":77016,"phase":"git:rev-parse","start_ns":1789219445741958000,"ns":8224208}
PERF {"pid":77016,"phase":"git:rev-parse","start_ns":1789219445750253000,"ns":7958458}
PERF {"pid":77016,"phase":"git:rev-parse","start_ns":1789219445758328000,"ns":6685708}
PERF {"pid":77016,"phase":"git:rev-parse","start_ns":1789219445765122000,"ns":8911583}
PERF {"pid":77016,"phase":"git:rev-parse","start_ns":1789219445774130000,"ns":8863000}
PERF {"pid":77016,"phase":"git:rev-parse","start_ns":1789219445783058000,"ns":7981250}
PERF {"pid":77016,"phase":"git:rev-parse","start_ns":1789219445791117000,"ns":8090000}
PERF {"pid":77016,"phase":"git:rev-parse","start_ns":1789219445799298000,"ns":7286667}
PERF {"pid":77016,"phase":"git:rev-parse","start_ns":1789219445806628000,"ns":7052125}
PERF {"pid":77016,"phase":"git:rev-parse","start_ns":1789219445813717000,"ns":8399167}
PERF {"pid":77016,"phase":"git:rev-parse","start_ns":1789219445822159000,"ns":9349917}
PERF {"pid":77016,"phase":"git:rev-parse","start_ns":1789219445831634000,"ns":8102750}
PERF {"pid":77016,"phase":"git:rev-parse","start_ns":1789219445839844000,"ns":8177500}
PERF {"pid":77016,"phase":"git:rev-parse","start_ns":1789219445848215000,"ns":7204291}
PERF {"pid":77016,"phase":"git:rev-parse","start_ns":1789219445855480000,"ns":7502000}
PERF {"pid":77016,"phase":"git:rev-parse","start_ns":1789219445863056000,"ns":9868500}
PERF {"pid":77016,"phase":"git:rev-parse","start_ns":1789219445872977000,"ns":8185500}
PERF {"pid":77016,"phase":"git:rev-parse","start_ns":1789219445881284000,"ns":7922542}
PERF {"pid":77016,"phase":"git:rev-parse","start_ns":1789219445889278000,"ns":8056042}
PERF {"pid":77016,"phase":"git:rev-parse","start_ns":1789219445897418000,"ns":9318709}
PERF {"pid":77016,"phase":"git:rev-parse","start_ns":1789219445906773000,"ns":9450292}
PERF {"pid":77016,"phase":"git:rev-parse","start_ns":1789219445916277000,"ns":9472292}
PERF {"pid":77016,"phase":"git:rev-parse","start_ns":1789219445925792000,"ns":8121542}
PERF {"pid":77016,"phase":"git:rev-parse","start_ns":1789219445933971000,"ns":5892417}
PERF {"pid":77016,"phase":"git:rev-parse","start_ns":1789219445939909000,"ns":7024041}
PERF {"pid":77016,"phase":"git:rev-parse","start_ns":1789219445946993000,"ns":9856375}
PERF {"pid":77016,"phase":"git:rev-parse","start_ns":1789219445956919000,"ns":7837791}
PERF {"pid":77016,"phase":"git:rev-parse","start_ns":1789219445964846000,"ns":8615375}
PERF {"pid":77016,"phase":"git:rev-parse","start_ns":1789219445973525000,"ns":8555750}
PERF {"pid":77016,"phase":"git:rev-parse","start_ns":1789219445982201000,"ns":9385500}
PERF {"pid":77016,"phase":"git:rev-parse","start_ns":1789219445991665000,"ns":7517416}
PERF {"pid":77016,"phase":"git:rev-parse","start_ns":1789219445999252000,"ns":7606209}
PERF {"pid":77016,"phase":"git:rev-parse","start_ns":1789219446006897000,"ns":7224708}
PERF {"pid":77016,"phase":"git:rev-parse","start_ns":1789219446014199000,"ns":7275209}
PERF {"pid":77016,"phase":"git:rev-parse","start_ns":1789219446021558000,"ns":8049208}
PERF {"pid":77016,"phase":"git:rev-parse","start_ns":1789219446029702000,"ns":6330334}
PERF {"pid":77016,"phase":"git:rev-parse","start_ns":1789219446036130000,"ns":7322167}
PERF {"pid":77016,"phase":"git:rev-parse","start_ns":1789219446043545000,"ns":6981792}
PERF {"pid":77016,"phase":"git:rev-parse","start_ns":1789219446050595000,"ns":7568208}
PERF {"pid":77016,"phase":"git:rev-parse","start_ns":1789219446058203000,"ns":7906459}
PERF {"pid":77016,"phase":"git:rev-parse","start_ns":1789219446066174000,"ns":7643125}
PERF {"pid":77016,"phase":"git:rev-parse","start_ns":1789219446073882000,"ns":6923000}
PERF {"pid":77016,"phase":"git:rev-parse","start_ns":1789219446080867000,"ns":6637875}
PERF {"pid":77016,"phase":"git:rev-parse","start_ns":1789219446087577000,"ns":7446542}
PERF {"pid":77016,"phase":"git:rev-parse","start_ns":1789219446095100000,"ns":6255833}
PERF {"pid":77016,"phase":"git:rev-parse","start_ns":1789219446101422000,"ns":6439208}
PERF {"pid":77016,"phase":"git:rev-parse","start_ns":1789219446107982000,"ns":7883125}
PERF {"pid":77016,"phase":"git:rev-parse","start_ns":1789219446115950000,"ns":6932958}
PERF {"pid":77016,"phase":"git:rev-parse","start_ns":1789219446122935000,"ns":6403333}
PERF {"pid":77016,"phase":"git:rev-parse","start_ns":1789219446129371000,"ns":5926208}
PERF {"pid":77016,"phase":"git:rev-parse","start_ns":1789219446135336000,"ns":7114709}
PERF {"pid":77016,"phase":"git:rev-parse","start_ns":1789219446142509000,"ns":6464583}
PERF {"pid":77016,"phase":"git:rev-parse","start_ns":1789219446149028000,"ns":5491792}
PERF {"pid":77016,"phase":"git:rev-parse","start_ns":1789219446154584000,"ns":7763958}
PERF {"pid":77016,"phase":"git:rev-parse","start_ns":1789219446162424000,"ns":5774042}
PERF {"pid":77016,"phase":"git:rev-parse","start_ns":1789219446168231000,"ns":5850875}
PERF {"pid":77016,"phase":"git:rev-parse","start_ns":1789219446174134000,"ns":5715667}
PERF {"pid":77016,"phase":"git:rev-parse","start_ns":1789219446179901000,"ns":7260417}
PERF {"pid":77016,"phase":"git:rev-parse","start_ns":1789219446187226000,"ns":7537375}
PERF {"pid":77016,"phase":"git:rev-parse","start_ns":1789219446194874000,"ns":6398458}
PERF {"pid":77016,"phase":"git:rev-parse","start_ns":1789219446201332000,"ns":7213084}
PERF {"pid":77016,"phase":"git:rev-parse","start_ns":1789219446208605000,"ns":6950250}
PERF {"pid":77016,"phase":"git:rev-parse","start_ns":1789219446215619000,"ns":6980417}
PERF {"pid":77016,"phase":"git:rev-parse","start_ns":1789219446222706000,"ns":7384833}
PERF {"pid":77016,"phase":"git:rev-parse","start_ns":1789219446230142000,"ns":7272375}
PERF {"pid":77016,"phase":"git:rev-parse","start_ns":1789219446237489000,"ns":7732375}
PERF {"pid":77016,"phase":"git:rev-parse","start_ns":1789219446245326000,"ns":7122250}
PERF {"pid":77016,"phase":"git:rev-parse","start_ns":1789219446252513000,"ns":7178833}
PERF {"pid":77016,"phase":"git:rev-parse","start_ns":1789219446259726000,"ns":6858500}
PERF {"pid":77016,"phase":"git:rev-parse","start_ns":1789219446266655000,"ns":6789833}
PERF {"pid":77016,"phase":"git:rev-parse","start_ns":1789219446273534000,"ns":7158125}
PERF {"pid":77016,"phase":"git:rev-parse","start_ns":1789219446280734000,"ns":6840500}
PERF {"pid":77016,"phase":"git:rev-parse","start_ns":1789219446287635000,"ns":7348042}
PERF {"pid":77016,"phase":"git:rev-parse","start_ns":1789219446295051000,"ns":7679334}
PERF {"pid":77016,"phase":"git:rev-parse","start_ns":1789219446302769000,"ns":7132208}
PERF {"pid":77016,"phase":"git:rev-parse","start_ns":1789219446309974000,"ns":7648833}
PERF {"pid":77016,"phase":"git:rev-parse","start_ns":1789219446317684000,"ns":7660750}
PERF {"pid":77016,"phase":"git:rev-parse","start_ns":1789219446325467000,"ns":7252917}
PERF {"pid":77016,"phase":"git:rev-parse","start_ns":1789219446332780000,"ns":7541958}
PERF {"pid":77016,"phase":"git:rev-parse","start_ns":1789219446340379000,"ns":7638208}
PERF {"pid":77016,"phase":"git:rev-parse","start_ns":1789219446348049000,"ns":7483209}
PERF {"pid":77016,"phase":"git:rev-parse","start_ns":1789219446355563000,"ns":8495917}
PERF {"pid":77016,"phase":"git:rev-parse","start_ns":1789219446364093000,"ns":7115834}
PERF {"pid":77016,"phase":"git:rev-parse","start_ns":1789219446371245000,"ns":7474167}
PERF {"pid":77016,"phase":"git:rev-parse","start_ns":1789219446378783000,"ns":7055166}
PERF {"pid":77016,"phase":"git:rev-parse","start_ns":1789219446385933000,"ns":9352625}
PERF {"pid":77016,"phase":"git:rev-parse","start_ns":1789219446395357000,"ns":9993125}
PERF {"pid":77016,"phase":"git:rev-parse","start_ns":1789219446405400000,"ns":8485458}
PERF {"pid":77016,"phase":"git:rev-parse","start_ns":1789219446413947000,"ns":7598500}
PERF {"pid":77016,"phase":"git:rev-parse","start_ns":1789219446421594000,"ns":7314875}
PERF {"pid":77016,"phase":"git:rev-parse","start_ns":1789219446428948000,"ns":7249542}
PERF {"pid":77016,"phase":"git:rev-parse","start_ns":1789219446436240000,"ns":7522334}
PERF {"pid":77016,"phase":"git:rev-parse","start_ns":1789219446443819000,"ns":7207708}
PERF {"pid":77016,"phase":"git:rev-parse","start_ns":1789219446451073000,"ns":7004375}
PERF {"pid":77016,"phase":"git:rev-parse","start_ns":1789219446458119000,"ns":6657792}
PERF {"pid":77016,"phase":"git:rev-parse","start_ns":1789219446464835000,"ns":7342709}
PERF {"pid":77016,"phase":"git:rev-parse","start_ns":1789219446472218000,"ns":7021709}
PERF {"pid":77016,"phase":"git:rev-parse","start_ns":1789219446479303000,"ns":7587959}
PERF {"pid":77016,"phase":"git:rev-parse","start_ns":1789219446486998000,"ns":7788375}
PERF {"pid":77016,"phase":"git:rev-parse","start_ns":1789219446494830000,"ns":7374084}
PERF {"pid":77016,"phase":"git:rev-parse","start_ns":1789219446502247000,"ns":7505875}
PERF {"pid":77016,"phase":"git:rev-parse","start_ns":1789219446509823000,"ns":7709667}
PERF {"pid":77016,"phase":"git:rev-parse","start_ns":1789219446517572000,"ns":6950041}
PERF {"pid":77016,"phase":"git:rev-parse","start_ns":1789219446524595000,"ns":8094042}
PERF {"pid":77016,"phase":"git:rev-parse","start_ns":1789219446532730000,"ns":7584084}
PERF {"pid":77016,"phase":"git:rev-parse","start_ns":1789219446540353000,"ns":7908833}
PERF {"pid":77016,"phase":"git:rev-parse","start_ns":1789219446548398000,"ns":7828250}
PERF {"pid":77016,"phase":"git:rev-parse","start_ns":1789219446556291000,"ns":7325458}
PERF {"pid":77016,"phase":"git:rev-parse","start_ns":1789219446563693000,"ns":7676541}
PERF {"pid":77016,"phase":"git:rev-parse","start_ns":1789219446571443000,"ns":7256042}
PERF {"pid":77016,"phase":"git:rev-parse","start_ns":1789219446578735000,"ns":7195750}
PERF {"pid":77016,"phase":"git:rev-parse","start_ns":1789219446585994000,"ns":7166583}
PERF {"pid":77016,"phase":"git:rev-parse","start_ns":1789219446593214000,"ns":6933750}
PERF {"pid":77016,"phase":"git:rev-parse","start_ns":1789219446600267000,"ns":7462417}
PERF {"pid":77016,"phase":"git:rev-parse","start_ns":1789219446607768000,"ns":7159458}
PERF {"pid":77016,"phase":"git:rev-parse","start_ns":1789219446614971000,"ns":6029917}
PERF {"pid":77016,"phase":"git:rev-parse","start_ns":1789219446621034000,"ns":7492917}
PERF {"pid":77016,"phase":"git:rev-parse","start_ns":1789219446628635000,"ns":6732667}
PERF {"pid":77016,"phase":"git:rev-parse","start_ns":1789219446635403000,"ns":7523708}
PERF {"pid":77016,"phase":"git:rev-parse","start_ns":1789219446642963000,"ns":7575166}
PERF {"pid":77016,"phase":"git:rev-parse","start_ns":1789219446650569000,"ns":8056334}
PERF {"pid":77016,"phase":"git:rev-parse","start_ns":1789219446658663000,"ns":7751250}
PERF {"pid":77016,"phase":"git:rev-parse","start_ns":1789219446666455000,"ns":6598000}
PERF {"pid":77016,"phase":"git:rev-parse","start_ns":1789219446673089000,"ns":7268916}
PERF {"pid":77016,"phase":"git:rev-parse","start_ns":1789219446680407000,"ns":7122542}
PERF {"pid":77016,"phase":"git:rev-parse","start_ns":1789219446687589000,"ns":6296208}
PERF {"pid":77016,"phase":"git:rev-parse","start_ns":1789219446693947000,"ns":7228792}
PERF {"pid":77016,"phase":"git:rev-parse","start_ns":1789219446701241000,"ns":7366958}
PERF {"pid":77016,"phase":"git:rev-parse","start_ns":1789219446708673000,"ns":6799291}
PERF {"pid":77016,"phase":"git:rev-parse","start_ns":1789219446715530000,"ns":7536292}
PERF {"pid":77016,"phase":"git:rev-parse","start_ns":1789219446723135000,"ns":9263750}
PERF {"pid":77016,"phase":"git:rev-parse","start_ns":1789219446732459000,"ns":8351834}
PERF {"pid":77016,"phase":"git:rev-parse","start_ns":1789219446740881000,"ns":8302333}
PERF {"pid":77016,"phase":"git:rev-parse","start_ns":1789219446749289000,"ns":9201041}
PERF {"pid":77016,"phase":"git:rev-parse","start_ns":1789219446758571000,"ns":6148500}
PERF {"pid":77016,"phase":"git:rev-parse","start_ns":1789219446764777000,"ns":7420250}
PERF {"pid":77016,"phase":"git:rev-parse","start_ns":1789219446772317000,"ns":6637291}
PERF {"pid":77016,"phase":"git:rev-parse","start_ns":1789219446779046000,"ns":7006000}
PERF {"pid":77016,"phase":"git:rev-parse","start_ns":1789219446786092000,"ns":8037333}
PERF {"pid":77016,"phase":"git:rev-parse","start_ns":1789219446794164000,"ns":7374125}
PERF {"pid":77016,"phase":"git:rev-parse","start_ns":1789219446801577000,"ns":7560084}
PERF {"pid":77016,"phase":"git:rev-parse","start_ns":1789219446809202000,"ns":7209042}
PERF {"pid":77016,"phase":"git:rev-parse","start_ns":1789219446816477000,"ns":6987375}
PERF {"pid":77016,"phase":"git:rev-parse","start_ns":1789219446823571000,"ns":7313625}
PERF {"pid":77016,"phase":"git:rev-parse","start_ns":1789219446830932000,"ns":6549417}
PERF {"pid":77016,"phase":"git:rev-parse","start_ns":1789219446837518000,"ns":7907292}
PERF {"pid":77016,"phase":"git:rev-parse","start_ns":1789219446845471000,"ns":7262250}
PERF {"pid":77016,"phase":"git:rev-parse","start_ns":1789219446852803000,"ns":7333667}
PERF {"pid":77016,"phase":"git:rev-parse","start_ns":1789219446860201000,"ns":7861041}
PERF {"pid":77016,"phase":"git:rev-parse","start_ns":1789219446868176000,"ns":7953333}
PERF {"pid":77016,"phase":"git:rev-parse","start_ns":1789219446876169000,"ns":7149000}
PERF {"pid":77016,"phase":"git:rev-parse","start_ns":1789219446883380000,"ns":7551459}
PERF {"pid":77016,"phase":"git:rev-parse","start_ns":1789219446890998000,"ns":7237708}
PERF {"pid":77016,"phase":"git:rev-parse","start_ns":1789219446898271000,"ns":7846834}
PERF {"pid":77016,"phase":"git:rev-parse","start_ns":1789219446906165000,"ns":8165875}
PERF {"pid":77016,"phase":"git:rev-parse","start_ns":1789219446914396000,"ns":8002625}
PERF {"pid":77016,"phase":"git:rev-parse","start_ns":1789219446922458000,"ns":7162250}
PERF {"pid":77016,"phase":"git:rev-parse","start_ns":1789219446929684000,"ns":7111000}
PERF {"pid":77016,"phase":"git:rev-parse","start_ns":1789219446936841000,"ns":7698709}
PERF {"pid":77016,"phase":"git:rev-parse","start_ns":1789219446944579000,"ns":6998708}
PERF {"pid":77016,"phase":"git:rev-parse","start_ns":1789219446951659000,"ns":7193833}
PERF {"pid":77016,"phase":"git:rev-parse","start_ns":1789219446958952000,"ns":8059958}
PERF {"pid":77016,"phase":"git:rev-parse","start_ns":1789219446967081000,"ns":7152834}
PERF {"pid":77016,"phase":"git:rev-parse","start_ns":1789219446974305000,"ns":7640791}
PERF {"pid":77016,"phase":"git:rev-parse","start_ns":1789219446982058000,"ns":6106417}
PERF {"pid":77016,"phase":"git:rev-parse","start_ns":1789219446988304000,"ns":7206833}
PERF {"pid":77016,"phase":"git:rev-parse","start_ns":1789219446995581000,"ns":7732125}
PERF {"pid":77016,"phase":"git:rev-parse","start_ns":1789219447003380000,"ns":7803000}
PERF {"pid":77016,"phase":"git:rev-parse","start_ns":1789219447011273000,"ns":7128084}
PERF {"pid":77016,"phase":"git:rev-parse","start_ns":1789219447018440000,"ns":8575375}
PERF {"pid":77016,"phase":"git:rev-parse","start_ns":1789219447027091000,"ns":8002500}
PERF {"pid":77016,"phase":"git:rev-parse","start_ns":1789219447035153000,"ns":8162666}
PERF {"pid":77016,"phase":"git:rev-parse","start_ns":1789219447043447000,"ns":8055750}
PERF {"pid":77016,"phase":"git:rev-parse","start_ns":1789219447051658000,"ns":8158250}
PERF {"pid":77016,"phase":"git:rev-parse","start_ns":1789219447059859000,"ns":7228208}
PERF {"pid":77016,"phase":"git:rev-parse","start_ns":1789219447067126000,"ns":7912542}
PERF {"pid":77016,"phase":"git:rev-parse","start_ns":1789219447075108000,"ns":7766833}
PERF {"pid":77016,"phase":"git:rev-parse","start_ns":1789219447082908000,"ns":7631291}
PERF {"pid":77016,"phase":"git:rev-parse","start_ns":1789219447090650000,"ns":7365083}
PERF {"pid":77016,"phase":"git:rev-parse","start_ns":1789219447098052000,"ns":6576208}
PERF {"pid":77016,"phase":"git:rev-parse","start_ns":1789219447104675000,"ns":6948500}
PERF {"pid":77016,"phase":"git:rev-parse","start_ns":1789219447111684000,"ns":7333792}
PERF {"pid":77016,"phase":"git:rev-parse","start_ns":1789219447119057000,"ns":6758292}
PERF {"pid":77016,"phase":"git:rev-parse","start_ns":1789219447125856000,"ns":5848708}
PERF {"pid":77016,"phase":"git:rev-parse","start_ns":1789219447131743000,"ns":7933583}
PERF {"pid":77016,"phase":"git:rev-parse","start_ns":1789219447139743000,"ns":7221167}
PERF {"pid":77016,"phase":"git:rev-parse","start_ns":1789219447147031000,"ns":8010875}
PERF {"pid":77016,"phase":"git:rev-parse","start_ns":1789219447155078000,"ns":7346875}
PERF {"pid":77016,"phase":"git:rev-parse","start_ns":1789219447162465000,"ns":6463875}
PERF {"pid":77016,"phase":"git:rev-parse","start_ns":1789219447168999000,"ns":7407458}
PERF {"pid":77016,"phase":"git:rev-parse","start_ns":1789219447176511000,"ns":7736166}
PERF {"pid":77016,"phase":"git:rev-parse","start_ns":1789219447184327000,"ns":7328000}
PERF {"pid":77016,"phase":"git:rev-parse","start_ns":1789219447191728000,"ns":7828708}
PERF {"pid":77016,"phase":"git:rev-parse","start_ns":1789219447199616000,"ns":8082709}
PERF {"pid":77016,"phase":"git:rev-parse","start_ns":1789219447207757000,"ns":7458625}
PERF {"pid":77016,"phase":"git:rev-parse","start_ns":1789219447215282000,"ns":7591417}
PERF {"pid":77016,"phase":"git:rev-parse","start_ns":1789219447222935000,"ns":7214292}
PERF {"pid":77016,"phase":"git:rev-parse","start_ns":1789219447230247000,"ns":7862875}
PERF {"pid":77016,"phase":"git:rev-parse","start_ns":1789219447238238000,"ns":6963750}
PERF {"pid":77016,"phase":"git:rev-parse","start_ns":1789219447245346000,"ns":6488792}
PERF {"pid":77016,"phase":"git:rev-parse","start_ns":1789219447251873000,"ns":7502833}
PERF {"pid":77016,"phase":"git:rev-parse","start_ns":1789219447259436000,"ns":7396333}
PERF {"pid":77016,"phase":"git:rev-parse","start_ns":1789219447266893000,"ns":7334458}
PERF {"pid":77016,"phase":"git:rev-parse","start_ns":1789219447274275000,"ns":6793083}
PERF {"pid":77016,"phase":"git:rev-parse","start_ns":1789219447281160000,"ns":7076042}
PERF {"pid":77016,"phase":"git:rev-parse","start_ns":1789219447288290000,"ns":7106375}
PERF {"pid":77016,"phase":"git:rev-parse","start_ns":1789219447295464000,"ns":7458791}
PERF {"pid":77016,"phase":"git:rev-parse","start_ns":1789219447302992000,"ns":7186250}
PERF {"pid":77016,"phase":"git:rev-parse","start_ns":1789219447310218000,"ns":7159875}
PERF {"pid":77016,"phase":"git:rev-parse","start_ns":1789219447317437000,"ns":7484042}
PERF {"pid":77016,"phase":"git:rev-parse","start_ns":1789219447325056000,"ns":6847958}
PERF {"pid":77016,"phase":"git:rev-parse","start_ns":1789219447331983000,"ns":6541209}
PERF {"pid":77016,"phase":"git:rev-parse","start_ns":1789219447338583000,"ns":7508750}
PERF {"pid":77016,"phase":"git:rev-parse","start_ns":1789219447346154000,"ns":7682125}
PERF {"pid":77016,"phase":"git:rev-parse","start_ns":1789219447353937000,"ns":8047458}
PERF {"pid":77016,"phase":"git:rev-parse","start_ns":1789219447362064000,"ns":8328875}
PERF {"pid":77016,"phase":"git:rev-parse","start_ns":1789219447370483000,"ns":7366250}
PERF {"pid":77016,"phase":"git:rev-parse","start_ns":1789219447377950000,"ns":7121333}
PERF {"pid":77016,"phase":"git:rev-parse","start_ns":1789219447385111000,"ns":7278625}
PERF {"pid":77016,"phase":"git:rev-parse","start_ns":1789219447392481000,"ns":8043458}
PERF {"pid":77016,"phase":"git:rev-parse","start_ns":1789219447400583000,"ns":8615417}
PERF {"pid":77016,"phase":"git:rev-parse","start_ns":1789219447409272000,"ns":8140959}
PERF {"pid":77016,"phase":"git:rev-parse","start_ns":1789219447417497000,"ns":8045041}
PERF {"pid":77016,"phase":"git:rev-parse","start_ns":1789219447425650000,"ns":6896542}
PERF {"pid":77016,"phase":"git:rev-parse","start_ns":1789219447432590000,"ns":6544583}
PERF {"pid":77016,"phase":"git:rev-parse","start_ns":1789219447439169000,"ns":7450708}
PERF {"pid":77016,"phase":"git:rev-parse","start_ns":1789219447446653000,"ns":7347500}
PERF {"pid":77016,"phase":"git:rev-parse","start_ns":1789219447454033000,"ns":7416584}
PERF {"pid":77016,"phase":"git:rev-parse","start_ns":1789219447461484000,"ns":7122125}
PERF {"pid":77016,"phase":"git:rev-parse","start_ns":1789219447468645000,"ns":6821333}
PERF {"pid":77016,"phase":"git:rev-parse","start_ns":1789219447475537000,"ns":6666792}
PERF {"pid":77016,"phase":"git:rev-parse","start_ns":1789219447482311000,"ns":7009625}
PERF {"pid":77016,"phase":"git:rev-parse","start_ns":1789219447489424000,"ns":8072209}
PERF {"pid":77016,"phase":"git:rev-parse","start_ns":1789219447497570000,"ns":7741208}
PERF {"pid":77016,"phase":"git:rev-parse","start_ns":1789219447505419000,"ns":6931625}
PERF {"pid":77016,"phase":"git:rev-parse","start_ns":1789219447512402000,"ns":6587375}
PERF {"pid":77016,"phase":"git:rev-parse","start_ns":1789219447519042000,"ns":7013334}
PERF {"pid":77016,"phase":"git:rev-parse","start_ns":1789219447526112000,"ns":7371000}
PERF {"pid":77016,"phase":"git:rev-parse","start_ns":1789219447533546000,"ns":7579042}
PERF {"pid":77016,"phase":"git:rev-parse","start_ns":1789219447541193000,"ns":7246000}
PERF {"pid":77016,"phase":"git:rev-parse","start_ns":1789219447548488000,"ns":7527000}
PERF {"pid":77016,"phase":"git:rev-parse","start_ns":1789219447556087000,"ns":7093292}
PERF {"pid":77016,"phase":"git:rev-parse","start_ns":1789219447563218000,"ns":6627709}
PERF {"pid":77016,"phase":"git:rev-parse","start_ns":1789219447569942000,"ns":7379458}
PERF {"pid":77016,"phase":"git:rev-parse","start_ns":1789219447577405000,"ns":7261458}
PERF {"pid":77016,"phase":"git:rev-parse","start_ns":1789219447584694000,"ns":8028792}
PERF {"pid":77016,"phase":"git:rev-parse","start_ns":1789219447592809000,"ns":7496875}
PERF {"pid":77016,"phase":"git:rev-parse","start_ns":1789219447600339000,"ns":7685333}
PERF {"pid":77016,"phase":"git:rev-parse","start_ns":1789219447608069000,"ns":7716000}
PERF {"pid":77016,"phase":"git:rev-parse","start_ns":1789219447615849000,"ns":7416792}
PERF {"pid":77016,"phase":"git:rev-parse","start_ns":1789219447623320000,"ns":7437125}
PERF {"pid":77016,"phase":"git:rev-parse","start_ns":1789219447630797000,"ns":8017541}
PERF {"pid":77016,"phase":"git:rev-parse","start_ns":1789219447638882000,"ns":7544166}
PERF {"pid":77016,"phase":"git:rev-parse","start_ns":1789219447646514000,"ns":7772541}
PERF {"pid":77016,"phase":"git:rev-parse","start_ns":1789219447654397000,"ns":8030917}
PERF {"pid":77016,"phase":"git:rev-parse","start_ns":1789219447662489000,"ns":8873292}
PERF {"pid":77016,"phase":"git:rev-parse","start_ns":1789219447671423000,"ns":7300750}
PERF {"pid":77016,"phase":"git:rev-parse","start_ns":1789219447678796000,"ns":8639000}
PERF {"pid":77016,"phase":"git:rev-parse","start_ns":1789219447687463000,"ns":7078334}
PERF {"pid":77016,"phase":"git:rev-parse","start_ns":1789219447694590000,"ns":7231667}
PERF {"pid":77016,"phase":"git:rev-parse","start_ns":1789219447701855000,"ns":7378958}
PERF {"pid":77016,"phase":"git:rev-parse","start_ns":1789219447709266000,"ns":7451875}
PERF {"pid":77016,"phase":"git:rev-parse","start_ns":1789219447716779000,"ns":7449875}
PERF {"pid":77016,"phase":"git:rev-parse","start_ns":1789219447724284000,"ns":8183250}
PERF {"pid":77016,"phase":"git:rev-parse","start_ns":1789219447732500000,"ns":7860708}
PERF {"pid":77016,"phase":"git:rev-parse","start_ns":1789219447740430000,"ns":7592291}
PERF {"pid":77016,"phase":"git:rev-parse","start_ns":1789219447748057000,"ns":6652541}
PERF {"pid":77016,"phase":"git:rev-parse","start_ns":1789219447754793000,"ns":6719458}
PERF {"pid":77016,"phase":"git:rev-parse","start_ns":1789219447761560000,"ns":6562417}
PERF {"pid":77016,"phase":"git:rev-parse","start_ns":1789219447768156000,"ns":7497291}
PERF {"pid":77016,"phase":"git:rev-parse","start_ns":1789219447775698000,"ns":7658542}
PERF {"pid":77016,"phase":"git:rev-parse","start_ns":1789219447783423000,"ns":6690875}
PERF {"pid":77016,"phase":"git:rev-parse","start_ns":1789219447790153000,"ns":6943250}
PERF {"pid":77016,"phase":"git:rev-parse","start_ns":1789219447797151000,"ns":8050875}
PERF {"pid":77016,"phase":"git:rev-parse","start_ns":1789219447805245000,"ns":8281000}
PERF {"pid":77016,"phase":"git:rev-parse","start_ns":1789219447813566000,"ns":8031667}
PERF {"pid":77016,"phase":"git:rev-parse","start_ns":1789219447821638000,"ns":7988166}
PERF {"pid":77016,"phase":"git:rev-parse","start_ns":1789219447829667000,"ns":7777667}
PERF {"pid":77016,"phase":"git:rev-parse","start_ns":1789219447837487000,"ns":8396042}
PERF {"pid":77016,"phase":"git:rev-parse","start_ns":1789219447845920000,"ns":8012625}
PERF {"pid":77016,"phase":"git:rev-parse","start_ns":1789219447853973000,"ns":7913500}
PERF {"pid":77016,"phase":"git:rev-parse","start_ns":1789219447861930000,"ns":7823166}
PERF {"pid":77016,"phase":"git:rev-parse","start_ns":1789219447869789000,"ns":7096000}
PERF {"pid":77016,"phase":"git:rev-parse","start_ns":1789219447876921000,"ns":7307666}
PERF {"pid":77016,"phase":"git:rev-parse","start_ns":1789219447884275000,"ns":7078084}
PERF {"pid":77016,"phase":"git:rev-parse","start_ns":1789219447891434000,"ns":6224542}
PERF {"pid":77016,"phase":"git:rev-parse","start_ns":1789219447897697000,"ns":7264291}
PERF {"pid":77016,"phase":"git:rev-parse","start_ns":1789219447904997000,"ns":7689791}
PERF {"pid":77016,"phase":"git:rev-parse","start_ns":1789219447912724000,"ns":7457541}
PERF {"pid":77016,"phase":"git:rev-parse","start_ns":1789219447920216000,"ns":8024208}
PERF {"pid":77016,"phase":"git:rev-parse","start_ns":1789219447928284000,"ns":7823500}
PERF {"pid":77016,"phase":"git:rev-parse","start_ns":1789219447936145000,"ns":7013666}
PERF {"pid":77016,"phase":"git:rev-parse","start_ns":1789219447943201000,"ns":7187542}
PERF {"pid":77016,"phase":"git:rev-parse","start_ns":1789219447950443000,"ns":7146084}
PERF {"pid":77016,"phase":"git:rev-parse","start_ns":1789219447957630000,"ns":6456875}
PERF {"pid":77016,"phase":"git:rev-parse","start_ns":1789219447964127000,"ns":8006250}
PERF {"pid":77016,"phase":"git:rev-parse","start_ns":1789219447972169000,"ns":6916958}
PERF {"pid":77016,"phase":"git:rev-parse","start_ns":1789219447979127000,"ns":7067875}
PERF {"pid":77016,"phase":"git:rev-parse","start_ns":1789219447986229000,"ns":7668167}
PERF {"pid":77016,"phase":"git:rev-parse","start_ns":1789219447993932000,"ns":7562375}
PERF {"pid":77016,"phase":"git:rev-parse","start_ns":1789219448001560000,"ns":7453083}
PERF {"pid":77016,"phase":"git:rev-parse","start_ns":1789219448009047000,"ns":6948542}
PERF {"pid":77016,"phase":"git:rev-parse","start_ns":1789219448016055000,"ns":6624542}
PERF {"pid":77016,"phase":"git:rev-parse","start_ns":1789219448022740000,"ns":7308375}
PERF {"pid":77016,"phase":"git:rev-parse","start_ns":1789219448030125000,"ns":6969750}
PERF {"pid":77016,"phase":"git:rev-parse","start_ns":1789219448037206000,"ns":6476875}
PERF {"pid":77016,"phase":"git:rev-parse","start_ns":1789219448043782000,"ns":7080750}
PERF {"pid":77016,"phase":"git:rev-parse","start_ns":1789219448050945000,"ns":7832459}
PERF {"pid":77016,"phase":"git:rev-parse","start_ns":1789219448058808000,"ns":8064625}
PERF {"pid":77016,"phase":"git:rev-parse","start_ns":1789219448066909000,"ns":8238792}
PERF {"pid":77016,"phase":"git:rev-parse","start_ns":1789219448075190000,"ns":9036042}
PERF {"pid":77016,"phase":"git:rev-parse","start_ns":1789219448084274000,"ns":9441042}
PERF {"pid":77016,"phase":"git:rev-parse","start_ns":1789219448093764000,"ns":7996208}
PERF {"pid":77016,"phase":"git:rev-parse","start_ns":1789219448101802000,"ns":10770583}
PERF {"pid":77016,"phase":"git:rev-parse","start_ns":1789219448112619000,"ns":9190667}
PERF {"pid":77016,"phase":"git:rev-parse","start_ns":1789219448121873000,"ns":7871792}
PERF {"pid":77016,"phase":"git:rev-parse","start_ns":1789219448129786000,"ns":6755542}
PERF {"pid":77016,"phase":"git:rev-parse","start_ns":1789219448136579000,"ns":7359083}
PERF {"pid":77016,"phase":"git:rev-parse","start_ns":1789219448144032000,"ns":9443000}
PERF {"pid":77016,"phase":"git:rev-parse","start_ns":1789219448153517000,"ns":8455291}
PERF {"pid":77016,"phase":"git:rev-parse","start_ns":1789219448162052000,"ns":8388250}
PERF {"pid":77016,"phase":"git:rev-parse","start_ns":1789219448170586000,"ns":8245000}
PERF {"pid":77016,"phase":"git:rev-parse","start_ns":1789219448178889000,"ns":7123416}
PERF {"pid":77016,"phase":"git:rev-parse","start_ns":1789219448186072000,"ns":5972250}
PERF {"pid":77016,"phase":"git:rev-parse","start_ns":1789219448192074000,"ns":6861375}
PERF {"pid":77016,"phase":"git:rev-parse","start_ns":1789219448199006000,"ns":6806875}
PERF {"pid":77016,"phase":"git:rev-parse","start_ns":1789219448205935000,"ns":9464416}
PERF {"pid":77016,"phase":"git:rev-parse","start_ns":1789219448215453000,"ns":10258333}
PERF {"pid":77016,"phase":"git:rev-parse","start_ns":1789219448225763000,"ns":8159042}
PERF {"pid":77016,"phase":"git:rev-parse","start_ns":1789219448233990000,"ns":9559250}
PERF {"pid":77016,"phase":"git:rev-parse","start_ns":1789219448243605000,"ns":10293750}
PERF {"pid":77016,"phase":"git:rev-parse","start_ns":1789219448253940000,"ns":9050000}
PERF {"pid":77016,"phase":"git:rev-parse","start_ns":1789219448263029000,"ns":8620292}
PERF {"pid":77016,"phase":"git:rev-parse","start_ns":1789219448271690000,"ns":8349208}
PERF {"pid":77016,"phase":"git:rev-parse","start_ns":1789219448280103000,"ns":7675333}
PERF {"pid":77016,"phase":"git:rev-parse","start_ns":1789219448287812000,"ns":8113417}
PERF {"pid":77016,"phase":"git:rev-parse","start_ns":1789219448296027000,"ns":8527792}
PERF {"pid":77016,"phase":"git:rev-parse","start_ns":1789219448304597000,"ns":7879916}
PERF {"pid":77016,"phase":"git:rev-parse","start_ns":1789219448312567000,"ns":7864125}
PERF {"pid":77016,"phase":"git:rev-parse","start_ns":1789219448320479000,"ns":8575041}
PERF {"pid":77016,"phase":"git:rev-parse","start_ns":1789219448329178000,"ns":7333458}
PERF {"pid":77016,"phase":"git:rev-parse","start_ns":1789219448336566000,"ns":8445334}
PERF {"pid":77016,"phase":"git:rev-parse","start_ns":1789219448345096000,"ns":8009000}
PERF {"pid":77016,"phase":"git:rev-parse","start_ns":1789219448353156000,"ns":7343917}
PERF {"pid":77016,"phase":"git:rev-parse","start_ns":1789219448360568000,"ns":7590500}
PERF {"pid":77016,"phase":"git:rev-parse","start_ns":1789219448368198000,"ns":6856625}
PERF {"pid":77016,"phase":"git:rev-parse","start_ns":1789219448375114000,"ns":7999625}
PERF {"pid":77016,"phase":"git:rev-parse","start_ns":1789219448383193000,"ns":7220042}
PERF {"pid":77016,"phase":"git:rev-parse","start_ns":1789219448390475000,"ns":7789083}
PERF {"pid":77016,"phase":"git:rev-parse","start_ns":1789219448398304000,"ns":7638250}
PERF {"pid":77016,"phase":"git:rev-parse","start_ns":1789219448406012000,"ns":7051167}
PERF {"pid":77016,"phase":"git:rev-parse","start_ns":1789219448413124000,"ns":6937750}
PERF {"pid":77016,"phase":"git:rev-parse","start_ns":1789219448420103000,"ns":6355417}
PERF {"pid":77016,"phase":"git:rev-parse","start_ns":1789219448426571000,"ns":7239500}
PERF {"pid":77016,"phase":"git:rev-parse","start_ns":1789219448433914000,"ns":7135500}
PERF {"pid":77016,"phase":"git:rev-parse","start_ns":1789219448441163000,"ns":7761708}
PERF {"pid":77016,"phase":"git:rev-parse","start_ns":1789219448449111000,"ns":7250958}
PERF {"pid":77016,"phase":"git:rev-parse","start_ns":1789219448456398000,"ns":6974500}
PERF {"pid":77016,"phase":"git:rev-parse","start_ns":1789219448463433000,"ns":7831333}
PERF {"pid":77016,"phase":"git:rev-parse","start_ns":1789219448471342000,"ns":7524042}
PERF {"pid":77016,"phase":"git:rev-parse","start_ns":1789219448478926000,"ns":7005459}
PERF {"pid":77016,"phase":"git:rev-parse","start_ns":1789219448485968000,"ns":7327000}
PERF {"pid":77016,"phase":"git:rev-parse","start_ns":1789219448493419000,"ns":6675250}
PERF {"pid":77016,"phase":"git:rev-parse","start_ns":1789219448500151000,"ns":6417375}
PERF {"pid":77016,"phase":"git:rev-parse","start_ns":1789219448506633000,"ns":8148292}
PERF {"pid":77016,"phase":"git:rev-parse","start_ns":1789219448514823000,"ns":6727500}
PERF {"pid":77016,"phase":"git:rev-parse","start_ns":1789219448521631000,"ns":6862959}
PERF {"pid":77016,"phase":"git:rev-parse","start_ns":1789219448528533000,"ns":7023917}
PERF {"pid":77016,"phase":"git:rev-parse","start_ns":1789219448535633000,"ns":8131583}
PERF {"pid":77016,"phase":"git:rev-parse","start_ns":1789219448543844000,"ns":7316333}
PERF {"pid":77016,"phase":"git:rev-parse","start_ns":1789219448551245000,"ns":6705375}
PERF {"pid":77016,"phase":"git:rev-parse","start_ns":1789219448558012000,"ns":8227250}
PERF {"pid":77016,"phase":"git:rev-parse","start_ns":1789219448566358000,"ns":7330208}
PERF {"pid":77016,"phase":"git:rev-parse","start_ns":1789219448573753000,"ns":7354959}
PERF {"pid":77016,"phase":"git:rev-parse","start_ns":1789219448581178000,"ns":8419750}
PERF {"pid":77016,"phase":"git:rev-parse","start_ns":1789219448589635000,"ns":7738333}
PERF {"pid":77016,"phase":"git:rev-parse","start_ns":1789219448597431000,"ns":7582084}
PERF {"pid":77016,"phase":"git:rev-parse","start_ns":1789219448605048000,"ns":7454625}
PERF {"pid":77016,"phase":"git:rev-parse","start_ns":1789219448612566000,"ns":6402834}
PERF {"pid":77016,"phase":"git:rev-parse","start_ns":1789219448619009000,"ns":7422000}
PERF {"pid":77016,"phase":"git:rev-parse","start_ns":1789219448626543000,"ns":6675916}
PERF {"pid":77016,"phase":"git:rev-parse","start_ns":1789219448633317000,"ns":7731958}
PERF {"pid":77016,"phase":"git:rev-parse","start_ns":1789219448641153000,"ns":6801333}
PERF {"pid":77016,"phase":"git:rev-parse","start_ns":1789219448648018000,"ns":6723750}
PERF {"pid":77016,"phase":"git:rev-parse","start_ns":1789219448654778000,"ns":7347416}
PERF {"pid":77016,"phase":"git:rev-parse","start_ns":1789219448662187000,"ns":7772708}
PERF {"pid":77016,"phase":"git:rev-parse","start_ns":1789219448669995000,"ns":7564708}
PERF {"pid":77016,"phase":"git:rev-parse","start_ns":1789219448677630000,"ns":7019417}
PERF {"pid":77016,"phase":"git:rev-parse","start_ns":1789219448684717000,"ns":9180250}
PERF {"pid":77016,"phase":"git:rev-parse","start_ns":1789219448693949000,"ns":7365333}
PERF {"pid":77016,"phase":"git:rev-parse","start_ns":1789219448701572000,"ns":9281875}
PERF {"pid":77016,"phase":"git:rev-parse","start_ns":1789219448710897000,"ns":7366084}
PERF {"pid":77016,"phase":"git:rev-parse","start_ns":1789219448718388000,"ns":6903792}
PERF {"pid":77016,"phase":"git:rev-parse","start_ns":1789219448725328000,"ns":7959708}
PERF {"pid":77016,"phase":"git:rev-parse","start_ns":1789219448733346000,"ns":6663416}
PERF {"pid":77016,"phase":"git:rev-parse","start_ns":1789219448740056000,"ns":7623542}
PERF {"pid":77016,"phase":"git:rev-parse","start_ns":1789219448747755000,"ns":6082375}
PERF {"pid":77016,"phase":"git:rev-parse","start_ns":1789219448753886000,"ns":7689209}
PERF {"pid":77016,"phase":"git:rev-parse","start_ns":1789219448761606000,"ns":7666000}
PERF {"pid":77016,"phase":"git:rev-parse","start_ns":1789219448769309000,"ns":7779875}
PERF {"pid":77016,"phase":"git:rev-parse","start_ns":1789219448777120000,"ns":7602916}
PERF {"pid":77016,"phase":"git:rev-parse","start_ns":1789219448784752000,"ns":8305250}
PERF {"pid":77016,"phase":"git:rev-parse","start_ns":1789219448793094000,"ns":7859000}
PERF {"pid":77016,"phase":"git:rev-parse","start_ns":1789219448801015000,"ns":7593500}
PERF {"pid":77016,"phase":"git:rev-parse","start_ns":1789219448808699000,"ns":7570416}
PERF {"pid":77016,"phase":"git:rev-parse","start_ns":1789219448816338000,"ns":6715041}
PERF {"pid":77016,"phase":"git:rev-parse","start_ns":1789219448823095000,"ns":7553167}
PERF {"pid":77016,"phase":"git:rev-parse","start_ns":1789219448830683000,"ns":7568000}
PERF {"pid":77016,"phase":"git:rev-parse","start_ns":1789219448838288000,"ns":7878542}
PERF {"pid":77016,"phase":"git:rev-parse","start_ns":1789219448846202000,"ns":7216792}
PERF {"pid":77016,"phase":"git:rev-parse","start_ns":1789219448853477000,"ns":7375583}
PERF {"pid":77016,"phase":"git:rev-parse","start_ns":1789219448860894000,"ns":7696125}
PERF {"pid":77016,"phase":"git:rev-parse","start_ns":1789219448868660000,"ns":7559875}
PERF {"pid":77016,"phase":"git:rev-parse","start_ns":1789219448876279000,"ns":7122541}
PERF {"pid":77016,"phase":"git:rev-parse","start_ns":1789219448883458000,"ns":6957084}
PERF {"pid":77016,"phase":"git:rev-parse","start_ns":1789219448890479000,"ns":7332834}
PERF {"pid":77016,"phase":"git:rev-parse","start_ns":1789219448897849000,"ns":7643041}
PERF {"pid":77016,"phase":"git:rev-parse","start_ns":1789219448905549000,"ns":7763250}
PERF {"pid":77016,"phase":"git:rev-parse","start_ns":1789219448913349000,"ns":7799917}
PERF {"pid":77016,"phase":"git:rev-parse","start_ns":1789219448921216000,"ns":7474750}
PERF {"pid":77016,"phase":"git:rev-parse","start_ns":1789219448928759000,"ns":7867625}
PERF {"pid":77016,"phase":"git:rev-parse","start_ns":1789219448936686000,"ns":7982625}
PERF {"pid":77016,"phase":"git:rev-parse","start_ns":1789219448944712000,"ns":7617958}
PERF {"pid":77016,"phase":"git:rev-parse","start_ns":1789219448952403000,"ns":7975750}
PERF {"pid":77016,"phase":"git:rev-parse","start_ns":1789219448960452000,"ns":7381625}
PERF {"pid":77016,"phase":"git:rev-parse","start_ns":1789219448967949000,"ns":6918167}
PERF {"pid":77016,"phase":"git:rev-parse","start_ns":1789219448974929000,"ns":7306958}
PERF {"pid":77016,"phase":"git:rev-parse","start_ns":1789219448982344000,"ns":7146208}
PERF {"pid":77016,"phase":"git:rev-parse","start_ns":1789219448989524000,"ns":9168542}
PERF {"pid":77016,"phase":"git:rev-parse","start_ns":1789219448998786000,"ns":8562167}
PERF {"pid":77016,"phase":"git:rev-parse","start_ns":1789219449007406000,"ns":8081083}
PERF {"pid":77016,"phase":"git:rev-parse","start_ns":1789219449015586000,"ns":7767875}
PERF {"pid":77016,"phase":"git:rev-parse","start_ns":1789219449023401000,"ns":7944542}
PERF {"pid":77016,"phase":"git:rev-parse","start_ns":1789219449031422000,"ns":7746834}
PERF {"pid":77016,"phase":"git:rev-parse","start_ns":1789219449039215000,"ns":8281625}
PERF {"pid":77016,"phase":"git:rev-parse","start_ns":1789219449047536000,"ns":7573750}
PERF {"pid":77016,"phase":"git:rev-parse","start_ns":1789219449055234000,"ns":7628583}
PERF {"pid":77016,"phase":"git:rev-parse","start_ns":1789219449062917000,"ns":7716125}
PERF {"pid":77016,"phase":"git:rev-parse","start_ns":1789219449070697000,"ns":6959042}
PERF {"pid":77016,"phase":"git:rev-parse","start_ns":1789219449077719000,"ns":7190208}
PERF {"pid":77016,"phase":"git:rev-parse","start_ns":1789219449084944000,"ns":7988375}
PERF {"pid":77016,"phase":"git:rev-parse","start_ns":1789219449092973000,"ns":8893208}
PERF {"pid":77016,"phase":"git:rev-parse","start_ns":1789219449101959000,"ns":6923334}
PERF {"pid":77016,"phase":"git:rev-parse","start_ns":1789219449108926000,"ns":9075084}
PERF {"pid":77016,"phase":"git:rev-parse","start_ns":1789219449118063000,"ns":7978375}
PERF {"pid":77016,"phase":"git:rev-parse","start_ns":1789219449126169000,"ns":9417917}
PERF {"pid":77016,"phase":"git:rev-parse","start_ns":1789219449135654000,"ns":8839917}
PERF {"pid":77016,"phase":"git:rev-parse","start_ns":1789219449144585000,"ns":7903208}
PERF {"pid":77016,"phase":"git:rev-parse","start_ns":1789219449152559000,"ns":6840792}
PERF {"pid":77016,"phase":"git:rev-parse","start_ns":1789219449159549000,"ns":8185292}
PERF {"pid":77016,"phase":"git:rev-parse","start_ns":1789219449167812000,"ns":7023875}
PERF {"pid":77016,"phase":"git:rev-parse","start_ns":1789219449174883000,"ns":7400125}
PERF {"pid":77016,"phase":"git:rev-parse","start_ns":1789219449182382000,"ns":7368208}
PERF {"pid":77016,"phase":"git:rev-parse","start_ns":1789219449189805000,"ns":7400666}
PERF {"pid":77016,"phase":"git:rev-parse","start_ns":1789219449197241000,"ns":8452667}
PERF {"pid":77016,"phase":"git:rev-parse","start_ns":1789219449205762000,"ns":7683750}
PERF {"pid":77016,"phase":"git:rev-parse","start_ns":1789219449213489000,"ns":7641041}
PERF {"pid":77016,"phase":"git:rev-parse","start_ns":1789219449221165000,"ns":7507709}
PERF {"pid":77016,"phase":"git:rev-parse","start_ns":1789219449228714000,"ns":8397583}
PERF {"pid":77016,"phase":"git:rev-parse","start_ns":1789219449237183000,"ns":7682208}
PERF {"pid":77016,"phase":"git:rev-parse","start_ns":1789219449244975000,"ns":7300000}
PERF {"pid":77016,"phase":"git:rev-parse","start_ns":1789219449252328000,"ns":8060667}
PERF {"pid":77016,"phase":"git:rev-parse","start_ns":1789219449260465000,"ns":8187333}
PERF {"pid":77016,"phase":"git:rev-parse","start_ns":1789219449268712000,"ns":7350916}
PERF {"pid":77016,"phase":"git:rev-parse","start_ns":1789219449276100000,"ns":7380916}
PERF {"pid":77016,"phase":"git:rev-parse","start_ns":1789219449283569000,"ns":6679250}
PERF {"pid":77016,"phase":"git:rev-parse","start_ns":1789219449290287000,"ns":6943708}
PERF {"pid":77016,"phase":"git:rev-parse","start_ns":1789219449297287000,"ns":6815750}
PERF {"pid":77016,"phase":"git:rev-parse","start_ns":1789219449304143000,"ns":7535208}
PERF {"pid":77016,"phase":"git:rev-parse","start_ns":1789219449311742000,"ns":7225875}
PERF {"pid":77016,"phase":"git:rev-parse","start_ns":1789219449319040000,"ns":7130791}
PERF {"pid":77016,"phase":"git:rev-parse","start_ns":1789219449326236000,"ns":7960500}
PERF {"pid":77016,"phase":"git:rev-parse","start_ns":1789219449334256000,"ns":7599958}
PERF {"pid":77016,"phase":"git:rev-parse","start_ns":1789219449341929000,"ns":7534042}
PERF {"pid":77016,"phase":"git:rev-parse","start_ns":1789219449349519000,"ns":8178083}
PERF {"pid":77016,"phase":"git:rev-parse","start_ns":1789219449357783000,"ns":7839917}
PERF {"pid":77016,"phase":"git:rev-parse","start_ns":1789219449365678000,"ns":7902167}
PERF {"pid":77016,"phase":"git:rev-parse","start_ns":1789219449373647000,"ns":8358417}
PERF {"pid":77016,"phase":"git:rev-parse","start_ns":1789219449382096000,"ns":7971291}
PERF {"pid":77016,"phase":"git:rev-parse","start_ns":1789219449390117000,"ns":7852416}
PERF {"pid":77016,"phase":"git:rev-parse","start_ns":1789219449398013000,"ns":7988292}
PERF {"pid":77016,"phase":"git:rev-parse","start_ns":1789219449406089000,"ns":9212250}
PERF {"pid":77016,"phase":"git:rev-parse","start_ns":1789219449415475000,"ns":8020791}
PERF {"pid":77016,"phase":"git:rev-parse","start_ns":1789219449423551000,"ns":9224709}
PERF {"pid":77016,"phase":"git:rev-parse","start_ns":1789219449432817000,"ns":8045917}
PERF {"pid":77016,"phase":"git:rev-parse","start_ns":1789219449440901000,"ns":8174084}
PERF {"pid":77016,"phase":"git:rev-parse","start_ns":1789219449449149000,"ns":6504541}
PERF {"pid":77016,"phase":"git:rev-parse","start_ns":1789219449455735000,"ns":7096958}
PERF {"pid":77016,"phase":"git:rev-parse","start_ns":1789219449462910000,"ns":8184708}
PERF {"pid":77016,"phase":"git:rev-parse","start_ns":1789219449471145000,"ns":7590792}
PERF {"pid":77016,"phase":"git:rev-parse","start_ns":1789219449478774000,"ns":7527333}
PERF {"pid":77016,"phase":"git:rev-parse","start_ns":1789219449486367000,"ns":7773500}
PERF {"pid":77016,"phase":"git:rev-parse","start_ns":1789219449494176000,"ns":7789125}
PERF {"pid":77016,"phase":"git:rev-parse","start_ns":1789219449502026000,"ns":7769458}
PERF {"pid":77016,"phase":"git:rev-parse","start_ns":1789219449509854000,"ns":8089125}
PERF {"pid":77016,"phase":"git:rev-parse","start_ns":1789219449518013000,"ns":8030958}
PERF {"pid":77016,"phase":"git:rev-parse","start_ns":1789219449526092000,"ns":9785750}
PERF {"pid":77016,"phase":"git:rev-parse","start_ns":1789219449535968000,"ns":10737166}
PERF {"pid":77016,"phase":"git:rev-parse","start_ns":1789219449546835000,"ns":17868583}
PERF {"pid":77016,"phase":"git:rev-parse","start_ns":1789219449564759000,"ns":8897833}
PERF {"pid":77016,"phase":"git:rev-parse","start_ns":1789219449573732000,"ns":10654500}
PERF {"pid":77016,"phase":"git:rev-parse","start_ns":1789219449584507000,"ns":9886459}
PERF {"pid":77016,"phase":"git:rev-parse","start_ns":1789219449594476000,"ns":9432917}
PERF {"pid":77016,"phase":"git:rev-parse","start_ns":1789219449603965000,"ns":9546208}
PERF {"pid":77016,"phase":"git:rev-parse","start_ns":1789219449613588000,"ns":10561834}
PERF {"pid":77016,"phase":"git:rev-parse","start_ns":1789219449624192000,"ns":9215500}
PERF {"pid":77016,"phase":"git:rev-parse","start_ns":1789219449633443000,"ns":6788208}
PERF {"pid":77016,"phase":"git:rev-parse","start_ns":1789219449640288000,"ns":7896500}
PERF {"pid":77016,"phase":"git:rev-parse","start_ns":1789219449648262000,"ns":8241500}
PERF {"pid":77016,"phase":"git:rev-parse","start_ns":1789219449656598000,"ns":8460250}
PERF {"pid":77016,"phase":"git:rev-parse","start_ns":1789219449665100000,"ns":10090375}
PERF {"pid":77016,"phase":"git:rev-parse","start_ns":1789219449675248000,"ns":8350875}
PERF {"pid":77016,"phase":"git:rev-parse","start_ns":1789219449683679000,"ns":7660583}
PERF {"pid":77016,"phase":"git:rev-parse","start_ns":1789219449691419000,"ns":8182542}
PERF {"pid":77016,"phase":"git:rev-parse","start_ns":1789219449699668000,"ns":9537250}
PERF {"pid":77016,"phase":"git:rev-parse","start_ns":1789219449709285000,"ns":8900292}
PERF {"pid":77016,"phase":"git:rev-parse","start_ns":1789219449718246000,"ns":9317750}
PERF {"pid":77016,"phase":"git:rev-parse","start_ns":1789219449727816000,"ns":9008167}
PERF {"pid":77016,"phase":"git:rev-parse","start_ns":1789219449736922000,"ns":6390167}
PERF {"pid":77016,"phase":"git:rev-parse","start_ns":1789219449743381000,"ns":7949375}
PERF {"pid":77016,"phase":"git:rev-parse","start_ns":1789219449751405000,"ns":9519000}
PERF {"pid":77016,"phase":"git:rev-parse","start_ns":1789219449760969000,"ns":7548584}
PERF {"pid":77016,"phase":"git:rev-parse","start_ns":1789219449768673000,"ns":7214500}
PERF {"pid":77016,"phase":"git:rev-parse","start_ns":1789219449775928000,"ns":6911375}
PERF {"pid":77016,"phase":"git:rev-parse","start_ns":1789219449782902000,"ns":7053250}
PERF {"pid":77016,"phase":"git:rev-parse","start_ns":1789219449790022000,"ns":6874417}
PERF {"pid":77016,"phase":"git:rev-parse","start_ns":1789219449796964000,"ns":7063041}
PERF {"pid":77016,"phase":"git:rev-parse","start_ns":1789219449804096000,"ns":7771000}
PERF {"pid":77016,"phase":"git:rev-parse","start_ns":1789219449811961000,"ns":7203291}
PERF {"pid":77016,"phase":"git:rev-parse","start_ns":1789219449819248000,"ns":7598125}
PERF {"pid":77016,"phase":"git:rev-parse","start_ns":1789219449826932000,"ns":7956792}
PERF {"pid":77016,"phase":"git:rev-parse","start_ns":1789219449834954000,"ns":7008542}
PERF {"pid":77016,"phase":"git:rev-parse","start_ns":1789219449842021000,"ns":7925667}
PERF {"pid":77016,"phase":"git:rev-parse","start_ns":1789219449850005000,"ns":7282416}
PERF {"pid":77016,"phase":"git:rev-parse","start_ns":1789219449857321000,"ns":6999542}
PERF {"pid":77016,"phase":"git:rev-parse","start_ns":1789219449864394000,"ns":8000709}
PERF {"pid":77016,"phase":"git:rev-parse","start_ns":1789219449872461000,"ns":8379209}
PERF {"pid":77016,"phase":"git:rev-parse","start_ns":1789219449880888000,"ns":7952000}
PERF {"pid":77016,"phase":"git:rev-parse","start_ns":1789219449888890000,"ns":7903042}
PERF {"pid":77016,"phase":"git:rev-parse","start_ns":1789219449896837000,"ns":7334084}
PERF {"pid":77016,"phase":"git:rev-parse","start_ns":1789219449904207000,"ns":7706958}
PERF {"pid":77016,"phase":"git:rev-parse","start_ns":1789219449911972000,"ns":7300375}
PERF {"pid":77016,"phase":"git:rev-parse","start_ns":1789219449919308000,"ns":7469708}
PERF {"pid":77016,"phase":"git:rev-parse","start_ns":1789219449926823000,"ns":7718000}
PERF {"pid":77016,"phase":"git:rev-parse","start_ns":1789219449934587000,"ns":7617041}
PERF {"pid":77016,"phase":"git:rev-parse","start_ns":1789219449942311000,"ns":7806625}
PERF {"pid":77016,"phase":"git:rev-parse","start_ns":1789219449950157000,"ns":6934334}
PERF {"pid":77016,"phase":"git:rev-parse","start_ns":1789219449957215000,"ns":8418417}
PERF {"pid":77016,"phase":"git:rev-parse","start_ns":1789219449965686000,"ns":7713250}
PERF {"pid":77016,"phase":"git:rev-parse","start_ns":1789219449973444000,"ns":7298333}
PERF {"pid":77016,"phase":"git:rev-parse","start_ns":1789219449980815000,"ns":6850792}
PERF {"pid":77016,"phase":"git:rev-parse","start_ns":1789219449987740000,"ns":7276792}
PERF {"pid":77016,"phase":"git:rev-parse","start_ns":1789219449995116000,"ns":7532625}
PERF {"pid":77016,"phase":"git:rev-parse","start_ns":1789219450002738000,"ns":6950000}
PERF {"pid":77016,"phase":"git:rev-parse","start_ns":1789219450009726000,"ns":7578250}
PERF {"pid":77016,"phase":"git:rev-parse","start_ns":1789219450017370000,"ns":8438167}
PERF {"pid":77016,"phase":"git:rev-parse","start_ns":1789219450025869000,"ns":7786417}
PERF {"pid":77016,"phase":"git:rev-parse","start_ns":1789219450033719000,"ns":7689208}
PERF {"pid":77016,"phase":"git:rev-parse","start_ns":1789219450041473000,"ns":7604750}
PERF {"pid":77016,"phase":"git:rev-parse","start_ns":1789219450049142000,"ns":7277000}
PERF {"pid":77016,"phase":"git:rev-parse","start_ns":1789219450056485000,"ns":7801708}
PERF {"pid":77016,"phase":"git:rev-parse","start_ns":1789219450064353000,"ns":7655959}
PERF {"pid":77016,"phase":"git:rev-parse","start_ns":1789219450072071000,"ns":7248333}
PERF {"pid":77016,"phase":"git:rev-parse","start_ns":1789219450079380000,"ns":7334417}
PERF {"pid":77016,"phase":"git:rev-parse","start_ns":1789219450086778000,"ns":7794209}
PERF {"pid":77016,"phase":"git:rev-parse","start_ns":1789219450094617000,"ns":7322000}
PERF {"pid":77016,"phase":"git:rev-parse","start_ns":1789219450101980000,"ns":6192375}
PERF {"pid":77016,"phase":"git:rev-parse","start_ns":1789219450108235000,"ns":7787000}
PERF {"pid":77016,"phase":"git:rev-parse","start_ns":1789219450116059000,"ns":7597791}
PERF {"pid":77016,"phase":"git:rev-parse","start_ns":1789219450123728000,"ns":7720416}
PERF {"pid":77016,"phase":"git:rev-parse","start_ns":1789219450131506000,"ns":7464375}
PERF {"pid":77016,"phase":"git:rev-parse","start_ns":1789219450139011000,"ns":8051875}
PERF {"pid":77016,"phase":"git:rev-parse","start_ns":1789219450147119000,"ns":7572500}
PERF {"pid":77016,"phase":"git:rev-parse","start_ns":1789219450154740000,"ns":8038625}
PERF {"pid":77016,"phase":"git:rev-parse","start_ns":1789219450162818000,"ns":7824166}
PERF {"pid":77016,"phase":"git:rev-parse","start_ns":1789219450170677000,"ns":7829209}
PERF {"pid":77016,"phase":"git:rev-parse","start_ns":1789219450178567000,"ns":7620042}
PERF {"pid":77016,"phase":"git:rev-parse","start_ns":1789219450186228000,"ns":7147958}
PERF {"pid":77016,"phase":"git:rev-parse","start_ns":1789219450193417000,"ns":7853958}
PERF {"pid":77016,"phase":"git:rev-parse","start_ns":1789219450201326000,"ns":7703041}
PERF {"pid":77016,"phase":"git:rev-parse","start_ns":1789219450209072000,"ns":7425416}
PERF {"pid":77016,"phase":"git:rev-parse","start_ns":1789219450216572000,"ns":6708917}
PERF {"pid":77016,"phase":"git:rev-parse","start_ns":1789219450223356000,"ns":8458708}
PERF {"pid":77016,"phase":"git:rev-parse","start_ns":1789219450231881000,"ns":7049458}
PERF {"pid":77016,"phase":"git:rev-parse","start_ns":1789219450238987000,"ns":7337792}
PERF {"pid":77016,"phase":"git:rev-parse","start_ns":1789219450246417000,"ns":7276292}
PERF {"pid":77016,"phase":"git:rev-parse","start_ns":1789219450253740000,"ns":7092625}
PERF {"pid":77016,"phase":"git:rev-parse","start_ns":1789219450260870000,"ns":7158000}
PERF {"pid":77016,"phase":"git:rev-parse","start_ns":1789219450268065000,"ns":9484000}
PERF {"pid":77016,"phase":"git:rev-parse","start_ns":1789219450277624000,"ns":7022292}
PERF {"pid":77016,"phase":"git:rev-parse","start_ns":1789219450284687000,"ns":8311625}
PERF {"pid":77016,"phase":"git:rev-parse","start_ns":1789219450293084000,"ns":7540917}
PERF {"pid":77016,"phase":"git:rev-parse","start_ns":1789219450300706000,"ns":6010708}
PERF {"pid":77016,"phase":"git:rev-parse","start_ns":1789219450306816000,"ns":7435250}
PERF {"pid":77016,"phase":"git:rev-parse","start_ns":1789219450314292000,"ns":7700292}
PERF {"pid":77016,"phase":"git:rev-parse","start_ns":1789219450322030000,"ns":6579709}
PERF {"pid":77016,"phase":"git:rev-parse","start_ns":1789219450328665000,"ns":6378917}
PERF {"pid":77016,"phase":"git:rev-parse","start_ns":1789219450335085000,"ns":7579625}
PERF {"pid":77016,"phase":"git:rev-parse","start_ns":1789219450342709000,"ns":8217167}
PERF {"pid":77016,"phase":"git:rev-parse","start_ns":1789219450350964000,"ns":7488708}
PERF {"pid":77016,"phase":"git:rev-parse","start_ns":1789219450358486000,"ns":7606750}
PERF {"pid":77016,"phase":"git:rev-parse","start_ns":1789219450366147000,"ns":6074625}
PERF {"pid":77016,"phase":"git:rev-parse","start_ns":1789219450372286000,"ns":6501375}
PERF {"pid":77016,"phase":"git:rev-parse","start_ns":1789219450378819000,"ns":7211750}
PERF {"pid":77016,"phase":"git:rev-parse","start_ns":1789219450386067000,"ns":7284958}
PERF {"pid":77016,"phase":"git:rev-parse","start_ns":1789219450393420000,"ns":7538542}
PERF {"pid":77016,"phase":"git:rev-parse","start_ns":1789219450401020000,"ns":7579834}
PERF {"pid":77016,"phase":"git:rev-parse","start_ns":1789219450408697000,"ns":7959584}
PERF {"pid":77016,"phase":"git:rev-parse","start_ns":1789219450416725000,"ns":7671292}
PERF {"pid":77016,"phase":"git:rev-parse","start_ns":1789219450424463000,"ns":7725208}
PERF {"pid":77016,"phase":"git:rev-parse","start_ns":1789219450434069000,"ns":7591667}
PERF {"pid":77016,"phase":"git:rev-parse","start_ns":1789219450441736000,"ns":8069500}
PERF {"pid":77016,"phase":"git:rev-parse","start_ns":1789219450449868000,"ns":7821125}
PERF {"pid":77016,"phase":"git:rev-parse","start_ns":1789219450457819000,"ns":6216500}
PERF {"pid":77016,"phase":"git:rev-parse","start_ns":1789219450464096000,"ns":7048708}
PERF {"pid":77016,"phase":"git:rev-parse","start_ns":1789219450471205000,"ns":7880291}
PERF {"pid":77016,"phase":"git:rev-parse","start_ns":1789219450479176000,"ns":8121417}
PERF {"pid":77016,"phase":"git:rev-parse","start_ns":1789219450487336000,"ns":7117542}
PERF {"pid":77016,"phase":"git:rev-parse","start_ns":1789219450494522000,"ns":6519125}
PERF {"pid":77016,"phase":"git:rev-parse","start_ns":1789219450501110000,"ns":6969458}
PERF {"pid":77016,"phase":"git:rev-parse","start_ns":1789219450508143000,"ns":7094042}
PERF {"pid":77016,"phase":"git:rev-parse","start_ns":1789219450515283000,"ns":8301792}
PERF {"pid":77016,"phase":"git:rev-parse","start_ns":1789219450523648000,"ns":7719042}
PERF {"pid":77016,"phase":"git:rev-parse","start_ns":1789219450531425000,"ns":6961625}
PERF {"pid":77016,"phase":"git:rev-parse","start_ns":1789219450538465000,"ns":7221417}
PERF {"pid":77016,"phase":"git:rev-parse","start_ns":1789219450545770000,"ns":7893416}
PERF {"pid":77016,"phase":"git:rev-parse","start_ns":1789219450553727000,"ns":7698000}
PERF {"pid":77016,"phase":"git:rev-parse","start_ns":1789219450561487000,"ns":6535042}
PERF {"pid":77016,"phase":"git:rev-parse","start_ns":1789219450568097000,"ns":7699541}
PERF {"pid":77016,"phase":"git:rev-parse","start_ns":1789219450575860000,"ns":7483167}
PERF {"pid":77016,"phase":"git:rev-parse","start_ns":1789219450583379000,"ns":7080500}
PERF {"pid":77016,"phase":"git:rev-parse","start_ns":1789219450590529000,"ns":6842584}
PERF {"pid":77016,"phase":"git:rev-parse","start_ns":1789219450597446000,"ns":6966417}
PERF {"pid":77016,"phase":"git:rev-parse","start_ns":1789219450604504000,"ns":6695167}
PERF {"pid":77016,"phase":"git:rev-parse","start_ns":1789219450611406000,"ns":8066667}
PERF {"pid":77016,"phase":"git:rev-parse","start_ns":1789219450619580000,"ns":7097375}
PERF {"pid":77016,"phase":"git:rev-parse","start_ns":1789219450626773000,"ns":7479584}
PERF {"pid":77016,"phase":"git:rev-parse","start_ns":1789219450634325000,"ns":6933792}
PERF {"pid":77016,"phase":"git:rev-parse","start_ns":1789219450641327000,"ns":7088292}
PERF {"pid":77016,"phase":"git:rev-parse","start_ns":1789219450648544000,"ns":7270292}
PERF {"pid":77016,"phase":"git:rev-parse","start_ns":1789219450655871000,"ns":8063583}
PERF {"pid":77016,"phase":"git:rev-parse","start_ns":1789219450664002000,"ns":8192541}
PERF {"pid":77016,"phase":"git:rev-parse","start_ns":1789219450672244000,"ns":8430625}
PERF {"pid":77016,"phase":"git:rev-parse","start_ns":1789219450680726000,"ns":7483625}
PERF {"pid":77016,"phase":"git:rev-parse","start_ns":1789219450688245000,"ns":7288083}
PERF {"pid":77016,"phase":"git:rev-parse","start_ns":1789219450695600000,"ns":8210792}
PERF {"pid":77016,"phase":"git:rev-parse","start_ns":1789219450703897000,"ns":8113334}
PERF {"pid":77016,"phase":"git:rev-parse","start_ns":1789219450712064000,"ns":8282459}
PERF {"pid":77016,"phase":"git:rev-parse","start_ns":1789219450720383000,"ns":7909875}
PERF {"pid":77016,"phase":"git:rev-parse","start_ns":1789219450728361000,"ns":10452917}
PERF {"pid":77016,"phase":"git:rev-parse","start_ns":1789219450738903000,"ns":9899583}
PERF {"pid":77016,"phase":"git:rev-parse","start_ns":1789219450748851000,"ns":8913250}
PERF {"pid":77016,"phase":"git:rev-parse","start_ns":1789219450757803000,"ns":6878916}
PERF {"pid":77016,"phase":"git:rev-parse","start_ns":1789219450764801000,"ns":7412833}
PERF {"pid":77016,"phase":"git:rev-parse","start_ns":1789219450772313000,"ns":12282291}
PERF {"pid":77016,"phase":"git:rev-parse","start_ns":1789219450784672000,"ns":8637375}
PERF {"pid":77016,"phase":"git:rev-parse","start_ns":1789219450793354000,"ns":8168208}
PERF {"pid":77016,"phase":"git:rev-parse","start_ns":1789219450801560000,"ns":8199042}
PERF {"pid":77016,"phase":"git:rev-parse","start_ns":1789219450809811000,"ns":7822583}
PERF {"pid":77016,"phase":"git:rev-parse","start_ns":1789219450817692000,"ns":7775083}
PERF {"pid":77016,"phase":"git:rev-parse","start_ns":1789219450825588000,"ns":7854334}
PERF {"pid":77016,"phase":"git:rev-parse","start_ns":1789219450833513000,"ns":7646084}
PERF {"pid":77016,"phase":"git:rev-parse","start_ns":1789219450841230000,"ns":8169167}
PERF {"pid":77016,"phase":"git:rev-parse","start_ns":1789219450849456000,"ns":7819541}
PERF {"pid":77016,"phase":"git:rev-parse","start_ns":1789219450857323000,"ns":8391291}
PERF {"pid":77016,"phase":"git:rev-parse","start_ns":1789219450865753000,"ns":7583542}
PERF {"pid":77016,"phase":"git:rev-parse","start_ns":1789219450873381000,"ns":7933666}
PERF {"pid":77016,"phase":"git:rev-parse","start_ns":1789219450881365000,"ns":7675667}
PERF {"pid":77016,"phase":"git:rev-parse","start_ns":1789219450889098000,"ns":6946417}
PERF {"pid":77016,"phase":"git:rev-parse","start_ns":1789219450896112000,"ns":7711792}
PERF {"pid":77016,"phase":"git:rev-parse","start_ns":1789219450903863000,"ns":5999500}
PERF {"pid":77016,"phase":"git:rev-parse","start_ns":1789219450909903000,"ns":7116167}
PERF {"pid":77016,"phase":"git:rev-parse","start_ns":1789219450917078000,"ns":7287500}
PERF {"pid":77016,"phase":"git:rev-parse","start_ns":1789219450924404000,"ns":7222167}
PERF {"pid":77016,"phase":"git:rev-parse","start_ns":1789219450931700000,"ns":7328791}
PERF {"pid":77016,"phase":"git:rev-parse","start_ns":1789219450939112000,"ns":7037208}
PERF {"pid":77016,"phase":"git:rev-parse","start_ns":1789219450946245000,"ns":7906416}
PERF {"pid":77016,"phase":"git:rev-parse","start_ns":1789219450954252000,"ns":6907959}
PERF {"pid":77016,"phase":"git:rev-parse","start_ns":1789219450961216000,"ns":7044000}
PERF {"pid":77016,"phase":"git:rev-parse","start_ns":1789219450968308000,"ns":7545750}
PERF {"pid":77016,"phase":"git:rev-parse","start_ns":1789219450975927000,"ns":7245708}
PERF {"pid":77016,"phase":"git:rev-parse","start_ns":1789219450983251000,"ns":7196459}
PERF {"pid":77016,"phase":"git:rev-parse","start_ns":1789219450990489000,"ns":7217666}
PERF {"pid":77016,"phase":"git:rev-parse","start_ns":1789219450997743000,"ns":7772791}
PERF {"pid":77016,"phase":"git:rev-parse","start_ns":1789219451005570000,"ns":6871541}
PERF {"pid":77016,"phase":"git:rev-parse","start_ns":1789219451012490000,"ns":6668334}
PERF {"pid":77016,"phase":"git:rev-parse","start_ns":1789219451019197000,"ns":7014584}
PERF {"pid":77016,"phase":"git:rev-parse","start_ns":1789219451026270000,"ns":7363834}
PERF {"pid":77016,"phase":"git:rev-parse","start_ns":1789219451033708000,"ns":7242417}
PERF {"pid":77016,"phase":"git:rev-parse","start_ns":1789219451040991000,"ns":7388750}
PERF {"pid":77016,"phase":"git:rev-parse","start_ns":1789219451048416000,"ns":7560333}
PERF {"pid":77016,"phase":"git:rev-parse","start_ns":1789219451056042000,"ns":6875125}
PERF {"pid":77016,"phase":"git:rev-parse","start_ns":1789219451062985000,"ns":5819792}
PERF {"pid":77016,"phase":"git:rev-parse","start_ns":1789219451069010000,"ns":6610041}
PERF {"pid":77016,"phase":"git:rev-parse","start_ns":1789219451075656000,"ns":7958875}
PERF {"pid":77016,"phase":"git:rev-parse","start_ns":1789219451083680000,"ns":7705583}
PERF {"pid":77016,"phase":"git:rev-parse","start_ns":1789219451091466000,"ns":7440333}
PERF {"pid":77016,"phase":"git:rev-parse","start_ns":1789219451098972000,"ns":7712709}
PERF {"pid":77016,"phase":"git:rev-parse","start_ns":1789219451106747000,"ns":6749791}
PERF {"pid":77016,"phase":"git:rev-parse","start_ns":1789219451113550000,"ns":6855833}
PERF {"pid":77016,"phase":"git:rev-parse","start_ns":1789219451120576000,"ns":7717208}
PERF {"pid":77016,"phase":"git:rev-parse","start_ns":1789219451128378000,"ns":7761875}
PERF {"pid":77016,"phase":"git:rev-parse","start_ns":1789219451136235000,"ns":6914417}
PERF {"pid":77016,"phase":"git:rev-parse","start_ns":1789219451143247000,"ns":7142333}
PERF {"pid":77016,"phase":"git:rev-parse","start_ns":1789219451150459000,"ns":7815125}
PERF {"pid":77016,"phase":"git:rev-parse","start_ns":1789219451158373000,"ns":7511375}
PERF {"pid":77016,"phase":"git:rev-parse","start_ns":1789219451165980000,"ns":7623459}
PERF {"pid":77016,"phase":"git:rev-parse","start_ns":1789219451173642000,"ns":6901917}
PERF {"pid":77016,"phase":"git:rev-parse","start_ns":1789219451180592000,"ns":7552000}
PERF {"pid":77016,"phase":"git:rev-parse","start_ns":1789219451188223000,"ns":7190500}
PERF {"pid":77016,"phase":"git:rev-parse","start_ns":1789219451195492000,"ns":6540833}
PERF {"pid":77016,"phase":"git:rev-parse","start_ns":1789219451202109000,"ns":7169333}
PERF {"pid":77016,"phase":"git:rev-parse","start_ns":1789219451209352000,"ns":7682125}
PERF {"pid":77016,"phase":"git:rev-parse","start_ns":1789219451217074000,"ns":7566875}
PERF {"pid":77016,"phase":"git:rev-parse","start_ns":1789219451224708000,"ns":7227458}
PERF {"pid":77016,"phase":"git:rev-parse","start_ns":1789219451231976000,"ns":7459750}
PERF {"pid":77016,"phase":"git:rev-parse","start_ns":1789219451239503000,"ns":8166584}
PERF {"pid":77016,"phase":"git:rev-parse","start_ns":1789219451247710000,"ns":11061500}
PERF {"pid":77016,"phase":"git:rev-parse","start_ns":1789219451258818000,"ns":8167750}
PERF {"pid":77016,"phase":"git:rev-parse","start_ns":1789219451267022000,"ns":8360042}
PERF {"pid":77016,"phase":"git:rev-parse","start_ns":1789219451275454000,"ns":7770667}
PERF {"pid":77016,"phase":"git:rev-parse","start_ns":1789219451283278000,"ns":7447083}
PERF {"pid":77016,"phase":"git:rev-parse","start_ns":1789219451290764000,"ns":8565542}
PERF {"pid":77016,"phase":"git:rev-parse","start_ns":1789219451299386000,"ns":9131417}
PERF {"pid":77016,"phase":"git:rev-parse","start_ns":1789219451308562000,"ns":8623209}
PERF {"pid":77016,"phase":"git:rev-parse","start_ns":1789219451317261000,"ns":9653167}
PERF {"pid":77016,"phase":"git:rev-parse","start_ns":1789219451327006000,"ns":9480750}
PERF {"pid":77016,"phase":"git:rev-parse","start_ns":1789219451336552000,"ns":8309334}
PERF {"pid":77016,"phase":"git:rev-parse","start_ns":1789219451344924000,"ns":9935750}
PERF {"pid":77016,"phase":"git:rev-parse","start_ns":1789219451354959000,"ns":8900208}
PERF {"pid":77016,"phase":"git:rev-parse","start_ns":1789219451364007000,"ns":9277958}
PERF {"pid":77016,"phase":"git:rev-parse","start_ns":1789219451373393000,"ns":10284417}
PERF {"pid":77016,"phase":"git:rev-parse","start_ns":1789219451383810000,"ns":8011333}
PERF {"pid":77016,"phase":"git:rev-parse","start_ns":1789219451392014000,"ns":7999292}
PERF {"pid":77016,"phase":"git:rev-parse","start_ns":1789219451400127000,"ns":8945250}
PERF {"pid":77016,"phase":"git:rev-parse","start_ns":1789219451409108000,"ns":9351833}
PERF {"pid":77016,"phase":"git:rev-parse","start_ns":1789219451418538000,"ns":7605625}
PERF {"pid":77016,"phase":"git:rev-parse","start_ns":1789219451426201000,"ns":8216125}
PERF {"pid":77016,"phase":"git:rev-parse","start_ns":1789219451434466000,"ns":9232417}
PERF {"pid":77016,"phase":"git:rev-parse","start_ns":1789219451443738000,"ns":10088417}
PERF {"pid":77016,"phase":"git:rev-parse","start_ns":1789219451453870000,"ns":8821917}
PERF {"pid":77016,"phase":"git:rev-parse","start_ns":1789219451462896000,"ns":9205792}
PERF {"pid":77016,"phase":"git:rev-parse","start_ns":1789219451472184000,"ns":8091417}
PERF {"pid":77016,"phase":"git:rev-parse","start_ns":1789219451480323000,"ns":8591459}
PERF {"pid":77016,"phase":"git:rev-parse","start_ns":1789219451488977000,"ns":6974666}
PERF {"pid":77016,"phase":"git:rev-parse","start_ns":1789219451496013000,"ns":7538791}
PERF {"pid":77016,"phase":"git:rev-parse","start_ns":1789219451503624000,"ns":7045458}
PERF {"pid":77016,"phase":"git:rev-parse","start_ns":1789219451510796000,"ns":7353500}
PERF {"pid":77016,"phase":"git:rev-parse","start_ns":1789219451518179000,"ns":9251625}
PERF {"pid":77016,"phase":"git:rev-parse","start_ns":1789219451527511000,"ns":9145333}
PERF {"pid":77016,"phase":"git:rev-parse","start_ns":1789219451536737000,"ns":8557917}
PERF {"pid":77016,"phase":"git:rev-parse","start_ns":1789219451545380000,"ns":8480542}
PERF {"pid":77016,"phase":"git:rev-parse","start_ns":1789219451553908000,"ns":8470375}
PERF {"pid":77016,"phase":"git:rev-parse","start_ns":1789219451562444000,"ns":6985541}
PERF {"pid":77016,"phase":"git:rev-parse","start_ns":1789219451569576000,"ns":6943042}
PERF {"pid":77016,"phase":"git:rev-parse","start_ns":1789219451576589000,"ns":7208708}
PERF {"pid":77016,"phase":"git:rev-parse","start_ns":1789219451583875000,"ns":7420834}
PERF {"pid":77016,"phase":"git:rev-parse","start_ns":1789219451591367000,"ns":7893875}
PERF {"pid":77016,"phase":"git:rev-parse","start_ns":1789219451599331000,"ns":7848375}
PERF {"pid":77016,"phase":"git:rev-parse","start_ns":1789219451607250000,"ns":7186541}
PERF {"pid":77016,"phase":"git:rev-parse","start_ns":1789219451614518000,"ns":8142625}
PERF {"pid":77016,"phase":"git:rev-parse","start_ns":1789219451622742000,"ns":7370917}
PERF {"pid":77016,"phase":"git:rev-parse","start_ns":1789219451630173000,"ns":7779375}
PERF {"pid":77016,"phase":"git:rev-parse","start_ns":1789219451637995000,"ns":7749750}
PERF {"pid":77016,"phase":"git:rev-parse","start_ns":1789219451645801000,"ns":7052292}
PERF {"pid":77016,"phase":"git:rev-parse","start_ns":1789219451652940000,"ns":7741083}
PERF {"pid":77016,"phase":"git:rev-parse","start_ns":1789219451660785000,"ns":8025583}
PERF {"pid":77016,"phase":"git:rev-parse","start_ns":1789219451668848000,"ns":7123875}
PERF {"pid":77016,"phase":"git:rev-parse","start_ns":1789219451676004000,"ns":7756458}
PERF {"pid":77016,"phase":"git:rev-parse","start_ns":1789219451683809000,"ns":7157875}
PERF {"pid":77016,"phase":"git:rev-parse","start_ns":1789219451691054000,"ns":6909750}
PERF {"pid":77016,"phase":"git:rev-parse","start_ns":1789219451698010000,"ns":7931208}
PERF {"pid":77016,"phase":"git:rev-parse","start_ns":1789219451706025000,"ns":8173833}
PERF {"pid":77016,"phase":"git:rev-parse","start_ns":1789219451714251000,"ns":6844250}
PERF {"pid":77016,"phase":"git:rev-parse","start_ns":1789219451721140000,"ns":7203041}
PERF {"pid":77016,"phase":"git:rev-parse","start_ns":1789219451728481000,"ns":8707209}
PERF {"pid":77016,"phase":"git:rev-parse","start_ns":1789219451737224000,"ns":7432500}
PERF {"pid":77016,"phase":"git:rev-parse","start_ns":1789219451744737000,"ns":7613417}
PERF {"pid":77016,"phase":"git:rev-parse","start_ns":1789219451752479000,"ns":8095125}
PERF {"pid":77016,"phase":"git:rev-parse","start_ns":1789219451760633000,"ns":8305917}
PERF {"pid":77016,"phase":"git:rev-parse","start_ns":1789219451769008000,"ns":9953458}
PERF {"pid":77016,"phase":"git:rev-parse","start_ns":1789219451779034000,"ns":8873292}
PERF {"pid":77016,"phase":"git:rev-parse","start_ns":1789219451787984000,"ns":7354459}
PERF {"pid":77016,"phase":"git:rev-parse","start_ns":1789219451795403000,"ns":7080500}
PERF {"pid":77016,"phase":"git:rev-parse","start_ns":1789219451802553000,"ns":8101250}
PERF {"pid":77016,"phase":"git:rev-parse","start_ns":1789219451810727000,"ns":8390500}
PERF {"pid":77016,"phase":"git:rev-parse","start_ns":1789219451819148000,"ns":7566250}
PERF {"pid":77016,"phase":"git:rev-parse","start_ns":1789219451826773000,"ns":7820875}
PERF {"pid":77016,"phase":"git:rev-parse","start_ns":1789219451834669000,"ns":7363583}
PERF {"pid":77016,"phase":"git:rev-parse","start_ns":1789219451842161000,"ns":7746750}
PERF {"pid":77016,"phase":"git:rev-parse","start_ns":1789219451850004000,"ns":6888792}
PERF {"pid":77016,"phase":"git:rev-parse","start_ns":1789219451856991000,"ns":9008417}
PERF {"pid":77016,"phase":"git:rev-parse","start_ns":1789219451866067000,"ns":7310500}
PERF {"pid":77016,"phase":"git:rev-parse","start_ns":1789219451873474000,"ns":9246666}
PERF {"pid":77016,"phase":"git:rev-parse","start_ns":1789219451882789000,"ns":7527834}
PERF {"pid":77016,"phase":"git:rev-parse","start_ns":1789219451890367000,"ns":9131916}
PERF {"pid":77016,"phase":"git:rev-parse","start_ns":1789219451899553000,"ns":10471042}
PERF {"pid":77016,"phase":"git:rev-parse","start_ns":1789219451910064000,"ns":11911792}
PERF {"pid":77016,"phase":"git:rev-parse","start_ns":1789219451922053000,"ns":9808875}
PERF {"pid":77016,"phase":"git:rev-parse","start_ns":1789219451931973000,"ns":8416833}
PERF {"pid":77016,"phase":"git:rev-parse","start_ns":1789219451940496000,"ns":9437500}
PERF {"pid":77016,"phase":"git:rev-parse","start_ns":1789219451949993000,"ns":9071208}
PERF {"pid":77016,"phase":"git:rev-parse","start_ns":1789219451959127000,"ns":8004542}
PERF {"pid":77016,"phase":"git:rev-parse","start_ns":1789219451967194000,"ns":8481333}
PERF {"pid":77016,"phase":"git:rev-parse","start_ns":1789219451975732000,"ns":7656958}
PERF {"pid":77016,"phase":"git:rev-parse","start_ns":1789219451983423000,"ns":8191750}
PERF {"pid":77016,"phase":"git:rev-parse","start_ns":1789219451991656000,"ns":8213917}
PERF {"pid":77016,"phase":"git:rev-parse","start_ns":1789219451999912000,"ns":8103375}
PERF {"pid":77016,"phase":"git:rev-parse","start_ns":1789219452008098000,"ns":8885417}
PERF {"pid":77016,"phase":"git:rev-parse","start_ns":1789219452017023000,"ns":8558542}
PERF {"pid":77016,"phase":"git:rev-parse","start_ns":1789219452025623000,"ns":7934292}
PERF {"pid":77016,"phase":"git:rev-parse","start_ns":1789219452033644000,"ns":8415333}
PERF {"pid":77016,"phase":"git:rev-parse","start_ns":1789219452042165000,"ns":8995208}
PERF {"pid":77016,"phase":"git:rev-parse","start_ns":1789219452051209000,"ns":8374041}
PERF {"pid":77016,"phase":"git:rev-parse","start_ns":1789219452059618000,"ns":8595333}
PERF {"pid":77016,"phase":"git:rev-parse","start_ns":1789219452068267000,"ns":8861375}
PERF {"pid":77016,"phase":"git:rev-parse","start_ns":1789219452077179000,"ns":8830583}
PERF {"pid":77016,"phase":"git:rev-parse","start_ns":1789219452086080000,"ns":7818042}
PERF {"pid":77016,"phase":"git:rev-parse","start_ns":1789219452094023000,"ns":8327542}
PERF {"pid":77016,"phase":"git:rev-parse","start_ns":1789219452102546000,"ns":7836667}
PERF {"pid":77016,"phase":"git:rev-parse","start_ns":1789219452110543000,"ns":8439709}
PERF {"pid":77016,"phase":"git:rev-parse","start_ns":1789219452119024000,"ns":8136583}
PERF {"pid":77016,"phase":"git:rev-parse","start_ns":1789219452127198000,"ns":8084583}
PERF {"pid":77016,"phase":"git:rev-parse","start_ns":1789219452135346000,"ns":7775542}
PERF {"pid":77016,"phase":"git:rev-parse","start_ns":1789219452143184000,"ns":7945000}
PERF {"pid":77016,"phase":"git:rev-parse","start_ns":1789219452151165000,"ns":7802458}
PERF {"pid":77016,"phase":"git:rev-parse","start_ns":1789219452159028000,"ns":8244500}
PERF {"pid":77016,"phase":"git:for-each-ref","start_ns":1789219452167347000,"ns":50180667}
PERF {"pid":77016,"phase":"pins","start_ns":1789219444394161000,"ns":7824514042}
PERF {"pid":77016,"phase":"lock-held","start_ns":1789219444323714000,"ns":7895092875}
PERF {"pid":77016,"phase":"git:for-each-ref","start_ns":1789219452218997000,"ns":7799208}
PERF {"pid":77016,"phase":"git:cat-file","start_ns":1789219452226856000,"ns":7715334}
PERF {"pid":77016,"phase":"git:ls-tree","start_ns":1789219452234607000,"ns":7688000}
PERF {"pid":77016,"phase":"git:cat-file","start_ns":1789219452242348000,"ns":13686584}
