PERF {"pid":83446,"phase":"lock-wait","start_ns":1789219453799723000,"ns":80834}
PERF {"pid":83474,"phase":"git:for-each-ref","start_ns":1789219453799699000,"ns":8625833}
PERF {"pid":83446,"phase":"git:for-each-ref","start_ns":1789219453799866000,"ns":8579000}
PERF {"pid":83474,"phase":"git:cat-file","start_ns":1789219453808403000,"ns":9284458}
PERF {"pid":83446,"phase":"git:cat-file","start_ns":1789219453808540000,"ns":9232000}
PERF {"pid":83474,"phase":"git:ls-tree","start_ns":1789219453817724000,"ns":8215958}
PERF {"pid":83446,"phase":"git:ls-tree","start_ns":1789219453817819000,"ns":8166459}
PERF {"pid":83474,"phase":"git:cat-file","start_ns":1789219453825979000,"ns":10249208}
PERF {"pid":83446,"phase":"git:cat-file","start_ns":1789219453826010000,"ns":10419667}
PERF {"pid":83446,"phase":"read","start_ns":1789219453799866000,"ns":38521625}
PERF {"pid":83446,"phase":"encode-before","start_ns":1789219453838421000,"ns":1661000}
PERF {"pid":83446,"phase":"encode-after","start_ns":1789219453840118000,"ns":578375}
PERF {"pid":83474,"phase":"git:for-each-ref","start_ns":1789219453838827000,"ns":8195083}
PERF {"pid":83446,"phase":"git:cat-file","start_ns":1789219453840856000,"ns":8336875}
PERF {"pid":83474,"phase":"git:cat-file","start_ns":1789219453847092000,"ns":7842542}
PERF {"pid":83446,"phase":"git:rev-parse","start_ns":1789219453849315000,"ns":7887875}
PERF {"pid":83474,"phase":"git:ls-tree","start_ns":1789219453854981000,"ns":7132667}
PERF {"pid":83446,"phase":"git:rev-parse","start_ns":1789219453857271000,"ns":8086959}
PERF {"pid":83474,"phase":"git:cat-file","start_ns":1789219453862168000,"ns":8238667}
PERF {"pid":83446,"phase":"git:rev-parse","start_ns":1789219453865418000,"ns":7987959}
PERF {"pid":83446,"phase":"git:rev-parse","start_ns":1789219453873445000,"ns":8466000}
PERF {"pid":83474,"phase":"git:for-each-ref","start_ns":1789219453872836000,"ns":9110458}
PERF {"pid":83474,"phase":"git:cat-file","start_ns":1789219453882019000,"ns":8409334}
PERF {"pid":83446,"phase":"git:rev-parse","start_ns":1789219453881988000,"ns":8433625}
PERF {"pid":83446,"phase":"git:rev-parse","start_ns":1789219453890522000,"ns":7625625}
PERF {"pid":83474,"phase":"git:ls-tree","start_ns":1789219453890464000,"ns":8054459}
PERF {"pid":83446,"phase":"git:rev-parse","start_ns":1789219453898205000,"ns":8424917}
PERF {"pid":83474,"phase":"git:cat-file","start_ns":1789219453898603000,"ns":9179333}
PERF {"pid":83446,"phase":"git:rev-parse","start_ns":1789219453906699000,"ns":8550250}
PERF {"pid":83474,"phase":"git:for-each-ref","start_ns":1789219453909884000,"ns":8308666}
PERF {"pid":83446,"phase":"git:rev-parse","start_ns":1789219453915314000,"ns":8418042}
PERF {"pid":83474,"phase":"git:cat-file","start_ns":1789219453918257000,"ns":7425125}
PERF {"pid":83446,"phase":"git:rev-parse","start_ns":1789219453923809000,"ns":9550125}
PERF {"pid":83474,"phase":"git:ls-tree","start_ns":1789219453925757000,"ns":9410792}
PERF {"pid":83446,"phase":"git:rev-parse","start_ns":1789219453933428000,"ns":9015292}
PERF {"pid":83474,"phase":"git:cat-file","start_ns":1789219453935208000,"ns":9205334}
PERF {"pid":83446,"phase":"git:rev-parse","start_ns":1789219453942497000,"ns":8614958}
PERF {"pid":83474,"phase":"git:for-each-ref","start_ns":1789219453946484000,"ns":8054708}
PERF {"pid":83446,"phase":"git:rev-parse","start_ns":1789219453951158000,"ns":7166041}
PERF {"pid":83474,"phase":"git:cat-file","start_ns":1789219453954613000,"ns":5683042}
PERF {"pid":83446,"phase":"git:rev-parse","start_ns":1789219453958358000,"ns":7396791}
PERF {"pid":83474,"phase":"git:ls-tree","start_ns":1789219453960327000,"ns":7439708}
PERF {"pid":83446,"phase":"git:rev-parse","start_ns":1789219453965796000,"ns":7311250}
PERF {"pid":83474,"phase":"git:cat-file","start_ns":1789219453967871000,"ns":7727000}
PERF {"pid":83446,"phase":"git:rev-parse","start_ns":1789219453973174000,"ns":6357250}
PERF {"pid":83446,"phase":"git:rev-parse","start_ns":1789219453979598000,"ns":6263875}
PERF {"pid":83446,"phase":"git:rev-parse","start_ns":1789219453985901000,"ns":8329958}
PERF {"pid":83446,"phase":"git:rev-parse","start_ns":1789219453994294000,"ns":7383459}
PERF {"pid":83446,"phase":"git:rev-parse","start_ns":1789219454001831000,"ns":8996834}
PERF {"pid":83446,"phase":"git:rev-parse","start_ns":1789219454010888000,"ns":7593625}
PERF {"pid":83446,"phase":"git:rev-parse","start_ns":1789219454018563000,"ns":8074459}
PERF {"pid":83446,"phase":"git:rev-parse","start_ns":1789219454026686000,"ns":7160250}
PERF {"pid":83446,"phase":"git:rev-parse","start_ns":1789219454034004000,"ns":6503333}
PERF {"pid":83446,"phase":"git:rev-parse","start_ns":1789219454040578000,"ns":7686000}
PERF {"pid":83446,"phase":"git:rev-parse","start_ns":1789219454048333000,"ns":7770583}
PERF {"pid":83446,"phase":"git:rev-parse","start_ns":1789219454056138000,"ns":7966042}
PERF {"pid":83446,"phase":"git:rev-parse","start_ns":1789219454064152000,"ns":7411458}
PERF {"pid":83446,"phase":"git:rev-parse","start_ns":1789219454071601000,"ns":8039708}
PERF {"pid":83446,"phase":"git:rev-parse","start_ns":1789219454079685000,"ns":7461000}
PERF {"pid":83446,"phase":"git:rev-parse","start_ns":1789219454087231000,"ns":9086834}
PERF {"pid":83446,"phase":"git:rev-parse","start_ns":1789219454096362000,"ns":7682667}
PERF {"pid":83446,"phase":"git:rev-parse","start_ns":1789219454104077000,"ns":7340209}
PERF {"pid":83446,"phase":"git:rev-parse","start_ns":1789219454111459000,"ns":7443584}
PERF {"pid":83446,"phase":"git:rev-parse","start_ns":1789219454118975000,"ns":7976417}
PERF {"pid":83446,"phase":"git:rev-parse","start_ns":1789219454127034000,"ns":8539375}
PERF {"pid":83446,"phase":"git:rev-parse","start_ns":1789219454135636000,"ns":7864917}
PERF {"pid":83446,"phase":"git:rev-parse","start_ns":1789219454143533000,"ns":7867833}
PERF {"pid":83446,"phase":"git:rev-parse","start_ns":1789219454151481000,"ns":8001708}
PERF {"pid":83446,"phase":"git:rev-parse","start_ns":1789219454159530000,"ns":7881459}
PERF {"pid":83446,"phase":"git:rev-parse","start_ns":1789219454167449000,"ns":7403875}
PERF {"pid":83446,"phase":"git:rev-parse","start_ns":1789219454174894000,"ns":7788709}
PERF {"pid":83446,"phase":"git:rev-parse","start_ns":1789219454182753000,"ns":9203542}
PERF {"pid":83446,"phase":"git:rev-parse","start_ns":1789219454192007000,"ns":7179375}
PERF {"pid":83446,"phase":"git:rev-parse","start_ns":1789219454199315000,"ns":8215000}
PERF {"pid":83446,"phase":"git:rev-parse","start_ns":1789219454207568000,"ns":7962334}
PERF {"pid":83446,"phase":"git:rev-parse","start_ns":1789219454215570000,"ns":7532000}
PERF {"pid":83446,"phase":"git:rev-parse","start_ns":1789219454223147000,"ns":6842500}
PERF {"pid":83446,"phase":"git:rev-parse","start_ns":1789219454230021000,"ns":8203958}
PERF {"pid":83446,"phase":"git:rev-parse","start_ns":1789219454238251000,"ns":7264084}
PERF {"pid":83446,"phase":"git:rev-parse","start_ns":1789219454245549000,"ns":9074292}
PERF {"pid":83446,"phase":"git:rev-parse","start_ns":1789219454254679000,"ns":7738500}
PERF {"pid":83446,"phase":"git:rev-parse","start_ns":1789219454262461000,"ns":7003375}
PERF {"pid":83446,"phase":"git:rev-parse","start_ns":1789219454269519000,"ns":9080750}
PERF {"pid":83446,"phase":"git:rev-parse","start_ns":1789219454278635000,"ns":7769625}
PERF {"pid":83446,"phase":"git:rev-parse","start_ns":1789219454286447000,"ns":7525833}
PERF {"pid":83446,"phase":"git:rev-parse","start_ns":1789219454294007000,"ns":7823208}
PERF {"pid":83446,"phase":"git:rev-parse","start_ns":1789219454301881000,"ns":8290792}
PERF {"pid":83446,"phase":"git:rev-parse","start_ns":1789219454310230000,"ns":7028750}
PERF {"pid":83446,"phase":"git:rev-parse","start_ns":1789219454317377000,"ns":9088833}
PERF {"pid":83446,"phase":"git:rev-parse","start_ns":1789219454326508000,"ns":7820792}
PERF {"pid":83446,"phase":"git:rev-parse","start_ns":1789219454334388000,"ns":7425958}
PERF {"pid":83446,"phase":"git:rev-parse","start_ns":1789219454341865000,"ns":8402834}
PERF {"pid":83446,"phase":"git:rev-parse","start_ns":1789219454350330000,"ns":7148417}
PERF {"pid":83446,"phase":"git:rev-parse","start_ns":1789219454357530000,"ns":7085042}
PERF {"pid":83446,"phase":"git:rev-parse","start_ns":1789219454364723000,"ns":7972375}
PERF {"pid":83446,"phase":"git:rev-parse","start_ns":1789219454372738000,"ns":7080916}
PERF {"pid":83446,"phase":"git:rev-parse","start_ns":1789219454379865000,"ns":8467334}
PERF {"pid":83446,"phase":"git:rev-parse","start_ns":1789219454388394000,"ns":7826541}
PERF {"pid":83446,"phase":"git:rev-parse","start_ns":1789219454396265000,"ns":7871709}
PERF {"pid":83446,"phase":"git:rev-parse","start_ns":1789219454404174000,"ns":7750584}
PERF {"pid":83446,"phase":"git:rev-parse","start_ns":1789219454411972000,"ns":8669875}
PERF {"pid":83446,"phase":"git:rev-parse","start_ns":1789219454420676000,"ns":7495584}
PERF {"pid":83446,"phase":"git:rev-parse","start_ns":1789219454428228000,"ns":7975500}
PERF {"pid":83446,"phase":"git:rev-parse","start_ns":1789219454436245000,"ns":6708708}
PERF {"pid":83446,"phase":"git:rev-parse","start_ns":1789219454443004000,"ns":7257667}
PERF {"pid":83446,"phase":"git:rev-parse","start_ns":1789219454450321000,"ns":6471208}
PERF {"pid":83446,"phase":"git:rev-parse","start_ns":1789219454456831000,"ns":7487709}
PERF {"pid":83446,"phase":"git:rev-parse","start_ns":1789219454464352000,"ns":7456959}
PERF {"pid":83446,"phase":"git:rev-parse","start_ns":1789219454471843000,"ns":8004708}
PERF {"pid":83446,"phase":"git:rev-parse","start_ns":1789219454479882000,"ns":7752875}
PERF {"pid":83446,"phase":"git:rev-parse","start_ns":1789219454487672000,"ns":7506000}
PERF {"pid":83446,"phase":"git:rev-parse","start_ns":1789219454495211000,"ns":7175375}
PERF {"pid":83446,"phase":"git:rev-parse","start_ns":1789219454502420000,"ns":7455958}
PERF {"pid":83446,"phase":"git:rev-parse","start_ns":1789219454509951000,"ns":7309000}
PERF {"pid":83446,"phase":"git:rev-parse","start_ns":1789219454517300000,"ns":7179917}
PERF {"pid":83446,"phase":"git:rev-parse","start_ns":1789219454524534000,"ns":7000750}
PERF {"pid":83446,"phase":"git:rev-parse","start_ns":1789219454531569000,"ns":7220791}
PERF {"pid":83446,"phase":"git:rev-parse","start_ns":1789219454538824000,"ns":7760458}
PERF {"pid":83446,"phase":"git:rev-parse","start_ns":1789219454546630000,"ns":7447917}
PERF {"pid":83446,"phase":"git:rev-parse","start_ns":1789219454554112000,"ns":7107875}
PERF {"pid":83446,"phase":"git:rev-parse","start_ns":1789219454561256000,"ns":7243500}
PERF {"pid":83446,"phase":"git:rev-parse","start_ns":1789219454568546000,"ns":6429625}
PERF {"pid":83446,"phase":"git:rev-parse","start_ns":1789219454575023000,"ns":6662250}
PERF {"pid":83446,"phase":"git:rev-parse","start_ns":1789219454581747000,"ns":7073292}
PERF {"pid":83446,"phase":"git:rev-parse","start_ns":1789219454588862000,"ns":7470333}
PERF {"pid":83446,"phase":"git:rev-parse","start_ns":1789219454596378000,"ns":7344208}
PERF {"pid":83446,"phase":"git:rev-parse","start_ns":1789219454603761000,"ns":7081458}
PERF {"pid":83446,"phase":"git:rev-parse","start_ns":1789219454610894000,"ns":7633708}
PERF {"pid":83446,"phase":"git:rev-parse","start_ns":1789219454618604000,"ns":7388458}
PERF {"pid":83446,"phase":"git:for-each-ref","start_ns":1789219454626060000,"ns":10822292}
PERF {"pid":83446,"phase":"pins","start_ns":1789219453840720000,"ns":796632333}
PERF {"pid":83446,"phase":"git:hash-object","start_ns":1789219454637534000,"ns":15889500}
PERF {"pid":83446,"phase":"git:mktree","start_ns":1789219454653479000,"ns":8421791}
PERF {"pid":83446,"phase":"git:commit-tree","start_ns":1789219454661942000,"ns":12508416}
PERF {"pid":83446,"phase":"git:update-ref","start_ns":1789219454674676000,"ns":44852958}
PERF {"pid":83446,"phase":"lock-held","start_ns":1789219453799866000,"ns":919803000}
PERF {"pid":83446,"phase":"lock-wait","start_ns":1789219454719962000,"ns":59250}
PERF {"pid":83446,"phase":"git:for-each-ref","start_ns":1789219454720030000,"ns":8175584}
PERF {"pid":83446,"phase":"git:cat-file","start_ns":1789219454728272000,"ns":8225542}
PERF {"pid":83446,"phase":"git:ls-tree","start_ns":1789219454736538000,"ns":7857667}
PERF {"pid":83446,"phase":"git:cat-file","start_ns":1789219454744432000,"ns":8758584}
PERF {"pid":83446,"phase":"read","start_ns":1789219454720029000,"ns":35133000}
PERF {"pid":83446,"phase":"encode-before","start_ns":1789219454755211000,"ns":1164333}
PERF {"pid":83446,"phase":"encode-after","start_ns":1789219454756397000,"ns":946750}
PERF {"pid":83446,"phase":"git:cat-file","start_ns":1789219454757616000,"ns":7671209}
PERF {"pid":83446,"phase":"git:rev-parse","start_ns":1789219454765409000,"ns":7038209}
PERF {"pid":83446,"phase":"git:rev-parse","start_ns":1789219454772496000,"ns":7751458}
PERF {"pid":83446,"phase":"git:rev-parse","start_ns":1789219454780291000,"ns":9468375}
PERF {"pid":83446,"phase":"git:rev-parse","start_ns":1789219454789856000,"ns":8175542}
PERF {"pid":83446,"phase":"git:rev-parse","start_ns":1789219454798087000,"ns":9179000}
PERF {"pid":83446,"phase":"git:rev-parse","start_ns":1789219454807323000,"ns":7481833}
PERF {"pid":83446,"phase":"git:rev-parse","start_ns":1789219454814867000,"ns":7917042}
PERF {"pid":83446,"phase":"git:rev-parse","start_ns":1789219454822817000,"ns":8746541}
PERF {"pid":83446,"phase":"git:rev-parse","start_ns":1789219454831760000,"ns":8004792}
PERF {"pid":83446,"phase":"git:rev-parse","start_ns":1789219454839834000,"ns":8636750}
PERF {"pid":83446,"phase":"git:rev-parse","start_ns":1789219454848523000,"ns":7853250}
PERF {"pid":83446,"phase":"git:rev-parse","start_ns":1789219454856426000,"ns":7510375}
PERF {"pid":83446,"phase":"git:rev-parse","start_ns":1789219454863969000,"ns":7696958}
PERF {"pid":83446,"phase":"git:rev-parse","start_ns":1789219454871741000,"ns":7832583}
PERF {"pid":83446,"phase":"git:rev-parse","start_ns":1789219454879608000,"ns":7484375}
PERF {"pid":83446,"phase":"git:rev-parse","start_ns":1789219454887128000,"ns":7670208}
PERF {"pid":83446,"phase":"git:rev-parse","start_ns":1789219454894837000,"ns":7380209}
PERF {"pid":83446,"phase":"git:rev-parse","start_ns":1789219454902253000,"ns":7489834}
PERF {"pid":83446,"phase":"git:rev-parse","start_ns":1789219454909785000,"ns":7923375}
PERF {"pid":83446,"phase":"git:rev-parse","start_ns":1789219454917747000,"ns":7862333}
PERF {"pid":83446,"phase":"git:rev-parse","start_ns":1789219454925642000,"ns":7840333}
PERF {"pid":83446,"phase":"git:rev-parse","start_ns":1789219454933529000,"ns":7494708}
PERF {"pid":83446,"phase":"git:rev-parse","start_ns":1789219454941059000,"ns":7785375}
PERF {"pid":83446,"phase":"git:rev-parse","start_ns":1789219454948896000,"ns":7628917}
PERF {"pid":83446,"phase":"git:rev-parse","start_ns":1789219454956554000,"ns":7271833}
PERF {"pid":83446,"phase":"git:rev-parse","start_ns":1789219454963859000,"ns":7324708}
PERF {"pid":83446,"phase":"git:rev-parse","start_ns":1789219454971217000,"ns":7645875}
PERF {"pid":83446,"phase":"git:rev-parse","start_ns":1789219454978924000,"ns":7023292}
PERF {"pid":83446,"phase":"git:rev-parse","start_ns":1789219454986013000,"ns":7251542}
PERF {"pid":83446,"phase":"git:rev-parse","start_ns":1789219454993365000,"ns":6491709}
PERF {"pid":83446,"phase":"git:rev-parse","start_ns":1789219454999915000,"ns":6741958}
PERF {"pid":83446,"phase":"git:rev-parse","start_ns":1789219455006734000,"ns":7628625}
PERF {"pid":83446,"phase":"git:rev-parse","start_ns":1789219455014400000,"ns":7431125}
PERF {"pid":83446,"phase":"git:rev-parse","start_ns":1789219455021868000,"ns":7576542}
PERF {"pid":83446,"phase":"git:rev-parse","start_ns":1789219455029478000,"ns":7306583}
PERF {"pid":83446,"phase":"git:rev-parse","start_ns":1789219455036871000,"ns":7844208}
PERF {"pid":83446,"phase":"git:rev-parse","start_ns":1789219455044755000,"ns":7426917}
PERF {"pid":83446,"phase":"git:rev-parse","start_ns":1789219455052253000,"ns":7538833}
PERF {"pid":83446,"phase":"git:rev-parse","start_ns":1789219455059872000,"ns":7796625}
PERF {"pid":83446,"phase":"git:rev-parse","start_ns":1789219455067716000,"ns":6776041}
PERF {"pid":83446,"phase":"git:rev-parse","start_ns":1789219455074567000,"ns":7335208}
PERF {"pid":83446,"phase":"git:rev-parse","start_ns":1789219455081954000,"ns":7319541}
PERF {"pid":83446,"phase":"git:rev-parse","start_ns":1789219455089317000,"ns":7480042}
PERF {"pid":83446,"phase":"git:rev-parse","start_ns":1789219455096843000,"ns":7090083}
PERF {"pid":83446,"phase":"git:rev-parse","start_ns":1789219455104005000,"ns":8785083}
PERF {"pid":83446,"phase":"git:rev-parse","start_ns":1789219455112860000,"ns":7622833}
PERF {"pid":83446,"phase":"git:rev-parse","start_ns":1789219455120532000,"ns":7369709}
PERF {"pid":83446,"phase":"git:rev-parse","start_ns":1789219455127963000,"ns":7144375}
PERF {"pid":83446,"phase":"git:rev-parse","start_ns":1789219455135172000,"ns":7381708}
PERF {"pid":83446,"phase":"git:rev-parse","start_ns":1789219455142615000,"ns":6726333}
PERF {"pid":83446,"phase":"git:rev-parse","start_ns":1789219455149399000,"ns":6710750}
PERF {"pid":83446,"phase":"git:rev-parse","start_ns":1789219455156144000,"ns":7108250}
PERF {"pid":83446,"phase":"git:rev-parse","start_ns":1789219455163319000,"ns":7355167}
PERF {"pid":83446,"phase":"git:rev-parse","start_ns":1789219455170791000,"ns":7339583}
PERF {"pid":83446,"phase":"git:rev-parse","start_ns":1789219455178167000,"ns":7425167}
PERF {"pid":83446,"phase":"git:rev-parse","start_ns":1789219455185639000,"ns":8343875}
PERF {"pid":83446,"phase":"git:rev-parse","start_ns":1789219455194136000,"ns":7679959}
PERF {"pid":83446,"phase":"git:rev-parse","start_ns":1789219455201858000,"ns":8191666}
PERF {"pid":83446,"phase":"git:rev-parse","start_ns":1789219455210105000,"ns":7574416}
PERF {"pid":83446,"phase":"git:rev-parse","start_ns":1789219455217719000,"ns":8299416}
PERF {"pid":83446,"phase":"git:rev-parse","start_ns":1789219455226064000,"ns":7442834}
PERF {"pid":83446,"phase":"git:rev-parse","start_ns":1789219455233561000,"ns":8612875}
PERF {"pid":83446,"phase":"git:rev-parse","start_ns":1789219455242215000,"ns":8536833}
PERF {"pid":83446,"phase":"git:rev-parse","start_ns":1789219455250796000,"ns":7764875}
PERF {"pid":83446,"phase":"git:rev-parse","start_ns":1789219455258673000,"ns":7846166}
PERF {"pid":83446,"phase":"git:rev-parse","start_ns":1789219455266555000,"ns":8403083}
PERF {"pid":83446,"phase":"git:rev-parse","start_ns":1789219455275001000,"ns":7390041}
PERF {"pid":83446,"phase":"git:rev-parse","start_ns":1789219455282438000,"ns":8016833}
PERF {"pid":83446,"phase":"git:rev-parse","start_ns":1789219455290532000,"ns":7896500}
PERF {"pid":83446,"phase":"git:rev-parse","start_ns":1789219455298493000,"ns":7737417}
PERF {"pid":83446,"phase":"git:rev-parse","start_ns":1789219455306289000,"ns":8017958}
PERF {"pid":83446,"phase":"git:rev-parse","start_ns":1789219455314375000,"ns":7945042}
PERF {"pid":83446,"phase":"git:rev-parse","start_ns":1789219455322415000,"ns":8343500}
PERF {"pid":83446,"phase":"git:rev-parse","start_ns":1789219455330840000,"ns":7793458}
PERF {"pid":83446,"phase":"git:rev-parse","start_ns":1789219455338715000,"ns":7698500}
PERF {"pid":83446,"phase":"git:rev-parse","start_ns":1789219455346463000,"ns":8178250}
PERF {"pid":83446,"phase":"git:rev-parse","start_ns":1789219455354704000,"ns":7961083}
PERF {"pid":83446,"phase":"git:rev-parse","start_ns":1789219455362714000,"ns":7873584}
PERF {"pid":83446,"phase":"git:rev-parse","start_ns":1789219455370631000,"ns":7655834}
PERF {"pid":83446,"phase":"git:rev-parse","start_ns":1789219455378337000,"ns":9208834}
PERF {"pid":83446,"phase":"git:rev-parse","start_ns":1789219455387644000,"ns":6651500}
PERF {"pid":83446,"phase":"git:rev-parse","start_ns":1789219455394376000,"ns":7294500}
PERF {"pid":83446,"phase":"git:rev-parse","start_ns":1789219455401732000,"ns":7390167}
PERF {"pid":83446,"phase":"git:rev-parse","start_ns":1789219455409166000,"ns":7356084}
PERF {"pid":83446,"phase":"git:rev-parse","start_ns":1789219455416600000,"ns":8177750}
PERF {"pid":83446,"phase":"git:rev-parse","start_ns":1789219455424829000,"ns":7370250}
PERF {"pid":83446,"phase":"git:rev-parse","start_ns":1789219455432250000,"ns":7108833}
PERF {"pid":83446,"phase":"git:rev-parse","start_ns":1789219455439423000,"ns":6243500}
PERF {"pid":83446,"phase":"git:rev-parse","start_ns":1789219455445742000,"ns":6693792}
PERF {"pid":83446,"phase":"git:rev-parse","start_ns":1789219455452488000,"ns":7556750}
PERF {"pid":83446,"phase":"git:rev-parse","start_ns":1789219455460087000,"ns":6769041}
PERF {"pid":83446,"phase":"git:rev-parse","start_ns":1789219455466906000,"ns":7600250}
PERF {"pid":83446,"phase":"git:rev-parse","start_ns":1789219455474579000,"ns":7294083}
PERF {"pid":83446,"phase":"git:rev-parse","start_ns":1789219455481916000,"ns":6554125}
PERF {"pid":83446,"phase":"git:rev-parse","start_ns":1789219455488531000,"ns":7665334}
PERF {"pid":83446,"phase":"git:rev-parse","start_ns":1789219455496257000,"ns":7486834}
PERF {"pid":83446,"phase":"git:rev-parse","start_ns":1789219455503788000,"ns":6735542}
PERF {"pid":83446,"phase":"git:rev-parse","start_ns":1789219455510576000,"ns":7626542}
PERF {"pid":83446,"phase":"git:rev-parse","start_ns":1789219455518258000,"ns":5982875}
PERF {"pid":83446,"phase":"git:rev-parse","start_ns":1789219455524281000,"ns":7045958}
PERF {"pid":83446,"phase":"git:for-each-ref","start_ns":1789219455531386000,"ns":12946709}
PERF {"pid":83446,"phase":"pins","start_ns":1789219454757369000,"ns":787183291}
PERF {"pid":83446,"phase":"git:hash-object","start_ns":1789219455544575000,"ns":15170875}
PERF {"pid":83446,"phase":"git:mktree","start_ns":1789219455559839000,"ns":7858000}
PERF {"pid":83446,"phase":"git:commit-tree","start_ns":1789219455567778000,"ns":11830917}
PERF {"pid":83446,"phase":"git:update-ref","start_ns":1789219455580391000,"ns":40097250}
PERF {"pid":83446,"phase":"lock-held","start_ns":1789219454720029000,"ns":900502833}
PERF {"pid":83446,"phase":"lock-wait","start_ns":1789219455620727000,"ns":46875}
PERF {"pid":83446,"phase":"git:for-each-ref","start_ns":1789219455620780000,"ns":7135708}
PERF {"pid":83446,"phase":"git:cat-file","start_ns":1789219455627964000,"ns":7769333}
PERF {"pid":83446,"phase":"git:ls-tree","start_ns":1789219455635850000,"ns":7417083}
PERF {"pid":83446,"phase":"git:cat-file","start_ns":1789219455643340000,"ns":6949250}
PERF {"pid":83446,"phase":"read","start_ns":1789219455620779000,"ns":31432334}
PERF {"pid":83446,"phase":"encode-before","start_ns":1789219455652244000,"ns":1373875}
PERF {"pid":83446,"phase":"encode-after","start_ns":1789219455653650000,"ns":643875}
PERF {"pid":83446,"phase":"git:cat-file","start_ns":1789219455654513000,"ns":8887417}
PERF {"pid":83446,"phase":"git:rev-parse","start_ns":1789219455663465000,"ns":7645791}
PERF {"pid":83446,"phase":"git:rev-parse","start_ns":1789219455671179000,"ns":9396042}
PERF {"pid":83446,"phase":"git:rev-parse","start_ns":1789219455680658000,"ns":8964584}
PERF {"pid":83446,"phase":"git:rev-parse","start_ns":1789219455689786000,"ns":8650334}
PERF {"pid":83446,"phase":"git:rev-parse","start_ns":1789219455698543000,"ns":9453875}
PERF {"pid":83446,"phase":"git:rev-parse","start_ns":1789219455708068000,"ns":8642708}
PERF {"pid":83446,"phase":"git:rev-parse","start_ns":1789219455716746000,"ns":7644000}
PERF {"pid":83446,"phase":"git:rev-parse","start_ns":1789219455724445000,"ns":7724083}
PERF {"pid":83446,"phase":"git:rev-parse","start_ns":1789219455732215000,"ns":8402375}
PERF {"pid":83446,"phase":"git:rev-parse","start_ns":1789219455740707000,"ns":11130375}
PERF {"pid":83446,"phase":"git:rev-parse","start_ns":1789219455751932000,"ns":7732000}
PERF {"pid":83446,"phase":"git:rev-parse","start_ns":1789219455759719000,"ns":8011333}
PERF {"pid":83446,"phase":"git:rev-parse","start_ns":1789219455767767000,"ns":7843208}
PERF {"pid":83446,"phase":"git:rev-parse","start_ns":1789219455775659000,"ns":7300250}
PERF {"pid":83446,"phase":"git:rev-parse","start_ns":1789219455783025000,"ns":7218166}
PERF {"pid":83446,"phase":"git:rev-parse","start_ns":1789219455790305000,"ns":8451542}
PERF {"pid":83446,"phase":"git:rev-parse","start_ns":1789219455798802000,"ns":6760250}
PERF {"pid":83446,"phase":"git:rev-parse","start_ns":1789219455805605000,"ns":6871667}
PERF {"pid":83446,"phase":"git:rev-parse","start_ns":1789219455812515000,"ns":7426375}
PERF {"pid":83446,"phase":"git:rev-parse","start_ns":1789219455819985000,"ns":7219166}
PERF {"pid":83446,"phase":"git:rev-parse","start_ns":1789219455827246000,"ns":6191333}
PERF {"pid":83446,"phase":"git:rev-parse","start_ns":1789219455833507000,"ns":7024166}
PERF {"pid":83446,"phase":"git:rev-parse","start_ns":1789219455840574000,"ns":6482583}
PERF {"pid":83446,"phase":"git:rev-parse","start_ns":1789219455847154000,"ns":8156541}
PERF {"pid":83446,"phase":"git:rev-parse","start_ns":1789219455855373000,"ns":7809250}
PERF {"pid":83446,"phase":"git:rev-parse","start_ns":1789219455863325000,"ns":8062250}
PERF {"pid":83446,"phase":"git:rev-parse","start_ns":1789219455871511000,"ns":8623917}
PERF {"pid":83446,"phase":"git:rev-parse","start_ns":1789219455880172000,"ns":7031333}
PERF {"pid":83446,"phase":"git:rev-parse","start_ns":1789219455887248000,"ns":5483083}
PERF {"pid":83446,"phase":"git:rev-parse","start_ns":1789219455892768000,"ns":6961833}
PERF {"pid":83446,"phase":"git:rev-parse","start_ns":1789219455899767000,"ns":5950125}
PERF {"pid":83446,"phase":"git:rev-parse","start_ns":1789219455905752000,"ns":7283084}
PERF {"pid":83446,"phase":"git:rev-parse","start_ns":1789219455913084000,"ns":7161375}
PERF {"pid":83446,"phase":"git:rev-parse","start_ns":1789219455920291000,"ns":7112250}
PERF {"pid":83446,"phase":"git:rev-parse","start_ns":1789219455927443000,"ns":8604709}
PERF {"pid":83446,"phase":"git:rev-parse","start_ns":1789219455936091000,"ns":7930791}
PERF {"pid":83446,"phase":"git:rev-parse","start_ns":1789219455944062000,"ns":7143583}
PERF {"pid":83446,"phase":"git:rev-parse","start_ns":1789219455951253000,"ns":7855333}
PERF {"pid":83446,"phase":"git:rev-parse","start_ns":1789219455959156000,"ns":7381917}
PERF {"pid":83446,"phase":"git:rev-parse","start_ns":1789219455966584000,"ns":5335750}
PERF {"pid":83446,"phase":"git:rev-parse","start_ns":1789219455971974000,"ns":8197125}
PERF {"pid":83446,"phase":"git:rev-parse","start_ns":1789219455980213000,"ns":7307250}
PERF {"pid":83446,"phase":"git:rev-parse","start_ns":1789219455987576000,"ns":7341292}
PERF {"pid":83446,"phase":"git:rev-parse","start_ns":1789219455994965000,"ns":7676958}
PERF {"pid":83446,"phase":"git:rev-parse","start_ns":1789219456002681000,"ns":7281625}
PERF {"pid":83446,"phase":"git:rev-parse","start_ns":1789219456009996000,"ns":7477000}
PERF {"pid":83446,"phase":"git:rev-parse","start_ns":1789219456017563000,"ns":6496584}
PERF {"pid":83446,"phase":"git:rev-parse","start_ns":1789219456024104000,"ns":6703416}
PERF {"pid":83446,"phase":"git:rev-parse","start_ns":1789219456030863000,"ns":7101542}
PERF {"pid":83446,"phase":"git:rev-parse","start_ns":1789219456038029000,"ns":7203375}
PERF {"pid":83446,"phase":"git:rev-parse","start_ns":1789219456045275000,"ns":6534375}
PERF {"pid":83446,"phase":"git:rev-parse","start_ns":1789219456051858000,"ns":7408833}
PERF {"pid":83446,"phase":"git:rev-parse","start_ns":1789219456059330000,"ns":7049458}
PERF {"pid":83446,"phase":"git:rev-parse","start_ns":1789219456066581000,"ns":7237500}
PERF {"pid":83446,"phase":"git:rev-parse","start_ns":1789219456073884000,"ns":6881917}
PERF {"pid":83446,"phase":"git:rev-parse","start_ns":1789219456080818000,"ns":7329125}
PERF {"pid":83446,"phase":"git:rev-parse","start_ns":1789219456088211000,"ns":8176084}
PERF {"pid":83446,"phase":"git:rev-parse","start_ns":1789219456096436000,"ns":7621375}
PERF {"pid":83446,"phase":"git:rev-parse","start_ns":1789219456104112000,"ns":7188916}
PERF {"pid":83446,"phase":"git:rev-parse","start_ns":1789219456111367000,"ns":7165333}
PERF {"pid":83446,"phase":"git:rev-parse","start_ns":1789219456118575000,"ns":7539208}
PERF {"pid":83446,"phase":"git:rev-parse","start_ns":1789219456126164000,"ns":7559834}
PERF {"pid":83446,"phase":"git:rev-parse","start_ns":1789219456133772000,"ns":6486958}
PERF {"pid":83446,"phase":"git:rev-parse","start_ns":1789219456140299000,"ns":6992375}
PERF {"pid":83446,"phase":"git:rev-parse","start_ns":1789219456147332000,"ns":7308375}
PERF {"pid":83446,"phase":"git:rev-parse","start_ns":1789219456154735000,"ns":7287875}
PERF {"pid":83446,"phase":"git:rev-parse","start_ns":1789219456162099000,"ns":6200917}
PERF {"pid":83446,"phase":"git:rev-parse","start_ns":1789219456168365000,"ns":6941417}
PERF {"pid":83446,"phase":"git:rev-parse","start_ns":1789219456175379000,"ns":6928708}
PERF {"pid":83446,"phase":"git:rev-parse","start_ns":1789219456182347000,"ns":6768583}
PERF {"pid":83446,"phase":"git:rev-parse","start_ns":1789219456189200000,"ns":6113042}
PERF {"pid":83446,"phase":"git:rev-parse","start_ns":1789219456195361000,"ns":6588667}
PERF {"pid":83446,"phase":"git:rev-parse","start_ns":1789219456201997000,"ns":5598875}
PERF {"pid":83446,"phase":"git:rev-parse","start_ns":1789219456207639000,"ns":8001584}
PERF {"pid":83446,"phase":"git:rev-parse","start_ns":1789219456215699000,"ns":6430375}
PERF {"pid":83446,"phase":"git:rev-parse","start_ns":1789219456222170000,"ns":6151375}
PERF {"pid":83446,"phase":"git:rev-parse","start_ns":1789219456228363000,"ns":6829625}
PERF {"pid":83446,"phase":"git:rev-parse","start_ns":1789219456235233000,"ns":6826750}
PERF {"pid":83446,"phase":"git:rev-parse","start_ns":1789219456242098000,"ns":8198750}
PERF {"pid":83446,"phase":"git:rev-parse","start_ns":1789219456250366000,"ns":7477958}
PERF {"pid":83446,"phase":"git:rev-parse","start_ns":1789219456257882000,"ns":6661750}
PERF {"pid":83446,"phase":"git:rev-parse","start_ns":1789219456264592000,"ns":6325166}
PERF {"pid":83446,"phase":"git:rev-parse","start_ns":1789219456270971000,"ns":7349166}
PERF {"pid":83446,"phase":"git:rev-parse","start_ns":1789219456278360000,"ns":6337458}
PERF {"pid":83446,"phase":"git:rev-parse","start_ns":1789219456284745000,"ns":7733375}
PERF {"pid":83446,"phase":"git:rev-parse","start_ns":1789219456292519000,"ns":8186958}
PERF {"pid":83446,"phase":"git:rev-parse","start_ns":1789219456300779000,"ns":7277917}
PERF {"pid":83446,"phase":"git:rev-parse","start_ns":1789219456308106000,"ns":7334375}
PERF {"pid":83446,"phase":"git:rev-parse","start_ns":1789219456315552000,"ns":6408125}
PERF {"pid":83446,"phase":"git:rev-parse","start_ns":1789219456322046000,"ns":7449917}
PERF {"pid":83446,"phase":"git:rev-parse","start_ns":1789219456329541000,"ns":6630833}
PERF {"pid":83446,"phase":"git:rev-parse","start_ns":1789219456336239000,"ns":7825500}
PERF {"pid":83446,"phase":"git:rev-parse","start_ns":1789219456344186000,"ns":7076833}
PERF {"pid":83446,"phase":"git:rev-parse","start_ns":1789219456351309000,"ns":6981958}
PERF {"pid":83446,"phase":"git:rev-parse","start_ns":1789219456358325000,"ns":7351416}
PERF {"pid":83446,"phase":"git:rev-parse","start_ns":1789219456365716000,"ns":6998667}
PERF {"pid":83446,"phase":"git:rev-parse","start_ns":1789219456372769000,"ns":7055958}
PERF {"pid":83446,"phase":"git:rev-parse","start_ns":1789219456379916000,"ns":7847333}
PERF {"pid":83446,"phase":"git:rev-parse","start_ns":1789219456387799000,"ns":7191917}
PERF {"pid":83446,"phase":"git:rev-parse","start_ns":1789219456395041000,"ns":7701292}
PERF {"pid":83446,"phase":"git:for-each-ref","start_ns":1789219456402789000,"ns":11084083}
PERF {"pid":83446,"phase":"pins","start_ns":1789219455654308000,"ns":759766333}
PERF {"pid":83446,"phase":"git:hash-object","start_ns":1789219456414095000,"ns":16376417}
PERF {"pid":83446,"phase":"git:mktree","start_ns":1789219456430530000,"ns":7741041}
PERF {"pid":83446,"phase":"git:commit-tree","start_ns":1789219456438309000,"ns":12180500}
PERF {"pid":83446,"phase":"git:update-ref","start_ns":1789219456450736000,"ns":42273625}
PERF {"pid":83446,"phase":"lock-held","start_ns":1789219455620779000,"ns":872264708}
PERF {"pid":83446,"phase":"lock-wait","start_ns":1789219456493328000,"ns":58250}
PERF {"pid":83446,"phase":"git:for-each-ref","start_ns":1789219456493395000,"ns":7085416}
PERF {"pid":83446,"phase":"git:cat-file","start_ns":1789219456500549000,"ns":6827750}
PERF {"pid":83446,"phase":"git:ls-tree","start_ns":1789219456507517000,"ns":6976250}
PERF {"pid":83446,"phase":"git:cat-file","start_ns":1789219456514558000,"ns":7819459}
PERF {"pid":83446,"phase":"read","start_ns":1789219456493394000,"ns":31091167}
PERF {"pid":83446,"phase":"encode-before","start_ns":1789219456524533000,"ns":1205083}
PERF {"pid":83446,"phase":"encode-after","start_ns":1789219456525760000,"ns":690625}
PERF {"pid":83446,"phase":"git:cat-file","start_ns":1789219456526626000,"ns":6997333}
PERF {"pid":83446,"phase":"git:rev-parse","start_ns":1789219456533759000,"ns":7126709}
PERF {"pid":83446,"phase":"git:rev-parse","start_ns":1789219456540966000,"ns":7000542}
PERF {"pid":83446,"phase":"git:rev-parse","start_ns":1789219456548064000,"ns":6934125}
PERF {"pid":83446,"phase":"git:rev-parse","start_ns":1789219456555038000,"ns":7548625}
PERF {"pid":83446,"phase":"git:rev-parse","start_ns":1789219456562675000,"ns":7881208}
PERF {"pid":83446,"phase":"git:rev-parse","start_ns":1789219456570602000,"ns":7183125}
PERF {"pid":83446,"phase":"git:rev-parse","start_ns":1789219456577838000,"ns":7635375}
PERF {"pid":83446,"phase":"git:rev-parse","start_ns":1789219456585519000,"ns":6629334}
PERF {"pid":83446,"phase":"git:rev-parse","start_ns":1789219456592209000,"ns":7139709}
PERF {"pid":83446,"phase":"git:rev-parse","start_ns":1789219456599454000,"ns":6762875}
PERF {"pid":83446,"phase":"git:rev-parse","start_ns":1789219456606256000,"ns":6775125}
PERF {"pid":83446,"phase":"git:rev-parse","start_ns":1789219456613071000,"ns":7158209}
PERF {"pid":83446,"phase":"git:rev-parse","start_ns":1789219456620270000,"ns":7099834}
PERF {"pid":83446,"phase":"git:rev-parse","start_ns":1789219456627413000,"ns":7414917}
PERF {"pid":83446,"phase":"git:rev-parse","start_ns":1789219456634903000,"ns":6214875}
PERF {"pid":83446,"phase":"git:rev-parse","start_ns":1789219456641183000,"ns":6398125}
PERF {"pid":83446,"phase":"git:rev-parse","start_ns":1789219456647618000,"ns":6895542}
PERF {"pid":83446,"phase":"git:rev-parse","start_ns":1789219456654559000,"ns":7483084}
PERF {"pid":83446,"phase":"git:rev-parse","start_ns":1789219456662088000,"ns":7393834}
PERF {"pid":83446,"phase":"git:rev-parse","start_ns":1789219456669523000,"ns":6943125}
PERF {"pid":83446,"phase":"git:rev-parse","start_ns":1789219456676515000,"ns":7485042}
PERF {"pid":83446,"phase":"git:rev-parse","start_ns":1789219456684050000,"ns":7139000}
PERF {"pid":83446,"phase":"git:rev-parse","start_ns":1789219456691287000,"ns":6861084}
PERF {"pid":83446,"phase":"git:rev-parse","start_ns":1789219456698213000,"ns":7431084}
PERF {"pid":83446,"phase":"git:rev-parse","start_ns":1789219456705683000,"ns":7312833}
PERF {"pid":83446,"phase":"git:rev-parse","start_ns":1789219456713033000,"ns":7459583}
PERF {"pid":83446,"phase":"git:rev-parse","start_ns":1789219456720529000,"ns":8154125}
PERF {"pid":83446,"phase":"git:rev-parse","start_ns":1789219456728720000,"ns":7811042}
PERF {"pid":83446,"phase":"git:rev-parse","start_ns":1789219456736565000,"ns":7220417}
PERF {"pid":83446,"phase":"git:rev-parse","start_ns":1789219456743837000,"ns":7875208}
PERF {"pid":83446,"phase":"git:rev-parse","start_ns":1789219456751775000,"ns":7752166}
PERF {"pid":83446,"phase":"git:rev-parse","start_ns":1789219456759621000,"ns":9133166}
PERF {"pid":83446,"phase":"git:rev-parse","start_ns":1789219456768820000,"ns":9807583}
PERF {"pid":83446,"phase":"git:rev-parse","start_ns":1789219456778699000,"ns":9251167}
PERF {"pid":83446,"phase":"git:rev-parse","start_ns":1789219456787996000,"ns":8310667}
PERF {"pid":83446,"phase":"git:rev-parse","start_ns":1789219456796362000,"ns":8776000}
PERF {"pid":83446,"phase":"git:rev-parse","start_ns":1789219456805228000,"ns":9203000}
PERF {"pid":83446,"phase":"git:rev-parse","start_ns":1789219456814515000,"ns":9803208}
PERF {"pid":83446,"phase":"git:rev-parse","start_ns":1789219456824380000,"ns":8133750}
PERF {"pid":83446,"phase":"git:rev-parse","start_ns":1789219456832575000,"ns":7085000}
PERF {"pid":83446,"phase":"git:rev-parse","start_ns":1789219456839711000,"ns":7276791}
PERF {"pid":83446,"phase":"git:rev-parse","start_ns":1789219456847041000,"ns":7391959}
PERF {"pid":83446,"phase":"git:rev-parse","start_ns":1789219456854469000,"ns":7512000}
PERF {"pid":83446,"phase":"git:rev-parse","start_ns":1789219456862050000,"ns":8242292}
PERF {"pid":83446,"phase":"git:rev-parse","start_ns":1789219456870369000,"ns":8746667}
PERF {"pid":83446,"phase":"git:rev-parse","start_ns":1789219456879190000,"ns":8675917}
PERF {"pid":83446,"phase":"git:rev-parse","start_ns":1789219456887909000,"ns":8901584}
PERF {"pid":83446,"phase":"git:rev-parse","start_ns":1789219456896857000,"ns":8038750}
PERF {"pid":83446,"phase":"git:rev-parse","start_ns":1789219456904959000,"ns":7702459}
PERF {"pid":83446,"phase":"git:rev-parse","start_ns":1789219456912714000,"ns":8052125}
PERF {"pid":83446,"phase":"git:rev-parse","start_ns":1789219456920842000,"ns":8158875}
PERF {"pid":83446,"phase":"git:rev-parse","start_ns":1789219456929042000,"ns":7751459}
PERF {"pid":83446,"phase":"git:rev-parse","start_ns":1789219456936834000,"ns":7991458}
PERF {"pid":83446,"phase":"git:rev-parse","start_ns":1789219456944875000,"ns":6166375}
PERF {"pid":83446,"phase":"git:rev-parse","start_ns":1789219456951114000,"ns":7112333}
PERF {"pid":83446,"phase":"git:rev-parse","start_ns":1789219456958271000,"ns":7517125}
PERF {"pid":83446,"phase":"git:rev-parse","start_ns":1789219456965835000,"ns":7550833}
PERF {"pid":83446,"phase":"git:rev-parse","start_ns":1789219456973431000,"ns":7948458}
PERF {"pid":83446,"phase":"git:rev-parse","start_ns":1789219456981416000,"ns":6908750}
PERF {"pid":83446,"phase":"git:rev-parse","start_ns":1789219456988389000,"ns":6784333}
PERF {"pid":83446,"phase":"git:rev-parse","start_ns":1789219456995243000,"ns":6675042}
PERF {"pid":83446,"phase":"git:rev-parse","start_ns":1789219457001952000,"ns":7215959}
PERF {"pid":83446,"phase":"git:rev-parse","start_ns":1789219457009228000,"ns":7471042}
PERF {"pid":83446,"phase":"git:rev-parse","start_ns":1789219457016732000,"ns":7800292}
PERF {"pid":83446,"phase":"git:rev-parse","start_ns":1789219457024620000,"ns":7553708}
PERF {"pid":83446,"phase":"git:rev-parse","start_ns":1789219457032239000,"ns":7706959}
PERF {"pid":83446,"phase":"git:rev-parse","start_ns":1789219457040003000,"ns":9017875}
PERF {"pid":83446,"phase":"git:rev-parse","start_ns":1789219457049062000,"ns":7260875}
PERF {"pid":83446,"phase":"git:rev-parse","start_ns":1789219457056361000,"ns":7606333}
PERF {"pid":83446,"phase":"git:rev-parse","start_ns":1789219457064013000,"ns":7257500}
PERF {"pid":83446,"phase":"git:rev-parse","start_ns":1789219457071398000,"ns":6453666}
PERF {"pid":83446,"phase":"git:rev-parse","start_ns":1789219457077907000,"ns":7198916}
PERF {"pid":83446,"phase":"git:rev-parse","start_ns":1789219457085154000,"ns":7197458}
PERF {"pid":83446,"phase":"git:rev-parse","start_ns":1789219457092392000,"ns":7543750}
PERF {"pid":83446,"phase":"git:rev-parse","start_ns":1789219457099985000,"ns":7547042}
PERF {"pid":83446,"phase":"git:rev-parse","start_ns":1789219457107566000,"ns":7032375}
PERF {"pid":83446,"phase":"git:rev-parse","start_ns":1789219457114669000,"ns":6943250}
PERF {"pid":83446,"phase":"git:rev-parse","start_ns":1789219457121666000,"ns":6885375}
PERF {"pid":83446,"phase":"git:rev-parse","start_ns":1789219457128651000,"ns":6876625}
PERF {"pid":83446,"phase":"git:rev-parse","start_ns":1789219457135568000,"ns":6736458}
PERF {"pid":83446,"phase":"git:rev-parse","start_ns":1789219457142346000,"ns":7387208}
PERF {"pid":83446,"phase":"git:rev-parse","start_ns":1789219457149789000,"ns":6343208}
PERF {"pid":83446,"phase":"git:rev-parse","start_ns":1789219457156172000,"ns":5868750}
PERF {"pid":83446,"phase":"git:rev-parse","start_ns":1789219457162074000,"ns":6631000}
PERF {"pid":83446,"phase":"git:rev-parse","start_ns":1789219457168737000,"ns":6948833}
PERF {"pid":83446,"phase":"git:rev-parse","start_ns":1789219457175758000,"ns":6670750}
PERF {"pid":83446,"phase":"git:rev-parse","start_ns":1789219457182469000,"ns":7196666}
PERF {"pid":83446,"phase":"git:rev-parse","start_ns":1789219457189706000,"ns":7350833}
PERF {"pid":83446,"phase":"git:rev-parse","start_ns":1789219457197108000,"ns":7385292}
PERF {"pid":83446,"phase":"git:rev-parse","start_ns":1789219457204538000,"ns":7704792}
PERF {"pid":83446,"phase":"git:rev-parse","start_ns":1789219457212303000,"ns":7425500}
PERF {"pid":83446,"phase":"git:rev-parse","start_ns":1789219457219765000,"ns":7345125}
PERF {"pid":83446,"phase":"git:rev-parse","start_ns":1789219457227168000,"ns":6855958}
PERF {"pid":83446,"phase":"git:rev-parse","start_ns":1789219457234066000,"ns":7497375}
PERF {"pid":83446,"phase":"git:rev-parse","start_ns":1789219457241622000,"ns":9044792}
PERF {"pid":83446,"phase":"git:rev-parse","start_ns":1789219457250722000,"ns":6742416}
PERF {"pid":83446,"phase":"git:rev-parse","start_ns":1789219457257533000,"ns":7827917}
PERF {"pid":83446,"phase":"git:rev-parse","start_ns":1789219457265433000,"ns":6882458}
PERF {"pid":83446,"phase":"git:rev-parse","start_ns":1789219457272360000,"ns":7182792}
PERF {"pid":83446,"phase":"git:rev-parse","start_ns":1789219457279590000,"ns":7467625}
PERF {"pid":83446,"phase":"git:for-each-ref","start_ns":1789219457287121000,"ns":10648417}
PERF {"pid":83446,"phase":"pins","start_ns":1789219456526477000,"ns":771721541}
PERF {"pid":83446,"phase":"git:hash-object","start_ns":1789219457298231000,"ns":13712208}
PERF {"pid":83446,"phase":"git:mktree","start_ns":1789219457312001000,"ns":8300542}
PERF {"pid":83446,"phase":"git:commit-tree","start_ns":1789219457320342000,"ns":11700500}
PERF {"pid":83446,"phase":"git:update-ref","start_ns":1789219457332277000,"ns":39605542}
PERF {"pid":83446,"phase":"lock-held","start_ns":1789219456493394000,"ns":878692292}
PERF {"pid":83446,"phase":"lock-wait","start_ns":1789219457372428000,"ns":58083}
PERF {"pid":83446,"phase":"git:for-each-ref","start_ns":1789219457372496000,"ns":7117208}
PERF {"pid":83446,"phase":"git:cat-file","start_ns":1789219457379699000,"ns":7353000}
PERF {"pid":83446,"phase":"git:ls-tree","start_ns":1789219457387131000,"ns":7180334}
PERF {"pid":83446,"phase":"git:cat-file","start_ns":1789219457394364000,"ns":7526667}
PERF {"pid":83446,"phase":"read","start_ns":1789219457372495000,"ns":31677792}
PERF {"pid":83446,"phase":"encode-before","start_ns":1789219457404205000,"ns":1320041}
PERF {"pid":83446,"phase":"encode-after","start_ns":1789219457405617000,"ns":559958}
PERF {"pid":83446,"phase":"git:cat-file","start_ns":1789219457406351000,"ns":7146459}
PERF {"pid":83446,"phase":"git:rev-parse","start_ns":1789219457413588000,"ns":7058208}
PERF {"pid":83446,"phase":"git:rev-parse","start_ns":1789219457420715000,"ns":6376292}
PERF {"pid":83446,"phase":"git:rev-parse","start_ns":1789219457427124000,"ns":6988542}
PERF {"pid":83446,"phase":"git:rev-parse","start_ns":1789219457434156000,"ns":7242875}
PERF {"pid":83446,"phase":"git:rev-parse","start_ns":1789219457441446000,"ns":7274500}
PERF {"pid":83446,"phase":"git:rev-parse","start_ns":1789219457448776000,"ns":7443375}
PERF {"pid":83446,"phase":"git:rev-parse","start_ns":1789219457456266000,"ns":7141625}
PERF {"pid":83446,"phase":"git:rev-parse","start_ns":1789219457463482000,"ns":6955667}
PERF {"pid":83446,"phase":"git:rev-parse","start_ns":1789219457470503000,"ns":7270292}
PERF {"pid":83446,"phase":"git:rev-parse","start_ns":1789219457477893000,"ns":6984708}
PERF {"pid":83446,"phase":"git:rev-parse","start_ns":1789219457484918000,"ns":7458042}
PERF {"pid":83446,"phase":"git:rev-parse","start_ns":1789219457492431000,"ns":7182667}
PERF {"pid":83446,"phase":"git:rev-parse","start_ns":1789219457499658000,"ns":7600750}
PERF {"pid":83446,"phase":"git:rev-parse","start_ns":1789219457507323000,"ns":6905083}
PERF {"pid":83446,"phase":"git:rev-parse","start_ns":1789219457514272000,"ns":7032084}
PERF {"pid":83446,"phase":"git:rev-parse","start_ns":1789219457521373000,"ns":7101084}
PERF {"pid":83446,"phase":"git:rev-parse","start_ns":1789219457528518000,"ns":6894416}
PERF {"pid":83446,"phase":"git:rev-parse","start_ns":1789219457535451000,"ns":7387208}
PERF {"pid":83446,"phase":"git:rev-parse","start_ns":1789219457542868000,"ns":7353708}
PERF {"pid":83446,"phase":"git:rev-parse","start_ns":1789219457550260000,"ns":6878125}
PERF {"pid":83446,"phase":"git:rev-parse","start_ns":1789219457557186000,"ns":7258167}
PERF {"pid":83446,"phase":"git:rev-parse","start_ns":1789219457564506000,"ns":7204708}
PERF {"pid":83446,"phase":"git:rev-parse","start_ns":1789219457571785000,"ns":6822750}
PERF {"pid":83446,"phase":"git:rev-parse","start_ns":1789219457578661000,"ns":6775875}
PERF {"pid":83446,"phase":"git:rev-parse","start_ns":1789219457585478000,"ns":7317000}
PERF {"pid":83446,"phase":"git:rev-parse","start_ns":1789219457592830000,"ns":7282250}
PERF {"pid":83446,"phase":"git:rev-parse","start_ns":1789219457600163000,"ns":7597375}
PERF {"pid":83446,"phase":"git:rev-parse","start_ns":1789219457607798000,"ns":7499750}
PERF {"pid":83446,"phase":"git:rev-parse","start_ns":1789219457615365000,"ns":7348042}
PERF {"pid":83446,"phase":"git:rev-parse","start_ns":1789219457622756000,"ns":7053208}
PERF {"pid":83446,"phase":"git:rev-parse","start_ns":1789219457629860000,"ns":6168666}
PERF {"pid":83446,"phase":"git:rev-parse","start_ns":1789219457636080000,"ns":6767625}
PERF {"pid":83446,"phase":"git:rev-parse","start_ns":1789219457642882000,"ns":7021542}
PERF {"pid":83446,"phase":"git:rev-parse","start_ns":1789219457649940000,"ns":7423125}
PERF {"pid":83446,"phase":"git:rev-parse","start_ns":1789219457657405000,"ns":7111125}
PERF {"pid":83446,"phase":"git:rev-parse","start_ns":1789219457664554000,"ns":6795083}
PERF {"pid":83446,"phase":"git:rev-parse","start_ns":1789219457671450000,"ns":7062083}
PERF {"pid":83446,"phase":"git:rev-parse","start_ns":1789219457678594000,"ns":6694625}
PERF {"pid":83446,"phase":"git:rev-parse","start_ns":1789219457685324000,"ns":7267917}
PERF {"pid":83446,"phase":"git:rev-parse","start_ns":1789219457692631000,"ns":7151875}
PERF {"pid":83446,"phase":"git:rev-parse","start_ns":1789219457699820000,"ns":6963458}
PERF {"pid":83446,"phase":"git:rev-parse","start_ns":1789219457706822000,"ns":6657667}
PERF {"pid":83446,"phase":"git:rev-parse","start_ns":1789219457713531000,"ns":6528417}
PERF {"pid":83446,"phase":"git:rev-parse","start_ns":1789219457720094000,"ns":6681292}
PERF {"pid":83446,"phase":"git:rev-parse","start_ns":1789219457726813000,"ns":7443292}
PERF {"pid":83446,"phase":"git:rev-parse","start_ns":1789219457734291000,"ns":7314333}
PERF {"pid":83446,"phase":"git:rev-parse","start_ns":1789219457741641000,"ns":6987667}
PERF {"pid":83446,"phase":"git:rev-parse","start_ns":1789219457748666000,"ns":7259291}
PERF {"pid":83446,"phase":"git:rev-parse","start_ns":1789219457755970000,"ns":7140542}
PERF {"pid":83446,"phase":"git:rev-parse","start_ns":1789219457763158000,"ns":6088000}
PERF {"pid":83446,"phase":"git:rev-parse","start_ns":1789219457769279000,"ns":7280167}
PERF {"pid":83446,"phase":"git:rev-parse","start_ns":1789219457776599000,"ns":7711792}
PERF {"pid":83446,"phase":"git:rev-parse","start_ns":1789219457784347000,"ns":7645958}
PERF {"pid":83446,"phase":"git:rev-parse","start_ns":1789219457792028000,"ns":7509625}
PERF {"pid":83446,"phase":"git:rev-parse","start_ns":1789219457799580000,"ns":7693709}
PERF {"pid":83446,"phase":"git:rev-parse","start_ns":1789219457807316000,"ns":8105916}
PERF {"pid":83446,"phase":"git:rev-parse","start_ns":1789219457815456000,"ns":8320708}
PERF {"pid":83446,"phase":"git:rev-parse","start_ns":1789219457823861000,"ns":7826125}
PERF {"pid":83446,"phase":"git:rev-parse","start_ns":1789219457831755000,"ns":7699334}
PERF {"pid":83446,"phase":"git:rev-parse","start_ns":1789219457839504000,"ns":7515167}
PERF {"pid":83446,"phase":"git:rev-parse","start_ns":1789219457847068000,"ns":7006500}
PERF {"pid":83446,"phase":"git:rev-parse","start_ns":1789219457854112000,"ns":7262125}
PERF {"pid":83446,"phase":"git:rev-parse","start_ns":1789219457861424000,"ns":6620375}
PERF {"pid":83446,"phase":"git:rev-parse","start_ns":1789219457868080000,"ns":7544916}
PERF {"pid":83446,"phase":"git:rev-parse","start_ns":1789219457875665000,"ns":7626458}
PERF {"pid":83446,"phase":"git:rev-parse","start_ns":1789219457883344000,"ns":7312166}
PERF {"pid":83446,"phase":"git:rev-parse","start_ns":1789219457890695000,"ns":7520375}
PERF {"pid":83446,"phase":"git:rev-parse","start_ns":1789219457898277000,"ns":7595542}
PERF {"pid":83446,"phase":"git:rev-parse","start_ns":1789219457905916000,"ns":8051750}
PERF {"pid":83446,"phase":"git:rev-parse","start_ns":1789219457914007000,"ns":7322375}
PERF {"pid":83446,"phase":"git:rev-parse","start_ns":1789219457921402000,"ns":7922333}
PERF {"pid":83446,"phase":"git:rev-parse","start_ns":1789219457929401000,"ns":7139250}
PERF {"pid":83446,"phase":"git:rev-parse","start_ns":1789219457936619000,"ns":6750542}
PERF {"pid":83446,"phase":"git:rev-parse","start_ns":1789219457943414000,"ns":7536708}
PERF {"pid":83446,"phase":"git:rev-parse","start_ns":1789219457950998000,"ns":7318375}
PERF {"pid":83446,"phase":"git:rev-parse","start_ns":1789219457958357000,"ns":7485666}
PERF {"pid":83446,"phase":"git:rev-parse","start_ns":1789219457965897000,"ns":8459833}
PERF {"pid":83446,"phase":"git:rev-parse","start_ns":1789219457974405000,"ns":8890833}
PERF {"pid":83446,"phase":"git:rev-parse","start_ns":1789219457983333000,"ns":10749458}
PERF {"pid":83446,"phase":"git:rev-parse","start_ns":1789219457994120000,"ns":11071291}
PERF {"pid":83446,"phase":"git:rev-parse","start_ns":1789219458005260000,"ns":6911500}
PERF {"pid":83446,"phase":"git:rev-parse","start_ns":1789219458012203000,"ns":6168792}
PERF {"pid":83446,"phase":"git:rev-parse","start_ns":1789219458018410000,"ns":8627417}
PERF {"pid":83446,"phase":"git:rev-parse","start_ns":1789219458027073000,"ns":8579167}
PERF {"pid":83446,"phase":"git:rev-parse","start_ns":1789219458035734000,"ns":8910709}
PERF {"pid":83446,"phase":"git:rev-parse","start_ns":1789219458044772000,"ns":11716125}
PERF {"pid":83446,"phase":"git:rev-parse","start_ns":1789219458056833000,"ns":9401458}
PERF {"pid":83446,"phase":"git:rev-parse","start_ns":1789219458066283000,"ns":9081958}
PERF {"pid":83446,"phase":"git:rev-parse","start_ns":1789219458075427000,"ns":7911875}
PERF {"pid":83446,"phase":"git:rev-parse","start_ns":1789219458083376000,"ns":8446333}
PERF {"pid":83446,"phase":"git:rev-parse","start_ns":1789219458091924000,"ns":8870792}
PERF {"pid":83446,"phase":"git:rev-parse","start_ns":1789219458100833000,"ns":8146791}
PERF {"pid":83446,"phase":"git:rev-parse","start_ns":1789219458109022000,"ns":7329750}
PERF {"pid":83446,"phase":"git:rev-parse","start_ns":1789219458116385000,"ns":7945750}
PERF {"pid":83446,"phase":"git:rev-parse","start_ns":1789219458124400000,"ns":7498417}
PERF {"pid":83446,"phase":"git:rev-parse","start_ns":1789219458131932000,"ns":7434916}
PERF {"pid":83446,"phase":"git:rev-parse","start_ns":1789219458139396000,"ns":6895208}
PERF {"pid":83446,"phase":"git:rev-parse","start_ns":1789219458146332000,"ns":6364084}
PERF {"pid":83446,"phase":"git:rev-parse","start_ns":1789219458152864000,"ns":7481583}
PERF {"pid":83446,"phase":"git:rev-parse","start_ns":1789219458160383000,"ns":6789625}
PERF {"pid":83446,"phase":"git:for-each-ref","start_ns":1789219458167216000,"ns":10137542}
PERF {"pid":83446,"phase":"pins","start_ns":1789219457406205000,"ns":771358625}
PERF {"pid":83446,"phase":"git:hash-object","start_ns":1789219458177599000,"ns":15392333}
PERF {"pid":83446,"phase":"git:mktree","start_ns":1789219458193035000,"ns":8105375}
PERF {"pid":83446,"phase":"git:commit-tree","start_ns":1789219458201205000,"ns":11147500}
PERF {"pid":83446,"phase":"git:update-ref","start_ns":1789219458212524000,"ns":42775042}
PERF {"pid":83446,"phase":"lock-held","start_ns":1789219457372495000,"ns":882825750}
PERF {"pid":83460,"phase":"lock-wait","start_ns":1789219453799751000,"ns":4475171625}
PERF {"pid":83460,"phase":"git:for-each-ref","start_ns":1789219458275054000,"ns":6882375}
PERF {"pid":83460,"phase":"git:cat-file","start_ns":1789219458281985000,"ns":7237250}
PERF {"pid":83460,"phase":"git:ls-tree","start_ns":1789219458289260000,"ns":6911125}
PERF {"pid":83460,"phase":"git:cat-file","start_ns":1789219458296286000,"ns":7106709}
PERF {"pid":83460,"phase":"read","start_ns":1789219458275053000,"ns":30712541}
PERF {"pid":83460,"phase":"encode-before","start_ns":1789219458305793000,"ns":1292792}
PERF {"pid":83460,"phase":"encode-after","start_ns":1789219458307118000,"ns":533125}
PERF {"pid":83460,"phase":"git:cat-file","start_ns":1789219458307797000,"ns":8148166}
PERF {"pid":83460,"phase":"git:rev-parse","start_ns":1789219458316000000,"ns":7383667}
PERF {"pid":83460,"phase":"git:rev-parse","start_ns":1789219458323420000,"ns":7255917}
PERF {"pid":83460,"phase":"git:rev-parse","start_ns":1789219458330709000,"ns":7498583}
PERF {"pid":83460,"phase":"git:rev-parse","start_ns":1789219458338240000,"ns":7390166}
PERF {"pid":83460,"phase":"git:rev-parse","start_ns":1789219458345678000,"ns":7093500}
PERF {"pid":83460,"phase":"git:rev-parse","start_ns":1789219458352821000,"ns":7445583}
PERF {"pid":83460,"phase":"git:rev-parse","start_ns":1789219458360301000,"ns":6673959}
PERF {"pid":83460,"phase":"git:rev-parse","start_ns":1789219458367028000,"ns":6450917}
PERF {"pid":83460,"phase":"git:rev-parse","start_ns":1789219458373510000,"ns":7744167}
PERF {"pid":83460,"phase":"git:rev-parse","start_ns":1789219458381338000,"ns":8035541}
PERF {"pid":83460,"phase":"git:rev-parse","start_ns":1789219458389401000,"ns":6769292}
PERF {"pid":83460,"phase":"git:rev-parse","start_ns":1789219458396314000,"ns":7225250}
PERF {"pid":83460,"phase":"git:rev-parse","start_ns":1789219458403573000,"ns":7340792}
PERF {"pid":83460,"phase":"git:rev-parse","start_ns":1789219458410951000,"ns":8289458}
PERF {"pid":83460,"phase":"git:rev-parse","start_ns":1789219458419287000,"ns":7412125}
PERF {"pid":83460,"phase":"git:rev-parse","start_ns":1789219458426728000,"ns":7359208}
PERF {"pid":83460,"phase":"git:rev-parse","start_ns":1789219458434119000,"ns":6850333}
PERF {"pid":83460,"phase":"git:rev-parse","start_ns":1789219458441020000,"ns":6594000}
PERF {"pid":83460,"phase":"git:rev-parse","start_ns":1789219458447670000,"ns":8222250}
PERF {"pid":83460,"phase":"git:rev-parse","start_ns":1789219458455928000,"ns":7824166}
PERF {"pid":83460,"phase":"git:rev-parse","start_ns":1789219458463807000,"ns":6739667}
PERF {"pid":83460,"phase":"git:rev-parse","start_ns":1789219458470636000,"ns":6555750}
PERF {"pid":83460,"phase":"git:rev-parse","start_ns":1789219458477232000,"ns":7069875}
PERF {"pid":83460,"phase":"git:rev-parse","start_ns":1789219458484335000,"ns":7199167}
PERF {"pid":83460,"phase":"git:rev-parse","start_ns":1789219458491567000,"ns":6864875}
PERF {"pid":83460,"phase":"git:rev-parse","start_ns":1789219458498473000,"ns":6634958}
PERF {"pid":83460,"phase":"git:rev-parse","start_ns":1789219458505160000,"ns":6412084}
PERF {"pid":83460,"phase":"git:rev-parse","start_ns":1789219458511619000,"ns":6883750}
PERF {"pid":83460,"phase":"git:rev-parse","start_ns":1789219458518534000,"ns":7153500}
PERF {"pid":83460,"phase":"git:rev-parse","start_ns":1789219458525722000,"ns":7500291}
PERF {"pid":83460,"phase":"git:rev-parse","start_ns":1789219458533348000,"ns":7239125}
PERF {"pid":83460,"phase":"git:rev-parse","start_ns":1789219458540621000,"ns":7154750}
PERF {"pid":83460,"phase":"git:rev-parse","start_ns":1789219458547811000,"ns":7252416}
PERF {"pid":83460,"phase":"git:rev-parse","start_ns":1789219458555106000,"ns":7139291}
PERF {"pid":83460,"phase":"git:rev-parse","start_ns":1789219458562293000,"ns":6704041}
PERF {"pid":83460,"phase":"git:rev-parse","start_ns":1789219458569053000,"ns":8003083}
PERF {"pid":83460,"phase":"git:rev-parse","start_ns":1789219458577100000,"ns":7568042}
PERF {"pid":83460,"phase":"git:rev-parse","start_ns":1789219458584723000,"ns":7495458}
PERF {"pid":83460,"phase":"git:rev-parse","start_ns":1789219458593557000,"ns":7958875}
PERF {"pid":83460,"phase":"git:rev-parse","start_ns":1789219458601560000,"ns":6751792}
PERF {"pid":83460,"phase":"git:rev-parse","start_ns":1789219458608341000,"ns":6702250}
PERF {"pid":83460,"phase":"git:rev-parse","start_ns":1789219458615079000,"ns":6969167}
PERF {"pid":83460,"phase":"git:rev-parse","start_ns":1789219458622083000,"ns":6634042}
PERF {"pid":83460,"phase":"git:rev-parse","start_ns":1789219458628817000,"ns":7156167}
PERF {"pid":83460,"phase":"git:rev-parse","start_ns":1789219458636038000,"ns":7124167}
PERF {"pid":83460,"phase":"git:rev-parse","start_ns":1789219458643206000,"ns":7214750}
PERF {"pid":83460,"phase":"git:rev-parse","start_ns":1789219458650469000,"ns":6558666}
PERF {"pid":83460,"phase":"git:rev-parse","start_ns":1789219458657063000,"ns":6700625}
PERF {"pid":83460,"phase":"git:rev-parse","start_ns":1789219458663796000,"ns":7175250}
PERF {"pid":83460,"phase":"git:rev-parse","start_ns":1789219458671004000,"ns":7072625}
PERF {"pid":83460,"phase":"git:rev-parse","start_ns":1789219458678108000,"ns":6961791}
PERF {"pid":83460,"phase":"git:rev-parse","start_ns":1789219458685099000,"ns":6871000}
PERF {"pid":83460,"phase":"git:rev-parse","start_ns":1789219458692073000,"ns":7053250}
PERF {"pid":83460,"phase":"git:rev-parse","start_ns":1789219458699155000,"ns":6992083}
PERF {"pid":83460,"phase":"git:rev-parse","start_ns":1789219458706176000,"ns":6750291}
PERF {"pid":83460,"phase":"git:rev-parse","start_ns":1789219458712975000,"ns":6849541}
PERF {"pid":83460,"phase":"git:rev-parse","start_ns":1789219458719853000,"ns":7118709}
PERF {"pid":83460,"phase":"git:rev-parse","start_ns":1789219458727034000,"ns":6996333}
PERF {"pid":83460,"phase":"git:rev-parse","start_ns":1789219458734077000,"ns":7326167}
PERF {"pid":83460,"phase":"git:rev-parse","start_ns":1789219458741443000,"ns":6494417}
PERF {"pid":83460,"phase":"git:rev-parse","start_ns":1789219458747967000,"ns":7037500}
PERF {"pid":83460,"phase":"git:rev-parse","start_ns":1789219458755053000,"ns":7394167}
PERF {"pid":83460,"phase":"git:rev-parse","start_ns":1789219458762484000,"ns":7841042}
PERF {"pid":83460,"phase":"git:rev-parse","start_ns":1789219458770364000,"ns":6878375}
PERF {"pid":83460,"phase":"git:rev-parse","start_ns":1789219458777276000,"ns":6908542}
PERF {"pid":83460,"phase":"git:rev-parse","start_ns":1789219458784217000,"ns":7672333}
PERF {"pid":83460,"phase":"git:rev-parse","start_ns":1789219458791927000,"ns":7153042}
PERF {"pid":83453,"phase":"lock-wait","start_ns":1789219453799758000,"ns":5001063959}
PERF {"pid":83467,"phase":"lock-wait","start_ns":1789219453799763000,"ns":5001086000}
PERF {"pid":83460,"phase":"git:rev-parse","start_ns":1789219458799114000,"ns":7879459}
PERF {"pid":83460,"phase":"git:rev-parse","start_ns":1789219458807031000,"ns":7106625}
PERF {"pid":83460,"phase":"git:rev-parse","start_ns":1789219458814243000,"ns":7338041}
PERF {"pid":83460,"phase":"git:rev-parse","start_ns":1789219458821613000,"ns":7471417}
PERF {"pid":83460,"phase":"git:rev-parse","start_ns":1789219458829124000,"ns":7828875}
PERF {"pid":83460,"phase":"git:rev-parse","start_ns":1789219458836993000,"ns":7473375}
PERF {"pid":83460,"phase":"git:rev-parse","start_ns":1789219458844499000,"ns":8111875}
PERF {"pid":83460,"phase":"git:rev-parse","start_ns":1789219458852688000,"ns":7762500}
PERF {"pid":83460,"phase":"git:rev-parse","start_ns":1789219458860483000,"ns":7102250}
PERF {"pid":83460,"phase":"git:rev-parse","start_ns":1789219458867616000,"ns":6822334}
PERF {"pid":83460,"phase":"git:rev-parse","start_ns":1789219458874465000,"ns":6867334}
PERF {"pid":83460,"phase":"git:rev-parse","start_ns":1789219458881363000,"ns":6882625}
PERF {"pid":83460,"phase":"git:rev-parse","start_ns":1789219458888304000,"ns":7076167}
PERF {"pid":83460,"phase":"git:rev-parse","start_ns":1789219458895415000,"ns":6411375}
PERF {"pid":83460,"phase":"git:rev-parse","start_ns":1789219458901858000,"ns":7254917}
PERF {"pid":83460,"phase":"git:rev-parse","start_ns":1789219458909143000,"ns":7414041}
PERF {"pid":83460,"phase":"git:rev-parse","start_ns":1789219458916601000,"ns":7135083}
PERF {"pid":83460,"phase":"git:rev-parse","start_ns":1789219458923762000,"ns":7876875}
PERF {"pid":83460,"phase":"git:rev-parse","start_ns":1789219458931690000,"ns":8035834}
PERF {"pid":83460,"phase":"git:rev-parse","start_ns":1789219458939757000,"ns":6186209}
PERF {"pid":83460,"phase":"git:rev-parse","start_ns":1789219458946015000,"ns":7774042}
PERF {"pid":83460,"phase":"git:rev-parse","start_ns":1789219458953828000,"ns":8548584}
PERF {"pid":83460,"phase":"git:rev-parse","start_ns":1789219458962406000,"ns":6731459}
PERF {"pid":83460,"phase":"git:rev-parse","start_ns":1789219458969187000,"ns":6993708}
PERF {"pid":83460,"phase":"git:rev-parse","start_ns":1789219458976215000,"ns":6860792}
PERF {"pid":83460,"phase":"git:rev-parse","start_ns":1789219458983107000,"ns":6158625}
PERF {"pid":83460,"phase":"git:rev-parse","start_ns":1789219458989323000,"ns":7158334}
PERF {"pid":83460,"phase":"git:rev-parse","start_ns":1789219458996516000,"ns":7207250}
PERF {"pid":83460,"phase":"git:rev-parse","start_ns":1789219459003765000,"ns":7398791}
PERF {"pid":83460,"phase":"git:rev-parse","start_ns":1789219459011197000,"ns":7025250}
PERF {"pid":83460,"phase":"git:rev-parse","start_ns":1789219459018316000,"ns":7303583}
PERF {"pid":83460,"phase":"git:rev-parse","start_ns":1789219459025673000,"ns":7622292}
PERF {"pid":83460,"phase":"git:rev-parse","start_ns":1789219459033357000,"ns":6692750}
PERF {"pid":83460,"phase":"git:for-each-ref","start_ns":1789219459040095000,"ns":10205500}
PERF {"pid":83460,"phase":"pins","start_ns":1789219458307662000,"ns":742871583}
PERF {"pid":83460,"phase":"git:hash-object","start_ns":1789219459050562000,"ns":17448500}
PERF {"pid":83460,"phase":"git:mktree","start_ns":1789219459068535000,"ns":8710250}
PERF {"pid":83460,"phase":"git:commit-tree","start_ns":1789219459077294000,"ns":12501333}
PERF {"pid":83460,"phase":"git:update-ref","start_ns":1789219459090614000,"ns":43170000}
PERF {"pid":83460,"phase":"lock-held","start_ns":1789219458275053000,"ns":858750875}
PERF {"pid":83460,"phase":"lock-wait","start_ns":1789219459134058000,"ns":59417}
PERF {"pid":83460,"phase":"git:for-each-ref","start_ns":1789219459134126000,"ns":7829458}
PERF {"pid":83460,"phase":"git:cat-file","start_ns":1789219459142041000,"ns":8225667}
PERF {"pid":83460,"phase":"git:ls-tree","start_ns":1789219459150300000,"ns":7977666}
PERF {"pid":83460,"phase":"git:cat-file","start_ns":1789219459158314000,"ns":8088916}
PERF {"pid":83460,"phase":"read","start_ns":1789219459134124000,"ns":34279125}
PERF {"pid":83460,"phase":"encode-before","start_ns":1789219459168425000,"ns":999291}
PERF {"pid":83460,"phase":"encode-after","start_ns":1789219459169441000,"ns":493417}
PERF {"pid":83460,"phase":"git:cat-file","start_ns":1789219459170077000,"ns":7887375}
PERF {"pid":83460,"phase":"git:rev-parse","start_ns":1789219459178017000,"ns":6031708}
PERF {"pid":83460,"phase":"git:rev-parse","start_ns":1789219459184131000,"ns":7205166}
PERF {"pid":83460,"phase":"git:rev-parse","start_ns":1789219459191367000,"ns":7506792}
PERF {"pid":83460,"phase":"git:rev-parse","start_ns":1789219459198922000,"ns":7819834}
PERF {"pid":83460,"phase":"git:rev-parse","start_ns":1789219459206779000,"ns":7357750}
PERF {"pid":83460,"phase":"git:rev-parse","start_ns":1789219459214172000,"ns":7588000}
PERF {"pid":83460,"phase":"git:rev-parse","start_ns":1789219459221808000,"ns":7730500}
PERF {"pid":83460,"phase":"git:rev-parse","start_ns":1789219459229577000,"ns":6134250}
PERF {"pid":83460,"phase":"git:rev-parse","start_ns":1789219459235797000,"ns":7653291}
PERF {"pid":83460,"phase":"git:rev-parse","start_ns":1789219459243495000,"ns":7848708}
PERF {"pid":83460,"phase":"git:rev-parse","start_ns":1789219459251373000,"ns":6975292}
PERF {"pid":83460,"phase":"git:rev-parse","start_ns":1789219459258380000,"ns":6585916}
PERF {"pid":83460,"phase":"git:rev-parse","start_ns":1789219459265032000,"ns":6974375}
PERF {"pid":83460,"phase":"git:rev-parse","start_ns":1789219459272035000,"ns":7626708}
PERF {"pid":83460,"phase":"git:rev-parse","start_ns":1789219459279694000,"ns":7273333}
PERF {"pid":83460,"phase":"git:rev-parse","start_ns":1789219459287003000,"ns":6918417}
PERF {"pid":83460,"phase":"git:rev-parse","start_ns":1789219459293954000,"ns":7608583}
PERF {"pid":83460,"phase":"git:rev-parse","start_ns":1789219459301599000,"ns":6752250}
PERF {"pid":83460,"phase":"git:rev-parse","start_ns":1789219459308393000,"ns":6347792}
PERF {"pid":83460,"phase":"git:rev-parse","start_ns":1789219459314786000,"ns":7602792}
PERF {"pid":83460,"phase":"git:rev-parse","start_ns":1789219459322421000,"ns":7355542}
PERF {"pid":83460,"phase":"git:rev-parse","start_ns":1789219459329865000,"ns":7922583}
PERF {"pid":83460,"phase":"git:rev-parse","start_ns":1789219459337847000,"ns":7785458}
PERF {"pid":83460,"phase":"git:rev-parse","start_ns":1789219459345679000,"ns":7475583}
PERF {"pid":83460,"phase":"git:rev-parse","start_ns":1789219459353189000,"ns":7188250}
PERF {"pid":83460,"phase":"git:rev-parse","start_ns":1789219459360432000,"ns":8008500}
PERF {"pid":83460,"phase":"git:rev-parse","start_ns":1789219459368474000,"ns":6966958}
PERF {"pid":83460,"phase":"git:rev-parse","start_ns":1789219459375502000,"ns":6371083}
PERF {"pid":83460,"phase":"git:rev-parse","start_ns":1789219459381930000,"ns":6817666}
PERF {"pid":83460,"phase":"git:rev-parse","start_ns":1789219459388777000,"ns":7213542}
PERF {"pid":83460,"phase":"git:rev-parse","start_ns":1789219459396029000,"ns":7380959}
PERF {"pid":83460,"phase":"git:rev-parse","start_ns":1789219459403459000,"ns":7198084}
PERF {"pid":83460,"phase":"git:rev-parse","start_ns":1789219459410694000,"ns":6346042}
PERF {"pid":83460,"phase":"git:rev-parse","start_ns":1789219459417077000,"ns":8156333}
PERF {"pid":83460,"phase":"git:rev-parse","start_ns":1789219459425277000,"ns":6155542}
PERF {"pid":83460,"phase":"git:rev-parse","start_ns":1789219459431468000,"ns":7429666}
PERF {"pid":83460,"phase":"git:rev-parse","start_ns":1789219459438929000,"ns":7184542}
PERF {"pid":83460,"phase":"git:rev-parse","start_ns":1789219459446147000,"ns":7556541}
PERF {"pid":83460,"phase":"git:rev-parse","start_ns":1789219459453734000,"ns":7066125}
PERF {"pid":83460,"phase":"git:rev-parse","start_ns":1789219459460856000,"ns":7480625}
PERF {"pid":83460,"phase":"git:rev-parse","start_ns":1789219459468382000,"ns":6941000}
PERF {"pid":83460,"phase":"git:rev-parse","start_ns":1789219459475384000,"ns":7388834}
PERF {"pid":83460,"phase":"git:rev-parse","start_ns":1789219459482843000,"ns":6848542}
PERF {"pid":83460,"phase":"git:rev-parse","start_ns":1789219459489723000,"ns":7448583}
PERF {"pid":83460,"phase":"git:rev-parse","start_ns":1789219459497204000,"ns":6932709}
PERF {"pid":83460,"phase":"git:rev-parse","start_ns":1789219459504171000,"ns":7252125}
PERF {"pid":83460,"phase":"git:rev-parse","start_ns":1789219459511452000,"ns":7578917}
PERF {"pid":83460,"phase":"git:rev-parse","start_ns":1789219459519069000,"ns":7611542}
PERF {"pid":83460,"phase":"git:rev-parse","start_ns":1789219459526724000,"ns":6929333}
PERF {"pid":83460,"phase":"git:rev-parse","start_ns":1789219459533687000,"ns":6453083}
PERF {"pid":83460,"phase":"git:rev-parse","start_ns":1789219459540218000,"ns":7330416}
PERF {"pid":83460,"phase":"git:rev-parse","start_ns":1789219459547591000,"ns":7861667}
PERF {"pid":83460,"phase":"git:rev-parse","start_ns":1789219459555484000,"ns":7369792}
PERF {"pid":83460,"phase":"git:rev-parse","start_ns":1789219459562882000,"ns":7511500}
PERF {"pid":83460,"phase":"git:rev-parse","start_ns":1789219459570427000,"ns":6916834}
PERF {"pid":83460,"phase":"git:rev-parse","start_ns":1789219459577377000,"ns":6841083}
PERF {"pid":83460,"phase":"git:rev-parse","start_ns":1789219459584254000,"ns":7046666}
PERF {"pid":83460,"phase":"git:rev-parse","start_ns":1789219459591343000,"ns":6872792}
PERF {"pid":83460,"phase":"git:rev-parse","start_ns":1789219459598276000,"ns":6928583}
PERF {"pid":83460,"phase":"git:rev-parse","start_ns":1789219459605235000,"ns":7246166}
PERF {"pid":83460,"phase":"git:rev-parse","start_ns":1789219459612592000,"ns":7807958}
PERF {"pid":83460,"phase":"git:rev-parse","start_ns":1789219459620476000,"ns":7301042}
PERF {"pid":83460,"phase":"git:rev-parse","start_ns":1789219459627806000,"ns":7331875}
PERF {"pid":83460,"phase":"git:rev-parse","start_ns":1789219459635181000,"ns":7473125}
PERF {"pid":83460,"phase":"git:rev-parse","start_ns":1789219459642711000,"ns":6766458}
PERF {"pid":83460,"phase":"git:rev-parse","start_ns":1789219459649539000,"ns":7082708}
PERF {"pid":83460,"phase":"git:rev-parse","start_ns":1789219459656663000,"ns":6941209}
PERF {"pid":83460,"phase":"git:rev-parse","start_ns":1789219459663637000,"ns":7558791}
PERF {"pid":83460,"phase":"git:rev-parse","start_ns":1789219459671229000,"ns":7482375}
PERF {"pid":83460,"phase":"git:rev-parse","start_ns":1789219459678745000,"ns":7468083}
PERF {"pid":83460,"phase":"git:rev-parse","start_ns":1789219459686247000,"ns":7263833}
PERF {"pid":83460,"phase":"git:rev-parse","start_ns":1789219459693554000,"ns":7324875}
PERF {"pid":83460,"phase":"git:rev-parse","start_ns":1789219459701248000,"ns":6869167}
PERF {"pid":83460,"phase":"git:rev-parse","start_ns":1789219459708173000,"ns":6821292}
PERF {"pid":83460,"phase":"git:rev-parse","start_ns":1789219459715061000,"ns":7233417}
PERF {"pid":83460,"phase":"git:rev-parse","start_ns":1789219459722339000,"ns":7250708}
PERF {"pid":83460,"phase":"git:rev-parse","start_ns":1789219459729631000,"ns":7598167}
PERF {"pid":83460,"phase":"git:rev-parse","start_ns":1789219459737267000,"ns":7811542}
PERF {"pid":83460,"phase":"git:rev-parse","start_ns":1789219459745110000,"ns":7351042}
PERF {"pid":83460,"phase":"git:rev-parse","start_ns":1789219459752493000,"ns":7507167}
PERF {"pid":83460,"phase":"git:rev-parse","start_ns":1789219459760054000,"ns":6820834}
PERF {"pid":83460,"phase":"git:rev-parse","start_ns":1789219459766908000,"ns":6307250}
PERF {"pid":83460,"phase":"git:rev-parse","start_ns":1789219459773247000,"ns":7020584}
PERF {"pid":83460,"phase":"git:rev-parse","start_ns":1789219459780348000,"ns":7820958}
PERF {"pid":83460,"phase":"git:rev-parse","start_ns":1789219459788202000,"ns":7691958}
PERF {"pid":83460,"phase":"git:rev-parse","start_ns":1789219459795932000,"ns":7104875}
PERF {"pid":83460,"phase":"git:rev-parse","start_ns":1789219459803067000,"ns":9949084}
PERF {"pid":83460,"phase":"git:rev-parse","start_ns":1789219459813081000,"ns":7625542}
PERF {"pid":83460,"phase":"git:rev-parse","start_ns":1789219459820757000,"ns":9118958}
PERF {"pid":83460,"phase":"git:rev-parse","start_ns":1789219459829953000,"ns":8010250}
PERF {"pid":83460,"phase":"git:rev-parse","start_ns":1789219459838024000,"ns":7130958}
PERF {"pid":83460,"phase":"git:rev-parse","start_ns":1789219459845202000,"ns":8232875}
PERF {"pid":83460,"phase":"git:rev-parse","start_ns":1789219459853479000,"ns":6890500}
PERF {"pid":83460,"phase":"git:rev-parse","start_ns":1789219459860418000,"ns":7073875}
PERF {"pid":83460,"phase":"git:rev-parse","start_ns":1789219459867526000,"ns":7719208}
PERF {"pid":83460,"phase":"git:rev-parse","start_ns":1789219459875279000,"ns":7394833}
PERF {"pid":83460,"phase":"git:rev-parse","start_ns":1789219459882739000,"ns":7618708}
PERF {"pid":83460,"phase":"git:rev-parse","start_ns":1789219459890387000,"ns":7527416}
PERF {"pid":83460,"phase":"git:rev-parse","start_ns":1789219459897957000,"ns":6785875}
PERF {"pid":83460,"phase":"git:rev-parse","start_ns":1789219459904804000,"ns":7758541}
PERF {"pid":83460,"phase":"git:for-each-ref","start_ns":1789219459912608000,"ns":10983458}
PERF {"pid":83460,"phase":"pins","start_ns":1789219459169941000,"ns":753817167}
PERF {"pid":83460,"phase":"git:hash-object","start_ns":1789219459923780000,"ns":15016791}
PERF {"pid":83460,"phase":"git:mktree","start_ns":1789219459938921000,"ns":9931125}
PERF {"pid":83460,"phase":"git:commit-tree","start_ns":1789219459948920000,"ns":13883292}
PERF {"pid":83460,"phase":"git:update-ref","start_ns":1789219459963016000,"ns":39759791}
PERF {"pid":83460,"phase":"lock-held","start_ns":1789219459134124000,"ns":868703875}
PERF {"pid":83460,"phase":"lock-wait","start_ns":1789219460003021000,"ns":105375}
PERF {"pid":83460,"phase":"git:for-each-ref","start_ns":1789219460003186000,"ns":6907458}
PERF {"pid":83460,"phase":"git:cat-file","start_ns":1789219460010153000,"ns":7325416}
PERF {"pid":83460,"phase":"git:ls-tree","start_ns":1789219460017527000,"ns":7061000}
PERF {"pid":83460,"phase":"git:cat-file","start_ns":1789219460024648000,"ns":8606000}
PERF {"pid":83460,"phase":"read","start_ns":1789219460003184000,"ns":32032208}
PERF {"pid":83460,"phase":"encode-before","start_ns":1789219460035262000,"ns":1234792}
PERF {"pid":83460,"phase":"encode-after","start_ns":1789219460036528000,"ns":890125}
PERF {"pid":83460,"phase":"git:cat-file","start_ns":1789219460037588000,"ns":6368542}
PERF {"pid":83460,"phase":"git:rev-parse","start_ns":1789219460044041000,"ns":8224584}
PERF {"pid":83460,"phase":"git:rev-parse","start_ns":1789219460052301000,"ns":7340042}
PERF {"pid":83460,"phase":"git:rev-parse","start_ns":1789219460059677000,"ns":7447250}
PERF {"pid":83460,"phase":"git:rev-parse","start_ns":1789219460067189000,"ns":7708666}
PERF {"pid":83460,"phase":"git:rev-parse","start_ns":1789219460074933000,"ns":7028583}
PERF {"pid":83460,"phase":"git:rev-parse","start_ns":1789219460082003000,"ns":7504459}
PERF {"pid":83460,"phase":"git:rev-parse","start_ns":1789219460089542000,"ns":6238209}
PERF {"pid":83460,"phase":"git:rev-parse","start_ns":1789219460095844000,"ns":6761708}
PERF {"pid":83460,"phase":"git:rev-parse","start_ns":1789219460102659000,"ns":7526708}
PERF {"pid":83460,"phase":"git:rev-parse","start_ns":1789219460110218000,"ns":7222917}
PERF {"pid":83460,"phase":"git:rev-parse","start_ns":1789219460117500000,"ns":7347042}
PERF {"pid":83460,"phase":"git:rev-parse","start_ns":1789219460124876000,"ns":7113750}
PERF {"pid":83460,"phase":"git:rev-parse","start_ns":1789219460132022000,"ns":7272292}
PERF {"pid":83460,"phase":"git:rev-parse","start_ns":1789219460139328000,"ns":6315416}
PERF {"pid":83460,"phase":"git:rev-parse","start_ns":1789219460145703000,"ns":6515458}
PERF {"pid":83460,"phase":"git:rev-parse","start_ns":1789219460152251000,"ns":6981708}
PERF {"pid":83460,"phase":"git:rev-parse","start_ns":1789219460159262000,"ns":7403208}
PERF {"pid":83460,"phase":"git:rev-parse","start_ns":1789219460166700000,"ns":7062542}
PERF {"pid":83460,"phase":"git:rev-parse","start_ns":1789219460173812000,"ns":7180875}
PERF {"pid":83460,"phase":"git:rev-parse","start_ns":1789219460181032000,"ns":7806166}
PERF {"pid":83460,"phase":"git:rev-parse","start_ns":1789219460188877000,"ns":6761625}
PERF {"pid":83460,"phase":"git:rev-parse","start_ns":1789219460195712000,"ns":6943708}
PERF {"pid":83460,"phase":"git:rev-parse","start_ns":1789219460202707000,"ns":6780667}
PERF {"pid":83460,"phase":"git:rev-parse","start_ns":1789219460209521000,"ns":7178333}
PERF {"pid":83460,"phase":"git:rev-parse","start_ns":1789219460216754000,"ns":7442125}
PERF {"pid":83460,"phase":"git:rev-parse","start_ns":1789219460224230000,"ns":7372875}
PERF {"pid":83460,"phase":"git:rev-parse","start_ns":1789219460231725000,"ns":9191000}
PERF {"pid":83460,"phase":"git:rev-parse","start_ns":1789219460240951000,"ns":8605459}
PERF {"pid":83460,"phase":"git:rev-parse","start_ns":1789219460249618000,"ns":9084542}
PERF {"pid":83460,"phase":"git:rev-parse","start_ns":1789219460258739000,"ns":7329458}
PERF {"pid":83460,"phase":"git:rev-parse","start_ns":1789219460266102000,"ns":8418250}
PERF {"pid":83460,"phase":"git:rev-parse","start_ns":1789219460274552000,"ns":7388000}
PERF {"pid":83460,"phase":"git:rev-parse","start_ns":1789219460281981000,"ns":8007292}
PERF {"pid":83460,"phase":"git:rev-parse","start_ns":1789219460290037000,"ns":5886667}
PERF {"pid":83460,"phase":"git:rev-parse","start_ns":1789219460296003000,"ns":7391375}
PERF {"pid":83460,"phase":"git:rev-parse","start_ns":1789219460303486000,"ns":8046708}
PERF {"pid":83460,"phase":"git:rev-parse","start_ns":1789219460311568000,"ns":7890333}
PERF {"pid":83460,"phase":"git:rev-parse","start_ns":1789219460319506000,"ns":7699750}
PERF {"pid":83460,"phase":"git:rev-parse","start_ns":1789219460327260000,"ns":6858792}
PERF {"pid":83460,"phase":"git:rev-parse","start_ns":1789219460334156000,"ns":6675541}
PERF {"pid":83460,"phase":"git:rev-parse","start_ns":1789219460340873000,"ns":7018291}
PERF {"pid":83460,"phase":"git:rev-parse","start_ns":1789219460347925000,"ns":7331958}
PERF {"pid":83460,"phase":"git:rev-parse","start_ns":1789219460355339000,"ns":7506250}
PERF {"pid":83460,"phase":"git:rev-parse","start_ns":1789219460362877000,"ns":7615541}
PERF {"pid":83460,"phase":"git:rev-parse","start_ns":1789219460370531000,"ns":7619417}
PERF {"pid":83460,"phase":"git:rev-parse","start_ns":1789219460378188000,"ns":7603541}
PERF {"pid":83460,"phase":"git:rev-parse","start_ns":1789219460385831000,"ns":7846250}
PERF {"pid":83460,"phase":"git:rev-parse","start_ns":1789219460393737000,"ns":7475625}
PERF {"pid":83460,"phase":"git:rev-parse","start_ns":1789219460401253000,"ns":6641500}
PERF {"pid":83460,"phase":"git:rev-parse","start_ns":1789219460407934000,"ns":6908875}
PERF {"pid":83460,"phase":"git:rev-parse","start_ns":1789219460414873000,"ns":7610083}
PERF {"pid":83460,"phase":"git:rev-parse","start_ns":1789219460422517000,"ns":7593125}
PERF {"pid":83460,"phase":"git:rev-parse","start_ns":1789219460430142000,"ns":7959750}
PERF {"pid":83460,"phase":"git:rev-parse","start_ns":1789219460438133000,"ns":7879000}
PERF {"pid":83460,"phase":"git:rev-parse","start_ns":1789219460446047000,"ns":7434333}
PERF {"pid":83460,"phase":"git:rev-parse","start_ns":1789219460453521000,"ns":7950416}
PERF {"pid":83460,"phase":"git:rev-parse","start_ns":1789219460461511000,"ns":7065000}
PERF {"pid":83460,"phase":"git:rev-parse","start_ns":1789219460468623000,"ns":6537584}
PERF {"pid":83460,"phase":"git:rev-parse","start_ns":1789219460475201000,"ns":7034792}
PERF {"pid":83460,"phase":"git:rev-parse","start_ns":1789219460482276000,"ns":6751000}
PERF {"pid":83460,"phase":"git:rev-parse","start_ns":1789219460489058000,"ns":7165417}
PERF {"pid":83460,"phase":"git:rev-parse","start_ns":1789219460496255000,"ns":7987708}
PERF {"pid":83460,"phase":"git:rev-parse","start_ns":1789219460504316000,"ns":7614125}
PERF {"pid":83460,"phase":"git:rev-parse","start_ns":1789219460511961000,"ns":7357708}
PERF {"pid":83460,"phase":"git:rev-parse","start_ns":1789219460519349000,"ns":6889083}
PERF {"pid":83460,"phase":"git:rev-parse","start_ns":1789219460526288000,"ns":7014750}
PERF {"pid":83460,"phase":"git:rev-parse","start_ns":1789219460533335000,"ns":6397958}
PERF {"pid":83460,"phase":"git:rev-parse","start_ns":1789219460539770000,"ns":7447166}
PERF {"pid":83460,"phase":"git:rev-parse","start_ns":1789219460547245000,"ns":6903333}
PERF {"pid":83460,"phase":"git:rev-parse","start_ns":1789219460554175000,"ns":7458292}
PERF {"pid":83460,"phase":"git:rev-parse","start_ns":1789219460561695000,"ns":6962875}
PERF {"pid":83460,"phase":"git:rev-parse","start_ns":1789219460568827000,"ns":6120417}
PERF {"pid":83460,"phase":"git:rev-parse","start_ns":1789219460574982000,"ns":6844542}
PERF {"pid":83460,"phase":"git:rev-parse","start_ns":1789219460581903000,"ns":7484875}
PERF {"pid":83460,"phase":"git:rev-parse","start_ns":1789219460589440000,"ns":7670208}
PERF {"pid":83460,"phase":"git:rev-parse","start_ns":1789219460597147000,"ns":6696333}
PERF {"pid":83460,"phase":"git:rev-parse","start_ns":1789219460603896000,"ns":6999250}
PERF {"pid":83460,"phase":"git:rev-parse","start_ns":1789219460610977000,"ns":7118833}
PERF {"pid":83460,"phase":"git:rev-parse","start_ns":1789219460618129000,"ns":7244833}
PERF {"pid":83460,"phase":"git:rev-parse","start_ns":1789219460625406000,"ns":7277542}
PERF {"pid":83460,"phase":"git:rev-parse","start_ns":1789219460632719000,"ns":7355125}
PERF {"pid":83460,"phase":"git:rev-parse","start_ns":1789219460640105000,"ns":6961834}
PERF {"pid":83460,"phase":"git:rev-parse","start_ns":1789219460647143000,"ns":7264333}
PERF {"pid":83460,"phase":"git:rev-parse","start_ns":1789219460654452000,"ns":6468417}
PERF {"pid":83460,"phase":"git:rev-parse","start_ns":1789219460660980000,"ns":7254041}
PERF {"pid":83460,"phase":"git:rev-parse","start_ns":1789219460668264000,"ns":7184333}
PERF {"pid":83460,"phase":"git:rev-parse","start_ns":1789219460675482000,"ns":7380666}
PERF {"pid":83460,"phase":"git:rev-parse","start_ns":1789219460682923000,"ns":7178584}
PERF {"pid":83460,"phase":"git:rev-parse","start_ns":1789219460690135000,"ns":6562916}
PERF {"pid":83460,"phase":"git:rev-parse","start_ns":1789219460696745000,"ns":7509792}
PERF {"pid":83460,"phase":"git:rev-parse","start_ns":1789219460704304000,"ns":6494750}
PERF {"pid":83460,"phase":"git:rev-parse","start_ns":1789219460710867000,"ns":7470583}
PERF {"pid":83460,"phase":"git:rev-parse","start_ns":1789219460718395000,"ns":6992750}
PERF {"pid":83460,"phase":"git:rev-parse","start_ns":1789219460725422000,"ns":7206917}
PERF {"pid":83460,"phase":"git:rev-parse","start_ns":1789219460732666000,"ns":7194584}
PERF {"pid":83460,"phase":"git:rev-parse","start_ns":1789219460739897000,"ns":7083542}
PERF {"pid":83460,"phase":"git:rev-parse","start_ns":1789219460747042000,"ns":7246833}
PERF {"pid":83460,"phase":"git:rev-parse","start_ns":1789219460754340000,"ns":6533791}
PERF {"pid":83460,"phase":"git:rev-parse","start_ns":1789219460760947000,"ns":7198166}
PERF {"pid":83460,"phase":"git:rev-parse","start_ns":1789219460768173000,"ns":7656042}
PERF {"pid":83460,"phase":"git:for-each-ref","start_ns":1789219460775859000,"ns":10770500}
PERF {"pid":83460,"phase":"pins","start_ns":1789219460037426000,"ns":749529750}
PERF {"pid":83460,"phase":"git:hash-object","start_ns":1789219460787002000,"ns":14548875}
PERF {"pid":83460,"phase":"git:mktree","start_ns":1789219460801624000,"ns":9130833}
PERF {"pid":83460,"phase":"git:commit-tree","start_ns":1789219460810825000,"ns":12294292}
PERF {"pid":83460,"phase":"git:update-ref","start_ns":1789219460823321000,"ns":43381167}
PERF {"pid":83460,"phase":"lock-held","start_ns":1789219460003184000,"ns":863542291}
PERF {"pid":83460,"phase":"lock-wait","start_ns":1789219460866847000,"ns":40750}
PERF {"pid":83460,"phase":"git:for-each-ref","start_ns":1789219460866894000,"ns":7668709}
PERF {"pid":83460,"phase":"git:cat-file","start_ns":1789219460874605000,"ns":7169709}
PERF {"pid":83460,"phase":"git:ls-tree","start_ns":1789219460881828000,"ns":8009167}
PERF {"pid":83460,"phase":"git:cat-file","start_ns":1789219460889872000,"ns":7594959}
PERF {"pid":83460,"phase":"read","start_ns":1789219460866892000,"ns":32233750}
PERF {"pid":83460,"phase":"encode-before","start_ns":1789219460899151000,"ns":1066417}
PERF {"pid":83460,"phase":"encode-after","start_ns":1789219460900232000,"ns":541875}
PERF {"pid":83460,"phase":"git:cat-file","start_ns":1789219460900913000,"ns":8144417}
PERF {"pid":83460,"phase":"git:rev-parse","start_ns":1789219460909108000,"ns":8193333}
PERF {"pid":83460,"phase":"git:rev-parse","start_ns":1789219460917339000,"ns":7544833}
PERF {"pid":83460,"phase":"git:rev-parse","start_ns":1789219460924918000,"ns":7491333}
PERF {"pid":83460,"phase":"git:rev-parse","start_ns":1789219460932444000,"ns":7468958}
PERF {"pid":83460,"phase":"git:rev-parse","start_ns":1789219460939954000,"ns":7123833}
PERF {"pid":83460,"phase":"git:rev-parse","start_ns":1789219460947150000,"ns":7730625}
PERF {"pid":83460,"phase":"git:rev-parse","start_ns":1789219460955021000,"ns":7451000}
PERF {"pid":83460,"phase":"git:rev-parse","start_ns":1789219460962505000,"ns":8029166}
PERF {"pid":83460,"phase":"git:rev-parse","start_ns":1789219460970617000,"ns":7363958}
PERF {"pid":83460,"phase":"git:rev-parse","start_ns":1789219460978025000,"ns":7647625}
PERF {"pid":83460,"phase":"git:rev-parse","start_ns":1789219460985704000,"ns":7752709}
PERF {"pid":83460,"phase":"git:rev-parse","start_ns":1789219460993485000,"ns":7539375}
PERF {"pid":83460,"phase":"git:rev-parse","start_ns":1789219461001106000,"ns":7389541}
PERF {"pid":83460,"phase":"git:rev-parse","start_ns":1789219461008545000,"ns":6668541}
PERF {"pid":83460,"phase":"git:rev-parse","start_ns":1789219461015249000,"ns":7196500}
PERF {"pid":83460,"phase":"git:rev-parse","start_ns":1789219461022508000,"ns":7120375}
PERF {"pid":83460,"phase":"git:rev-parse","start_ns":1789219461029680000,"ns":6591334}
PERF {"pid":83460,"phase":"git:rev-parse","start_ns":1789219461036316000,"ns":7529875}
PERF {"pid":83460,"phase":"git:rev-parse","start_ns":1789219461043878000,"ns":7297916}
PERF {"pid":83460,"phase":"git:rev-parse","start_ns":1789219461051205000,"ns":7215625}
PERF {"pid":83460,"phase":"git:rev-parse","start_ns":1789219461058451000,"ns":7262334}
PERF {"pid":83460,"phase":"git:rev-parse","start_ns":1789219461065742000,"ns":7171625}
PERF {"pid":83460,"phase":"git:rev-parse","start_ns":1789219461072944000,"ns":7302500}
PERF {"pid":83460,"phase":"git:rev-parse","start_ns":1789219461080316000,"ns":6847209}
PERF {"pid":83460,"phase":"git:rev-parse","start_ns":1789219461087198000,"ns":6413667}
PERF {"pid":83460,"phase":"git:rev-parse","start_ns":1789219461093641000,"ns":7283417}
PERF {"pid":83460,"phase":"git:rev-parse","start_ns":1789219461100958000,"ns":7284250}
PERF {"pid":83460,"phase":"git:rev-parse","start_ns":1789219461108276000,"ns":7815750}
PERF {"pid":83460,"phase":"git:rev-parse","start_ns":1789219461116128000,"ns":7365750}
PERF {"pid":83460,"phase":"git:rev-parse","start_ns":1789219461123539000,"ns":7398333}
PERF {"pid":83460,"phase":"git:rev-parse","start_ns":1789219461130977000,"ns":6768083}
PERF {"pid":83460,"phase":"git:rev-parse","start_ns":1789219461137798000,"ns":6360833}
PERF {"pid":83460,"phase":"git:rev-parse","start_ns":1789219461144205000,"ns":7353667}
PERF {"pid":83460,"phase":"git:rev-parse","start_ns":1789219461151586000,"ns":7364000}
PERF {"pid":83460,"phase":"git:rev-parse","start_ns":1789219461158977000,"ns":7438666}
PERF {"pid":83460,"phase":"git:rev-parse","start_ns":1789219461166447000,"ns":6862750}
PERF {"pid":83460,"phase":"git:rev-parse","start_ns":1789219461173361000,"ns":7554959}
PERF {"pid":83460,"phase":"git:rev-parse","start_ns":1789219461180953000,"ns":6843875}
PERF {"pid":83460,"phase":"git:rev-parse","start_ns":1789219461187834000,"ns":6541167}
PERF {"pid":83460,"phase":"git:rev-parse","start_ns":1789219461194468000,"ns":7222792}
PERF {"pid":83460,"phase":"git:rev-parse","start_ns":1789219461201722000,"ns":7508666}
PERF {"pid":83460,"phase":"git:rev-parse","start_ns":1789219461209259000,"ns":7174875}
PERF {"pid":83460,"phase":"git:rev-parse","start_ns":1789219461216463000,"ns":7711959}
PERF {"pid":83460,"phase":"git:rev-parse","start_ns":1789219461224209000,"ns":7323792}
PERF {"pid":83460,"phase":"git:rev-parse","start_ns":1789219461231565000,"ns":7001583}
PERF {"pid":83460,"phase":"git:rev-parse","start_ns":1789219461238632000,"ns":6454917}
PERF {"pid":83460,"phase":"git:rev-parse","start_ns":1789219461245169000,"ns":8424042}
PERF {"pid":83460,"phase":"git:rev-parse","start_ns":1789219461253622000,"ns":6746500}
PERF {"pid":83460,"phase":"git:rev-parse","start_ns":1789219461260500000,"ns":7520125}
PERF {"pid":83460,"phase":"git:rev-parse","start_ns":1789219461268052000,"ns":7843750}
PERF {"pid":83460,"phase":"git:rev-parse","start_ns":1789219461275995000,"ns":7990500}
PERF {"pid":83460,"phase":"git:rev-parse","start_ns":1789219461284015000,"ns":7811167}
PERF {"pid":83460,"phase":"git:rev-parse","start_ns":1789219461291869000,"ns":7578292}
PERF {"pid":83460,"phase":"git:rev-parse","start_ns":1789219461299480000,"ns":7290292}
PERF {"pid":83460,"phase":"git:rev-parse","start_ns":1789219461306807000,"ns":7186625}
PERF {"pid":83460,"phase":"git:rev-parse","start_ns":1789219461314049000,"ns":7286792}
PERF {"pid":83460,"phase":"git:rev-parse","start_ns":1789219461321365000,"ns":6441708}
PERF {"pid":83460,"phase":"git:rev-parse","start_ns":1789219461327844000,"ns":7185542}
PERF {"pid":83460,"phase":"git:rev-parse","start_ns":1789219461335064000,"ns":7570917}
PERF {"pid":83460,"phase":"git:rev-parse","start_ns":1789219461342670000,"ns":7953875}
PERF {"pid":83460,"phase":"git:rev-parse","start_ns":1789219461350661000,"ns":7344750}
PERF {"pid":83460,"phase":"git:rev-parse","start_ns":1789219461358046000,"ns":7275208}
PERF {"pid":83460,"phase":"git:rev-parse","start_ns":1789219461365372000,"ns":7415583}
PERF {"pid":83460,"phase":"git:rev-parse","start_ns":1789219461372832000,"ns":7984208}
PERF {"pid":83460,"phase":"git:rev-parse","start_ns":1789219461380858000,"ns":6974292}
PERF {"pid":83460,"phase":"git:rev-parse","start_ns":1789219461387870000,"ns":7120459}
PERF {"pid":83460,"phase":"git:rev-parse","start_ns":1789219461395030000,"ns":6733375}
PERF {"pid":83460,"phase":"git:rev-parse","start_ns":1789219461401810000,"ns":7718041}
PERF {"pid":83460,"phase":"git:rev-parse","start_ns":1789219461409565000,"ns":7759542}
PERF {"pid":83460,"phase":"git:rev-parse","start_ns":1789219461417356000,"ns":7620792}
PERF {"pid":83460,"phase":"git:rev-parse","start_ns":1789219461425012000,"ns":7902500}
PERF {"pid":83460,"phase":"git:rev-parse","start_ns":1789219461432945000,"ns":7230167}
PERF {"pid":83460,"phase":"git:rev-parse","start_ns":1789219461440232000,"ns":7447334}
PERF {"pid":83460,"phase":"git:rev-parse","start_ns":1789219461447726000,"ns":7162250}
PERF {"pid":83460,"phase":"git:rev-parse","start_ns":1789219461454938000,"ns":6191542}
PERF {"pid":83460,"phase":"git:rev-parse","start_ns":1789219461461159000,"ns":7445750}
PERF {"pid":83460,"phase":"git:rev-parse","start_ns":1789219461468636000,"ns":7262709}
PERF {"pid":83460,"phase":"git:rev-parse","start_ns":1789219461475929000,"ns":7326167}
PERF {"pid":83460,"phase":"git:rev-parse","start_ns":1789219461483283000,"ns":7390375}
PERF {"pid":83460,"phase":"git:rev-parse","start_ns":1789219461490704000,"ns":7461125}
PERF {"pid":83460,"phase":"git:rev-parse","start_ns":1789219461498192000,"ns":6880625}
PERF {"pid":83460,"phase":"git:rev-parse","start_ns":1789219461505152000,"ns":6069292}
PERF {"pid":83460,"phase":"git:rev-parse","start_ns":1789219461511280000,"ns":7745875}
PERF {"pid":83460,"phase":"git:rev-parse","start_ns":1789219461519059000,"ns":7246709}
PERF {"pid":83460,"phase":"git:rev-parse","start_ns":1789219461526347000,"ns":7049583}
PERF {"pid":83460,"phase":"git:rev-parse","start_ns":1789219461533425000,"ns":7350125}
PERF {"pid":83460,"phase":"git:rev-parse","start_ns":1789219461541108000,"ns":7531125}
PERF {"pid":83460,"phase":"git:rev-parse","start_ns":1789219461548681000,"ns":7089917}
PERF {"pid":83460,"phase":"git:rev-parse","start_ns":1789219461555814000,"ns":7503292}
PERF {"pid":83460,"phase":"git:rev-parse","start_ns":1789219461563369000,"ns":6064292}
PERF {"pid":83460,"phase":"git:rev-parse","start_ns":1789219461569471000,"ns":7061208}
PERF {"pid":83460,"phase":"git:rev-parse","start_ns":1789219461576562000,"ns":7752584}
PERF {"pid":83460,"phase":"git:rev-parse","start_ns":1789219461584346000,"ns":7729333}
PERF {"pid":83460,"phase":"git:rev-parse","start_ns":1789219461592131000,"ns":7699584}
PERF {"pid":83460,"phase":"git:rev-parse","start_ns":1789219461599867000,"ns":7572583}
PERF {"pid":83460,"phase":"git:rev-parse","start_ns":1789219461607475000,"ns":7637959}
PERF {"pid":83460,"phase":"git:rev-parse","start_ns":1789219461615152000,"ns":7120250}
PERF {"pid":83460,"phase":"git:rev-parse","start_ns":1789219461622326000,"ns":6271166}
PERF {"pid":83460,"phase":"git:rev-parse","start_ns":1789219461628790000,"ns":6771958}
PERF {"pid":83460,"phase":"git:rev-parse","start_ns":1789219461635593000,"ns":7488708}
PERF {"pid":83460,"phase":"git:for-each-ref","start_ns":1789219461643123000,"ns":12198084}
PERF {"pid":83460,"phase":"pins","start_ns":1789219460900780000,"ns":754797583}
PERF {"pid":83460,"phase":"git:hash-object","start_ns":1789219461655601000,"ns":15765625}
PERF {"pid":83460,"phase":"git:mktree","start_ns":1789219461671414000,"ns":8161250}
PERF {"pid":83460,"phase":"git:commit-tree","start_ns":1789219461679681000,"ns":11649542}
PERF {"pid":83460,"phase":"git:update-ref","start_ns":1789219461691605000,"ns":41752625}
PERF {"pid":83460,"phase":"lock-held","start_ns":1789219460866892000,"ns":866499542}
PERF {"pid":83460,"phase":"lock-wait","start_ns":1789219461733668000,"ns":56417}
PERF {"pid":83460,"phase":"git:for-each-ref","start_ns":1789219461733731000,"ns":7537459}
PERF {"pid":83460,"phase":"git:cat-file","start_ns":1789219461741325000,"ns":7798375}
PERF {"pid":83460,"phase":"git:ls-tree","start_ns":1789219461749165000,"ns":7631916}
PERF {"pid":83460,"phase":"git:cat-file","start_ns":1789219461756841000,"ns":10712083}
PERF {"pid":83460,"phase":"read","start_ns":1789219461733729000,"ns":35617000}
PERF {"pid":83460,"phase":"encode-before","start_ns":1789219461769372000,"ns":1301958}
PERF {"pid":83460,"phase":"encode-after","start_ns":1789219461770696000,"ns":830250}
PERF {"pid":83460,"phase":"git:cat-file","start_ns":1789219461771759000,"ns":9839875}
PERF {"pid":83460,"phase":"git:rev-parse","start_ns":1789219461782040000,"ns":9177542}
PERF {"pid":83460,"phase":"git:rev-parse","start_ns":1789219461791302000,"ns":8505834}
PERF {"pid":83460,"phase":"git:rev-parse","start_ns":1789219461799861000,"ns":7851250}
PERF {"pid":83460,"phase":"git:rev-parse","start_ns":1789219461807768000,"ns":8164750}
PERF {"pid":83460,"phase":"git:rev-parse","start_ns":1789219461815975000,"ns":7396500}
PERF {"pid":83460,"phase":"git:rev-parse","start_ns":1789219461823451000,"ns":7395583}
PERF {"pid":83460,"phase":"git:rev-parse","start_ns":1789219461830919000,"ns":8596250}
PERF {"pid":83460,"phase":"git:rev-parse","start_ns":1789219461839545000,"ns":6629459}
PERF {"pid":83460,"phase":"git:rev-parse","start_ns":1789219461846207000,"ns":7414125}
PERF {"pid":83460,"phase":"git:rev-parse","start_ns":1789219461853702000,"ns":6456833}
PERF {"pid":83460,"phase":"git:rev-parse","start_ns":1789219461860191000,"ns":7200417}
PERF {"pid":83460,"phase":"git:rev-parse","start_ns":1789219461867431000,"ns":7573583}
PERF {"pid":83460,"phase":"git:rev-parse","start_ns":1789219461875038000,"ns":7470042}
PERF {"pid":83460,"phase":"git:rev-parse","start_ns":1789219461882537000,"ns":7030750}
PERF {"pid":83460,"phase":"git:rev-parse","start_ns":1789219461889594000,"ns":7695750}
PERF {"pid":83460,"phase":"git:rev-parse","start_ns":1789219461897315000,"ns":7382917}
PERF {"pid":83460,"phase":"git:rev-parse","start_ns":1789219461904726000,"ns":8324959}
PERF {"pid":83460,"phase":"git:rev-parse","start_ns":1789219461913081000,"ns":7513166}
PERF {"pid":83460,"phase":"git:rev-parse","start_ns":1789219461920621000,"ns":7632875}
PERF {"pid":83460,"phase":"git:rev-parse","start_ns":1789219461928285000,"ns":7339375}
PERF {"pid":83460,"phase":"git:rev-parse","start_ns":1789219461935661000,"ns":7424959}
PERF {"pid":83460,"phase":"git:rev-parse","start_ns":1789219461943116000,"ns":7217834}
PERF {"pid":83460,"phase":"git:rev-parse","start_ns":1789219461950380000,"ns":6467875}
PERF {"pid":83460,"phase":"git:rev-parse","start_ns":1789219461956878000,"ns":7176875}
PERF {"pid":83460,"phase":"git:rev-parse","start_ns":1789219461964108000,"ns":7194166}
PERF {"pid":83460,"phase":"git:rev-parse","start_ns":1789219461971420000,"ns":7411666}
PERF {"pid":83460,"phase":"git:rev-parse","start_ns":1789219461978877000,"ns":8937750}
PERF {"pid":83460,"phase":"git:rev-parse","start_ns":1789219461987852000,"ns":8092375}
PERF {"pid":83460,"phase":"git:rev-parse","start_ns":1789219461995974000,"ns":7930000}
PERF {"pid":83460,"phase":"git:rev-parse","start_ns":1789219462003966000,"ns":7838916}
PERF {"pid":83460,"phase":"git:rev-parse","start_ns":1789219462011836000,"ns":6874458}
PERF {"pid":83460,"phase":"git:rev-parse","start_ns":1789219462018750000,"ns":7300167}
PERF {"pid":83460,"phase":"git:rev-parse","start_ns":1789219462026147000,"ns":7310792}
PERF {"pid":83460,"phase":"git:rev-parse","start_ns":1789219462033492000,"ns":7024625}
PERF {"pid":83460,"phase":"git:rev-parse","start_ns":1789219462040564000,"ns":8082292}
PERF {"pid":83460,"phase":"git:rev-parse","start_ns":1789219462048680000,"ns":5901875}
PERF {"pid":83460,"phase":"git:rev-parse","start_ns":1789219462054638000,"ns":7115000}
PERF {"pid":83460,"phase":"git:rev-parse","start_ns":1789219462061837000,"ns":6772459}
PERF {"pid":83460,"phase":"git:rev-parse","start_ns":1789219462068637000,"ns":7335792}
PERF {"pid":83460,"phase":"git:rev-parse","start_ns":1789219462076003000,"ns":7294167}
PERF {"pid":83460,"phase":"git:rev-parse","start_ns":1789219462083348000,"ns":7345917}
PERF {"pid":83460,"phase":"git:rev-parse","start_ns":1789219462090726000,"ns":7233583}
PERF {"pid":83460,"phase":"git:rev-parse","start_ns":1789219462097990000,"ns":6738833}
PERF {"pid":83460,"phase":"git:rev-parse","start_ns":1789219462104776000,"ns":6239208}
PERF {"pid":83460,"phase":"git:rev-parse","start_ns":1789219462111068000,"ns":6923709}
PERF {"pid":83460,"phase":"git:rev-parse","start_ns":1789219462118019000,"ns":6950458}
PERF {"pid":83460,"phase":"git:rev-parse","start_ns":1789219462125001000,"ns":7390208}
PERF {"pid":83460,"phase":"git:rev-parse","start_ns":1789219462132420000,"ns":7054917}
PERF {"pid":83460,"phase":"git:rev-parse","start_ns":1789219462139516000,"ns":7570292}
PERF {"pid":83460,"phase":"git:rev-parse","start_ns":1789219462147142000,"ns":6165959}
PERF {"pid":83460,"phase":"git:rev-parse","start_ns":1789219462153354000,"ns":6901125}
PERF {"pid":83460,"phase":"git:rev-parse","start_ns":1789219462160283000,"ns":6768584}
PERF {"pid":83460,"phase":"git:rev-parse","start_ns":1789219462167077000,"ns":8066708}
PERF {"pid":83460,"phase":"git:rev-parse","start_ns":1789219462175174000,"ns":7491042}
PERF {"pid":83460,"phase":"git:rev-parse","start_ns":1789219462182699000,"ns":7506708}
PERF {"pid":83460,"phase":"git:rev-parse","start_ns":1789219462190253000,"ns":7265584}
PERF {"pid":83460,"phase":"git:rev-parse","start_ns":1789219462197574000,"ns":6192250}
PERF {"pid":83460,"phase":"git:rev-parse","start_ns":1789219462203862000,"ns":7334125}
PERF {"pid":83460,"phase":"git:rev-parse","start_ns":1789219462211224000,"ns":7472083}
PERF {"pid":83460,"phase":"git:rev-parse","start_ns":1789219462218725000,"ns":7410792}
PERF {"pid":83460,"phase":"git:rev-parse","start_ns":1789219462226185000,"ns":7122042}
PERF {"pid":83460,"phase":"git:rev-parse","start_ns":1789219462233371000,"ns":7476791}
PERF {"pid":83460,"phase":"git:rev-parse","start_ns":1789219462240893000,"ns":9763708}
PERF {"pid":83460,"phase":"git:rev-parse","start_ns":1789219462250710000,"ns":9189125}
PERF {"pid":83460,"phase":"git:rev-parse","start_ns":1789219462259949000,"ns":9144083}
PERF {"pid":83460,"phase":"git:rev-parse","start_ns":1789219462269268000,"ns":7451375}
PERF {"pid":83460,"phase":"git:rev-parse","start_ns":1789219462276757000,"ns":7239875}
PERF {"pid":83460,"phase":"git:rev-parse","start_ns":1789219462284027000,"ns":7208333}
PERF {"pid":83460,"phase":"git:rev-parse","start_ns":1789219462291268000,"ns":6635375}
PERF {"pid":83460,"phase":"git:rev-parse","start_ns":1789219462297959000,"ns":7024334}
PERF {"pid":83460,"phase":"git:rev-parse","start_ns":1789219462305036000,"ns":6998292}
PERF {"pid":83460,"phase":"git:rev-parse","start_ns":1789219462312072000,"ns":6517292}
PERF {"pid":83460,"phase":"git:rev-parse","start_ns":1789219462318635000,"ns":7055916}
PERF {"pid":83460,"phase":"git:rev-parse","start_ns":1789219462325734000,"ns":7434625}
PERF {"pid":83460,"phase":"git:rev-parse","start_ns":1789219462333199000,"ns":7768500}
PERF {"pid":83460,"phase":"git:rev-parse","start_ns":1789219462341010000,"ns":7002084}
PERF {"pid":83460,"phase":"git:rev-parse","start_ns":1789219462348049000,"ns":7846083}
PERF {"pid":83460,"phase":"git:rev-parse","start_ns":1789219462355934000,"ns":6351875}
PERF {"pid":83460,"phase":"git:rev-parse","start_ns":1789219462362331000,"ns":6755583}
PERF {"pid":83460,"phase":"git:rev-parse","start_ns":1789219462369163000,"ns":7215708}
PERF {"pid":83460,"phase":"git:rev-parse","start_ns":1789219462376420000,"ns":7511833}
PERF {"pid":83460,"phase":"git:rev-parse","start_ns":1789219462383970000,"ns":7409500}
PERF {"pid":83460,"phase":"git:rev-parse","start_ns":1789219462391411000,"ns":7216500}
PERF {"pid":83460,"phase":"git:rev-parse","start_ns":1789219462398662000,"ns":7379500}
PERF {"pid":83460,"phase":"git:rev-parse","start_ns":1789219462406086000,"ns":7111375}
PERF {"pid":83460,"phase":"git:rev-parse","start_ns":1789219462413237000,"ns":6902333}
PERF {"pid":83460,"phase":"git:rev-parse","start_ns":1789219462420192000,"ns":6725417}
PERF {"pid":83460,"phase":"git:rev-parse","start_ns":1789219462426954000,"ns":7623875}
PERF {"pid":83460,"phase":"git:rev-parse","start_ns":1789219462434612000,"ns":7228666}
PERF {"pid":83460,"phase":"git:rev-parse","start_ns":1789219462441876000,"ns":7540667}
PERF {"pid":83460,"phase":"git:rev-parse","start_ns":1789219462449461000,"ns":7721041}
PERF {"pid":83460,"phase":"git:rev-parse","start_ns":1789219462457302000,"ns":7291833}
PERF {"pid":83460,"phase":"git:rev-parse","start_ns":1789219462464629000,"ns":7030542}
PERF {"pid":83460,"phase":"git:rev-parse","start_ns":1789219462471723000,"ns":6496958}
PERF {"pid":83460,"phase":"git:rev-parse","start_ns":1789219462478301000,"ns":7657542}
PERF {"pid":83460,"phase":"git:rev-parse","start_ns":1789219462486037000,"ns":6821083}
PERF {"pid":83460,"phase":"git:rev-parse","start_ns":1789219462492906000,"ns":7621959}
PERF {"pid":83460,"phase":"git:rev-parse","start_ns":1789219462500565000,"ns":7613125}
PERF {"pid":83460,"phase":"git:rev-parse","start_ns":1789219462508209000,"ns":6999417}
PERF {"pid":83460,"phase":"git:rev-parse","start_ns":1789219462515238000,"ns":7734959}
PERF {"pid":83460,"phase":"git:for-each-ref","start_ns":1789219462523024000,"ns":10617292}
PERF {"pid":83460,"phase":"pins","start_ns":1789219461771551000,"ns":762314292}
PERF {"pid":83460,"phase":"git:hash-object","start_ns":1789219462533887000,"ns":14858792}
PERF {"pid":83460,"phase":"git:mktree","start_ns":1789219462548803000,"ns":7669167}
PERF {"pid":83460,"phase":"git:commit-tree","start_ns":1789219462556526000,"ns":11268917}
PERF {"pid":83460,"phase":"git:update-ref","start_ns":1789219462568427000,"ns":40860416}
PERF {"pid":83460,"phase":"lock-held","start_ns":1789219461733729000,"ns":875588416}
PERF {"pid":83467,"phase":"lock-wait","start_ns":1789219458801090000,"ns":3825857667}
PERF {"pid":83467,"phase":"git:for-each-ref","start_ns":1789219462627055000,"ns":7735291}
PERF {"pid":83467,"phase":"git:cat-file","start_ns":1789219462634841000,"ns":7171292}
PERF {"pid":83467,"phase":"git:ls-tree","start_ns":1789219462642038000,"ns":7337667}
PERF {"pid":83467,"phase":"git:cat-file","start_ns":1789219462649412000,"ns":7938708}
PERF {"pid":83467,"phase":"read","start_ns":1789219462627053000,"ns":31911209}
PERF {"pid":83467,"phase":"encode-before","start_ns":1789219462658980000,"ns":1038417}
PERF {"pid":83467,"phase":"encode-after","start_ns":1789219462660038000,"ns":490041}
PERF {"pid":83467,"phase":"git:cat-file","start_ns":1789219462660668000,"ns":7721333}
PERF {"pid":83467,"phase":"git:rev-parse","start_ns":1789219462668446000,"ns":7254625}
PERF {"pid":83467,"phase":"git:rev-parse","start_ns":1789219462675760000,"ns":6926083}
PERF {"pid":83467,"phase":"git:rev-parse","start_ns":1789219462682728000,"ns":6424875}
PERF {"pid":83467,"phase":"git:rev-parse","start_ns":1789219462689641000,"ns":6792666}
PERF {"pid":83467,"phase":"git:rev-parse","start_ns":1789219462696582000,"ns":7073000}
PERF {"pid":83467,"phase":"git:rev-parse","start_ns":1789219462703689000,"ns":7347792}
PERF {"pid":83467,"phase":"git:rev-parse","start_ns":1789219462711124000,"ns":7026791}
PERF {"pid":83467,"phase":"git:rev-parse","start_ns":1789219462718208000,"ns":7055583}
PERF {"pid":83467,"phase":"git:rev-parse","start_ns":1789219462725296000,"ns":7337500}
PERF {"pid":83467,"phase":"git:rev-parse","start_ns":1789219462732672000,"ns":7619458}
PERF {"pid":83467,"phase":"git:rev-parse","start_ns":1789219462740342000,"ns":7538250}
PERF {"pid":83467,"phase":"git:rev-parse","start_ns":1789219462747921000,"ns":6385250}
PERF {"pid":83467,"phase":"git:rev-parse","start_ns":1789219462754358000,"ns":6317000}
PERF {"pid":83467,"phase":"git:rev-parse","start_ns":1789219462760706000,"ns":7689541}
PERF {"pid":83467,"phase":"git:rev-parse","start_ns":1789219462768449000,"ns":7617625}
PERF {"pid":83467,"phase":"git:rev-parse","start_ns":1789219462776128000,"ns":7498375}
PERF {"pid":83467,"phase":"git:rev-parse","start_ns":1789219462783690000,"ns":7328500}
PERF {"pid":83467,"phase":"git:rev-parse","start_ns":1789219462791052000,"ns":6942042}
PERF {"pid":83467,"phase":"git:rev-parse","start_ns":1789219462798057000,"ns":8049875}
PERF {"pid":83467,"phase":"git:rev-parse","start_ns":1789219462806166000,"ns":7161458}
PERF {"pid":83467,"phase":"git:rev-parse","start_ns":1789219462813368000,"ns":6644875}
PERF {"pid":83467,"phase":"git:rev-parse","start_ns":1789219462820125000,"ns":7140583}
PERF {"pid":83467,"phase":"git:rev-parse","start_ns":1789219462827309000,"ns":7329500}
PERF {"pid":83467,"phase":"git:rev-parse","start_ns":1789219462834733000,"ns":7439500}
PERF {"pid":83467,"phase":"git:rev-parse","start_ns":1789219462842275000,"ns":7144875}
PERF {"pid":83467,"phase":"git:rev-parse","start_ns":1789219462849458000,"ns":7309833}
PERF {"pid":83467,"phase":"git:rev-parse","start_ns":1789219462856804000,"ns":6940333}
PERF {"pid":83467,"phase":"git:rev-parse","start_ns":1789219462863807000,"ns":6472750}
PERF {"pid":83467,"phase":"git:rev-parse","start_ns":1789219462870344000,"ns":7065417}
PERF {"pid":83467,"phase":"git:rev-parse","start_ns":1789219462877449000,"ns":7142833}
PERF {"pid":83467,"phase":"git:rev-parse","start_ns":1789219462884627000,"ns":7473833}
PERF {"pid":83467,"phase":"git:rev-parse","start_ns":1789219462892131000,"ns":7359750}
PERF {"pid":83467,"phase":"git:rev-parse","start_ns":1789219462899523000,"ns":7394583}
PERF {"pid":83467,"phase":"git:rev-parse","start_ns":1789219462906950000,"ns":7135875}
PERF {"pid":83467,"phase":"git:rev-parse","start_ns":1789219462914127000,"ns":8068083}
PERF {"pid":83467,"phase":"git:rev-parse","start_ns":1789219462922235000,"ns":6352042}
PERF {"pid":83467,"phase":"git:rev-parse","start_ns":1789219462928645000,"ns":7102625}
PERF {"pid":83467,"phase":"git:rev-parse","start_ns":1789219462935778000,"ns":7015625}
PERF {"pid":83467,"phase":"git:rev-parse","start_ns":1789219462942826000,"ns":7256417}
PERF {"pid":83467,"phase":"git:rev-parse","start_ns":1789219462950115000,"ns":7149667}
PERF {"pid":83467,"phase":"git:rev-parse","start_ns":1789219462957297000,"ns":7103750}
PERF {"pid":83467,"phase":"git:rev-parse","start_ns":1789219462964438000,"ns":7105000}
PERF {"pid":83467,"phase":"git:rev-parse","start_ns":1789219462971602000,"ns":6543292}
PERF {"pid":83467,"phase":"git:rev-parse","start_ns":1789219462978215000,"ns":7166500}
PERF {"pid":83467,"phase":"git:rev-parse","start_ns":1789219462985407000,"ns":7944125}
PERF {"pid":83467,"phase":"git:rev-parse","start_ns":1789219462993382000,"ns":7831250}
PERF {"pid":83467,"phase":"git:rev-parse","start_ns":1789219463001251000,"ns":9076875}
PERF {"pid":83467,"phase":"git:rev-parse","start_ns":1789219463010359000,"ns":7506459}
PERF {"pid":83467,"phase":"git:rev-parse","start_ns":1789219463017986000,"ns":8601958}
PERF {"pid":83467,"phase":"git:rev-parse","start_ns":1789219463026618000,"ns":7592791}
PERF {"pid":83467,"phase":"git:rev-parse","start_ns":1789219463034248000,"ns":7941792}
PERF {"pid":83467,"phase":"git:rev-parse","start_ns":1789219463042231000,"ns":7430709}
PERF {"pid":83467,"phase":"git:rev-parse","start_ns":1789219463049701000,"ns":7413209}
PERF {"pid":83467,"phase":"git:rev-parse","start_ns":1789219463057143000,"ns":7017875}
PERF {"pid":83467,"phase":"git:rev-parse","start_ns":1789219463064211000,"ns":6881625}
PERF {"pid":83467,"phase":"git:rev-parse","start_ns":1789219463071134000,"ns":6851458}
PERF {"pid":83467,"phase":"git:rev-parse","start_ns":1789219463078022000,"ns":7665333}
PERF {"pid":83467,"phase":"git:rev-parse","start_ns":1789219463085719000,"ns":7250125}
PERF {"pid":83467,"phase":"git:rev-parse","start_ns":1789219463093004000,"ns":7491500}
PERF {"pid":83467,"phase":"git:rev-parse","start_ns":1789219463100522000,"ns":7394500}
PERF {"pid":83467,"phase":"git:rev-parse","start_ns":1789219463107954000,"ns":7428625}
PERF {"pid":83467,"phase":"git:rev-parse","start_ns":1789219463115442000,"ns":7372958}
PERF {"pid":83467,"phase":"git:rev-parse","start_ns":1789219463122870000,"ns":6473375}
PERF {"pid":83467,"phase":"git:rev-parse","start_ns":1789219463129397000,"ns":7140958}
PERF {"pid":83467,"phase":"git:rev-parse","start_ns":1789219463136604000,"ns":7759458}
PERF {"pid":83467,"phase":"git:rev-parse","start_ns":1789219463144397000,"ns":7120458}
PERF {"pid":83467,"phase":"git:rev-parse","start_ns":1789219463151547000,"ns":7440209}
PERF {"pid":83467,"phase":"git:rev-parse","start_ns":1789219463159023000,"ns":7374750}
PERF {"pid":83467,"phase":"git:rev-parse","start_ns":1789219463166431000,"ns":7005791}
PERF {"pid":83467,"phase":"git:rev-parse","start_ns":1789219463173477000,"ns":7275292}
PERF {"pid":83467,"phase":"git:rev-parse","start_ns":1789219463180801000,"ns":7626209}
PERF {"pid":83467,"phase":"git:rev-parse","start_ns":1789219463188471000,"ns":6455916}
PERF {"pid":83467,"phase":"git:rev-parse","start_ns":1789219463194972000,"ns":7167458}
PERF {"pid":83467,"phase":"git:rev-parse","start_ns":1789219463202172000,"ns":7458042}
PERF {"pid":83467,"phase":"git:rev-parse","start_ns":1789219463209662000,"ns":7060083}
PERF {"pid":83467,"phase":"git:rev-parse","start_ns":1789219463216760000,"ns":7161917}
PERF {"pid":83467,"phase":"git:rev-parse","start_ns":1789219463223986000,"ns":7211584}
PERF {"pid":83467,"phase":"git:rev-parse","start_ns":1789219463231252000,"ns":7203041}
PERF {"pid":83467,"phase":"git:rev-parse","start_ns":1789219463238503000,"ns":7030917}
PERF {"pid":83467,"phase":"git:rev-parse","start_ns":1789219463245592000,"ns":7284917}
PERF {"pid":83467,"phase":"git:rev-parse","start_ns":1789219463252961000,"ns":7705166}
PERF {"pid":83467,"phase":"git:rev-parse","start_ns":1789219463260698000,"ns":7412250}
PERF {"pid":83467,"phase":"git:rev-parse","start_ns":1789219463268135000,"ns":7423708}
PERF {"pid":83467,"phase":"git:rev-parse","start_ns":1789219463275633000,"ns":7477666}
PERF {"pid":83467,"phase":"git:rev-parse","start_ns":1789219463283159000,"ns":8635916}
PERF {"pid":83467,"phase":"git:rev-parse","start_ns":1789219463291832000,"ns":7695417}
PERF {"pid":83467,"phase":"git:rev-parse","start_ns":1789219463299569000,"ns":9468792}
PERF {"pid":83467,"phase":"git:rev-parse","start_ns":1789219463309079000,"ns":8979334}
PERF {"pid":83467,"phase":"git:rev-parse","start_ns":1789219463318099000,"ns":7933750}
PERF {"pid":83467,"phase":"git:rev-parse","start_ns":1789219463326066000,"ns":7137417}
PERF {"pid":83467,"phase":"git:rev-parse","start_ns":1789219463333234000,"ns":7476167}
PERF {"pid":83467,"phase":"git:rev-parse","start_ns":1789219463340750000,"ns":7390083}
PERF {"pid":83467,"phase":"git:rev-parse","start_ns":1789219463348182000,"ns":7176750}
PERF {"pid":83467,"phase":"git:rev-parse","start_ns":1789219463355392000,"ns":7614833}
PERF {"pid":83467,"phase":"git:rev-parse","start_ns":1789219463363065000,"ns":6242208}
PERF {"pid":83467,"phase":"git:rev-parse","start_ns":1789219463369337000,"ns":7387209}
PERF {"pid":83467,"phase":"git:rev-parse","start_ns":1789219463376752000,"ns":6896334}
PERF {"pid":83467,"phase":"git:rev-parse","start_ns":1789219463383684000,"ns":7221833}
PERF {"pid":83467,"phase":"git:rev-parse","start_ns":1789219463390940000,"ns":6304042}
PERF {"pid":83467,"phase":"git:rev-parse","start_ns":1789219463397285000,"ns":7455292}
PERF {"pid":83467,"phase":"git:for-each-ref","start_ns":1789219463404790000,"ns":11557625}
PERF {"pid":83467,"phase":"pins","start_ns":1789219462660534000,"ns":756016500}
PERF {"pid":83467,"phase":"git:hash-object","start_ns":1789219463416579000,"ns":14500666}
PERF {"pid":83467,"phase":"git:mktree","start_ns":1789219463431177000,"ns":8170333}
PERF {"pid":83467,"phase":"git:commit-tree","start_ns":1789219463439408000,"ns":12427375}
PERF {"pid":83467,"phase":"git:update-ref","start_ns":1789219463452452000,"ns":40210458}
PERF {"pid":83467,"phase":"lock-held","start_ns":1789219462627053000,"ns":865646166}
PERF {"pid":83467,"phase":"lock-wait","start_ns":1789219463492891000,"ns":46167}
PERF {"pid":83467,"phase":"git:for-each-ref","start_ns":1789219463492946000,"ns":7510666}
PERF {"pid":83467,"phase":"git:cat-file","start_ns":1789219463500508000,"ns":7731792}
PERF {"pid":83467,"phase":"git:ls-tree","start_ns":1789219463508279000,"ns":7960583}
PERF {"pid":83467,"phase":"git:cat-file","start_ns":1789219463516272000,"ns":7924583}
PERF {"pid":83467,"phase":"read","start_ns":1789219463492945000,"ns":33346416}
PERF {"pid":83467,"phase":"encode-before","start_ns":1789219463526388000,"ns":892250}
PERF {"pid":83467,"phase":"encode-after","start_ns":1789219463527297000,"ns":584750}
PERF {"pid":83467,"phase":"git:cat-file","start_ns":1789219463528250000,"ns":7230625}
PERF {"pid":83467,"phase":"git:rev-parse","start_ns":1789219463535566000,"ns":7389917}
PERF {"pid":83467,"phase":"git:rev-parse","start_ns":1789219463542987000,"ns":7005417}
PERF {"pid":83467,"phase":"git:rev-parse","start_ns":1789219463550022000,"ns":6940625}
PERF {"pid":83467,"phase":"git:rev-parse","start_ns":1789219463557055000,"ns":7958166}
PERF {"pid":83467,"phase":"git:rev-parse","start_ns":1789219463565057000,"ns":9103584}
PERF {"pid":83467,"phase":"git:rev-parse","start_ns":1789219463574208000,"ns":7802041}
PERF {"pid":83467,"phase":"git:rev-parse","start_ns":1789219463582083000,"ns":6899667}
PERF {"pid":83467,"phase":"git:rev-parse","start_ns":1789219463589019000,"ns":6381000}
PERF {"pid":83467,"phase":"git:rev-parse","start_ns":1789219463595459000,"ns":6909541}
PERF {"pid":83467,"phase":"git:rev-parse","start_ns":1789219463602403000,"ns":7136791}
PERF {"pid":83467,"phase":"git:rev-parse","start_ns":1789219463609577000,"ns":7616125}
PERF {"pid":83467,"phase":"git:rev-parse","start_ns":1789219463617224000,"ns":6850542}
PERF {"pid":83467,"phase":"git:rev-parse","start_ns":1789219463624110000,"ns":6263167}
PERF {"pid":83467,"phase":"git:rev-parse","start_ns":1789219463630412000,"ns":7385792}
PERF {"pid":83467,"phase":"git:rev-parse","start_ns":1789219463637858000,"ns":6659917}
PERF {"pid":83467,"phase":"git:rev-parse","start_ns":1789219463644575000,"ns":7192500}
PERF {"pid":83467,"phase":"git:rev-parse","start_ns":1789219463651796000,"ns":7384083}
PERF {"pid":83467,"phase":"git:rev-parse","start_ns":1789219463659210000,"ns":7498042}
PERF {"pid":83467,"phase":"git:rev-parse","start_ns":1789219463666739000,"ns":7991041}
PERF {"pid":83467,"phase":"git:rev-parse","start_ns":1789219463674765000,"ns":7315334}
PERF {"pid":83467,"phase":"git:rev-parse","start_ns":1789219463682130000,"ns":7672875}
PERF {"pid":83467,"phase":"git:rev-parse","start_ns":1789219463692745000,"ns":7712666}
PERF {"pid":83467,"phase":"git:rev-parse","start_ns":1789219463700619000,"ns":7621750}
PERF {"pid":83467,"phase":"git:rev-parse","start_ns":1789219463708297000,"ns":6953583}
PERF {"pid":83467,"phase":"git:rev-parse","start_ns":1789219463715303000,"ns":7994500}
PERF {"pid":83467,"phase":"git:rev-parse","start_ns":1789219463723338000,"ns":7318333}
PERF {"pid":83467,"phase":"git:rev-parse","start_ns":1789219463730698000,"ns":6545375}
PERF {"pid":83467,"phase":"git:rev-parse","start_ns":1789219463737299000,"ns":6875083}
PERF {"pid":83467,"phase":"git:rev-parse","start_ns":1789219463744203000,"ns":7413042}
PERF {"pid":83467,"phase":"git:rev-parse","start_ns":1789219463751648000,"ns":7121917}
PERF {"pid":83467,"phase":"git:rev-parse","start_ns":1789219463758810000,"ns":6745792}
PERF {"pid":83467,"phase":"git:rev-parse","start_ns":1789219463765613000,"ns":7563458}
PERF {"pid":83467,"phase":"git:rev-parse","start_ns":1789219463773215000,"ns":7320541}
PERF {"pid":83467,"phase":"git:rev-parse","start_ns":1789219463780578000,"ns":6317875}
PERF {"pid":83467,"phase":"git:rev-parse","start_ns":1789219463786981000,"ns":7097583}
PERF {"pid":83467,"phase":"git:rev-parse","start_ns":1789219463794115000,"ns":7219583}
PERF {"pid":83453,"phase":"lock-wait","start_ns":1789219458801053000,"ns":5001043167}
PERF {"pid":83467,"phase":"git:rev-parse","start_ns":1789219463801368000,"ns":8313959}
PERF {"pid":83467,"phase":"git:rev-parse","start_ns":1789219463809716000,"ns":7560291}
PERF {"pid":83467,"phase":"git:rev-parse","start_ns":1789219463817307000,"ns":7357041}
PERF {"pid":83467,"phase":"git:rev-parse","start_ns":1789219463824713000,"ns":7519917}
PERF {"pid":83467,"phase":"git:rev-parse","start_ns":1789219463832277000,"ns":7336083}
PERF {"pid":83467,"phase":"git:rev-parse","start_ns":1789219463839678000,"ns":7946750}
PERF {"pid":83467,"phase":"git:rev-parse","start_ns":1789219463847678000,"ns":7463417}
PERF {"pid":83467,"phase":"git:rev-parse","start_ns":1789219463855177000,"ns":7832541}
PERF {"pid":83467,"phase":"git:rev-parse","start_ns":1789219463863138000,"ns":8891000}
PERF {"pid":83467,"phase":"git:rev-parse","start_ns":1789219463872084000,"ns":8853667}
PERF {"pid":83467,"phase":"git:rev-parse","start_ns":1789219463880981000,"ns":9996250}
PERF {"pid":83467,"phase":"git:rev-parse","start_ns":1789219463891060000,"ns":7403250}
PERF {"pid":83467,"phase":"git:rev-parse","start_ns":1789219463898503000,"ns":7472500}
PERF {"pid":83467,"phase":"git:rev-parse","start_ns":1789219463906067000,"ns":7443750}
PERF {"pid":83467,"phase":"git:rev-parse","start_ns":1789219463913553000,"ns":7422541}
PERF {"pid":83467,"phase":"git:rev-parse","start_ns":1789219463921044000,"ns":7667916}
PERF {"pid":83467,"phase":"git:rev-parse","start_ns":1789219463928773000,"ns":8020250}
PERF {"pid":83467,"phase":"git:rev-parse","start_ns":1789219463936858000,"ns":8094208}
PERF {"pid":83467,"phase":"git:rev-parse","start_ns":1789219463945086000,"ns":7550459}
PERF {"pid":83467,"phase":"git:rev-parse","start_ns":1789219463952671000,"ns":7725542}
PERF {"pid":83467,"phase":"git:rev-parse","start_ns":1789219463960433000,"ns":8055500}
PERF {"pid":83467,"phase":"git:rev-parse","start_ns":1789219463968526000,"ns":7700417}
PERF {"pid":83467,"phase":"git:rev-parse","start_ns":1789219463976260000,"ns":7805708}
PERF {"pid":83467,"phase":"git:rev-parse","start_ns":1789219463984121000,"ns":8143667}
PERF {"pid":83467,"phase":"git:rev-parse","start_ns":1789219463992322000,"ns":7838958}
PERF {"pid":83467,"phase":"git:rev-parse","start_ns":1789219464000196000,"ns":8184791}
PERF {"pid":83467,"phase":"git:rev-parse","start_ns":1789219464008417000,"ns":7408250}
PERF {"pid":83467,"phase":"git:rev-parse","start_ns":1789219464015875000,"ns":12868250}
PERF {"pid":83467,"phase":"git:rev-parse","start_ns":1789219464028780000,"ns":9909792}
PERF {"pid":83467,"phase":"git:rev-parse","start_ns":1789219464038805000,"ns":9870583}
PERF {"pid":83467,"phase":"git:rev-parse","start_ns":1789219464048719000,"ns":8676167}
PERF {"pid":83467,"phase":"git:rev-parse","start_ns":1789219464057436000,"ns":7536041}
PERF {"pid":83467,"phase":"git:rev-parse","start_ns":1789219464065027000,"ns":8055291}
PERF {"pid":83467,"phase":"git:rev-parse","start_ns":1789219464073128000,"ns":8887083}
PERF {"pid":83467,"phase":"git:rev-parse","start_ns":1789219464082060000,"ns":7666125}
PERF {"pid":83467,"phase":"git:rev-parse","start_ns":1789219464089778000,"ns":9041416}
PERF {"pid":83467,"phase":"git:rev-parse","start_ns":1789219464098896000,"ns":7768708}
PERF {"pid":83467,"phase":"git:rev-parse","start_ns":1789219464106717000,"ns":8206042}
PERF {"pid":83467,"phase":"git:rev-parse","start_ns":1789219464114985000,"ns":8170208}
PERF {"pid":83467,"phase":"git:rev-parse","start_ns":1789219464123207000,"ns":8752166}
PERF {"pid":83467,"phase":"git:rev-parse","start_ns":1789219464132038000,"ns":7523459}
PERF {"pid":83467,"phase":"git:rev-parse","start_ns":1789219464139615000,"ns":8722625}
PERF {"pid":83467,"phase":"git:rev-parse","start_ns":1789219464148434000,"ns":8833917}
PERF {"pid":83467,"phase":"git:rev-parse","start_ns":1789219464157322000,"ns":7792708}
PERF {"pid":83467,"phase":"git:rev-parse","start_ns":1789219464165184000,"ns":8130583}
PERF {"pid":83467,"phase":"git:rev-parse","start_ns":1789219464173365000,"ns":7846500}
PERF {"pid":83467,"phase":"git:rev-parse","start_ns":1789219464181259000,"ns":8919708}
PERF {"pid":83467,"phase":"git:rev-parse","start_ns":1789219464190215000,"ns":7044917}
PERF {"pid":83467,"phase":"git:rev-parse","start_ns":1789219464197313000,"ns":9075542}
PERF {"pid":83467,"phase":"git:rev-parse","start_ns":1789219464206457000,"ns":7747875}
PERF {"pid":83467,"phase":"git:rev-parse","start_ns":1789219464214245000,"ns":7783458}
PERF {"pid":83467,"phase":"git:rev-parse","start_ns":1789219464222077000,"ns":8166833}
PERF {"pid":83467,"phase":"git:rev-parse","start_ns":1789219464230280000,"ns":8362333}
PERF {"pid":83467,"phase":"git:rev-parse","start_ns":1789219464238675000,"ns":8110667}
PERF {"pid":83467,"phase":"git:rev-parse","start_ns":1789219464246829000,"ns":7836875}
PERF {"pid":83467,"phase":"git:rev-parse","start_ns":1789219464254722000,"ns":9011125}
PERF {"pid":83467,"phase":"git:rev-parse","start_ns":1789219464263771000,"ns":7820708}
PERF {"pid":83467,"phase":"git:rev-parse","start_ns":1789219464271637000,"ns":8223875}
PERF {"pid":83467,"phase":"git:rev-parse","start_ns":1789219464279902000,"ns":8646584}
PERF {"pid":83467,"phase":"git:rev-parse","start_ns":1789219464288618000,"ns":7710083}
PERF {"pid":83467,"phase":"git:rev-parse","start_ns":1789219464296365000,"ns":6845042}
PERF {"pid":83467,"phase":"git:rev-parse","start_ns":1789219464303268000,"ns":7474541}
PERF {"pid":83467,"phase":"git:rev-parse","start_ns":1789219464310783000,"ns":7958916}
PERF {"pid":83467,"phase":"git:rev-parse","start_ns":1789219464318790000,"ns":6865375}
PERF {"pid":83467,"phase":"git:for-each-ref","start_ns":1789219464325733000,"ns":12642917}
PERF {"pid":83467,"phase":"pins","start_ns":1789219463527895000,"ns":810716375}
PERF {"pid":83467,"phase":"git:hash-object","start_ns":1789219464338634000,"ns":15982459}
PERF {"pid":83467,"phase":"git:mktree","start_ns":1789219464354660000,"ns":8938375}
PERF {"pid":83467,"phase":"git:commit-tree","start_ns":1789219464363643000,"ns":13125583}
PERF {"pid":83467,"phase":"git:update-ref","start_ns":1789219464376967000,"ns":43913292}
PERF {"pid":83467,"phase":"lock-held","start_ns":1789219463492945000,"ns":927981208}
PERF {"pid":83467,"phase":"lock-wait","start_ns":1789219464421243000,"ns":60167}
PERF {"pid":83467,"phase":"git:for-each-ref","start_ns":1789219464421314000,"ns":7467542}
PERF {"pid":83467,"phase":"git:cat-file","start_ns":1789219464428849000,"ns":7533375}
PERF {"pid":83467,"phase":"git:ls-tree","start_ns":1789219464436424000,"ns":7343083}
PERF {"pid":83467,"phase":"git:cat-file","start_ns":1789219464443805000,"ns":7877334}
PERF {"pid":83467,"phase":"read","start_ns":1789219464421313000,"ns":32064917}
PERF {"pid":83467,"phase":"encode-before","start_ns":1789219464453405000,"ns":1118291}
PERF {"pid":83467,"phase":"encode-after","start_ns":1789219464454553000,"ns":900083}
PERF {"pid":83467,"phase":"git:cat-file","start_ns":1789219464455665000,"ns":7276709}
PERF {"pid":83467,"phase":"git:rev-parse","start_ns":1789219464463022000,"ns":6287875}
PERF {"pid":83467,"phase":"git:rev-parse","start_ns":1789219464469345000,"ns":7235959}
PERF {"pid":83467,"phase":"git:rev-parse","start_ns":1789219464476625000,"ns":7551792}
PERF {"pid":83467,"phase":"git:rev-parse","start_ns":1789219464484215000,"ns":8232333}
PERF {"pid":83467,"phase":"git:rev-parse","start_ns":1789219464492579000,"ns":8586417}
PERF {"pid":83467,"phase":"git:rev-parse","start_ns":1789219464501231000,"ns":8917709}
PERF {"pid":83467,"phase":"git:rev-parse","start_ns":1789219464510214000,"ns":7766416}
PERF {"pid":83467,"phase":"git:rev-parse","start_ns":1789219464518017000,"ns":7624375}
PERF {"pid":83467,"phase":"git:rev-parse","start_ns":1789219464525702000,"ns":7614666}
PERF {"pid":83467,"phase":"git:rev-parse","start_ns":1789219464533355000,"ns":7340792}
PERF {"pid":83467,"phase":"git:rev-parse","start_ns":1789219464540735000,"ns":7152375}
PERF {"pid":83467,"phase":"git:rev-parse","start_ns":1789219464547924000,"ns":6605084}
PERF {"pid":83467,"phase":"git:rev-parse","start_ns":1789219464554563000,"ns":7129625}
PERF {"pid":83467,"phase":"git:rev-parse","start_ns":1789219464561740000,"ns":7668958}
PERF {"pid":83467,"phase":"git:rev-parse","start_ns":1789219464569461000,"ns":6905209}
PERF {"pid":83467,"phase":"git:rev-parse","start_ns":1789219464576408000,"ns":6745125}
PERF {"pid":83467,"phase":"git:rev-parse","start_ns":1789219464583191000,"ns":7046959}
PERF {"pid":83467,"phase":"git:rev-parse","start_ns":1789219464590289000,"ns":7325500}
PERF {"pid":83467,"phase":"git:rev-parse","start_ns":1789219464597698000,"ns":7349250}
PERF {"pid":83467,"phase":"git:rev-parse","start_ns":1789219464605082000,"ns":7422166}
PERF {"pid":83467,"phase":"git:rev-parse","start_ns":1789219464612542000,"ns":7626875}
PERF {"pid":83467,"phase":"git:rev-parse","start_ns":1789219464620207000,"ns":6957583}
PERF {"pid":83467,"phase":"git:rev-parse","start_ns":1789219464627211000,"ns":7816166}
PERF {"pid":83467,"phase":"git:rev-parse","start_ns":1789219464635077000,"ns":6579333}
PERF {"pid":83467,"phase":"git:rev-parse","start_ns":1789219464641701000,"ns":7154583}
PERF {"pid":83467,"phase":"git:rev-parse","start_ns":1789219464648893000,"ns":6976375}
PERF {"pid":83467,"phase":"git:rev-parse","start_ns":1789219464655909000,"ns":7180708}
PERF {"pid":83467,"phase":"git:rev-parse","start_ns":1789219464663125000,"ns":7291542}
PERF {"pid":83467,"phase":"git:rev-parse","start_ns":1789219464670454000,"ns":7643792}
PERF {"pid":83467,"phase":"git:rev-parse","start_ns":1789219464678133000,"ns":7448458}
PERF {"pid":83467,"phase":"git:rev-parse","start_ns":1789219464685615000,"ns":7413666}
PERF {"pid":83467,"phase":"git:rev-parse","start_ns":1789219464693064000,"ns":7564084}
PERF {"pid":83467,"phase":"git:rev-parse","start_ns":1789219464700663000,"ns":7675084}
PERF {"pid":83467,"phase":"git:rev-parse","start_ns":1789219464708378000,"ns":7304125}
PERF {"pid":83467,"phase":"git:rev-parse","start_ns":1789219464715736000,"ns":7350708}
PERF {"pid":83467,"phase":"git:rev-parse","start_ns":1789219464723133000,"ns":6611000}
PERF {"pid":83467,"phase":"git:rev-parse","start_ns":1789219464729792000,"ns":7010750}
PERF {"pid":83467,"phase":"git:rev-parse","start_ns":1789219464736883000,"ns":6617333}
PERF {"pid":83467,"phase":"git:rev-parse","start_ns":1789219464743553000,"ns":7578417}
PERF {"pid":83467,"phase":"git:rev-parse","start_ns":1789219464751178000,"ns":7396125}
PERF {"pid":83467,"phase":"git:rev-parse","start_ns":1789219464758626000,"ns":7339417}
PERF {"pid":83467,"phase":"git:rev-parse","start_ns":1789219464766011000,"ns":7293125}
PERF {"pid":83467,"phase":"git:rev-parse","start_ns":1789219464773350000,"ns":7951417}
PERF {"pid":83467,"phase":"git:rev-parse","start_ns":1789219464781361000,"ns":7009375}
PERF {"pid":83467,"phase":"git:rev-parse","start_ns":1789219464788429000,"ns":6761292}
PERF {"pid":83467,"phase":"git:rev-parse","start_ns":1789219464795234000,"ns":6700709}
PERF {"pid":83467,"phase":"git:rev-parse","start_ns":1789219464801977000,"ns":7285500}
PERF {"pid":83467,"phase":"git:rev-parse","start_ns":1789219464809302000,"ns":7108958}
PERF {"pid":83467,"phase":"git:rev-parse","start_ns":1789219464816464000,"ns":7603917}
PERF {"pid":83467,"phase":"git:rev-parse","start_ns":1789219464824107000,"ns":7187917}
PERF {"pid":83467,"phase":"git:rev-parse","start_ns":1789219464831376000,"ns":7950583}
PERF {"pid":83467,"phase":"git:rev-parse","start_ns":1789219464839368000,"ns":6551709}
PERF {"pid":83467,"phase":"git:rev-parse","start_ns":1789219464845976000,"ns":6369291}
PERF {"pid":83467,"phase":"git:rev-parse","start_ns":1789219464852381000,"ns":7245750}
PERF {"pid":83467,"phase":"git:rev-parse","start_ns":1789219464859663000,"ns":7968250}
PERF {"pid":83467,"phase":"git:rev-parse","start_ns":1789219464867716000,"ns":7996834}
PERF {"pid":83467,"phase":"git:rev-parse","start_ns":1789219464875752000,"ns":7244292}
PERF {"pid":83467,"phase":"git:rev-parse","start_ns":1789219464883033000,"ns":7156750}
PERF {"pid":83467,"phase":"git:rev-parse","start_ns":1789219464890229000,"ns":6681167}
PERF {"pid":83467,"phase":"git:rev-parse","start_ns":1789219464896954000,"ns":7351959}
PERF {"pid":83467,"phase":"git:rev-parse","start_ns":1789219464904378000,"ns":6725541}
PERF {"pid":83467,"phase":"git:rev-parse","start_ns":1789219464911161000,"ns":7215209}
PERF {"pid":83467,"phase":"git:rev-parse","start_ns":1789219464918411000,"ns":7284375}
PERF {"pid":83467,"phase":"git:rev-parse","start_ns":1789219464925734000,"ns":7482083}
PERF {"pid":83467,"phase":"git:rev-parse","start_ns":1789219464933265000,"ns":7537583}
PERF {"pid":83467,"phase":"git:rev-parse","start_ns":1789219464940841000,"ns":6981542}
PERF {"pid":83467,"phase":"git:rev-parse","start_ns":1789219464947880000,"ns":7079083}
PERF {"pid":83467,"phase":"git:rev-parse","start_ns":1789219464955003000,"ns":6343667}
PERF {"pid":83467,"phase":"git:rev-parse","start_ns":1789219464961380000,"ns":7460625}
PERF {"pid":83467,"phase":"git:rev-parse","start_ns":1789219464968877000,"ns":7124875}
PERF {"pid":83467,"phase":"git:rev-parse","start_ns":1789219464976038000,"ns":7455458}
PERF {"pid":83467,"phase":"git:rev-parse","start_ns":1789219464983549000,"ns":7757583}
PERF {"pid":83467,"phase":"git:rev-parse","start_ns":1789219464991346000,"ns":8882167}
PERF {"pid":83467,"phase":"git:rev-parse","start_ns":1789219465000276000,"ns":24588875}
PERF {"pid":83467,"phase":"git:rev-parse","start_ns":1789219465024957000,"ns":13390125}
PERF {"pid":83467,"phase":"git:rev-parse","start_ns":1789219465038399000,"ns":8910333}
PERF {"pid":83467,"phase":"git:rev-parse","start_ns":1789219465047362000,"ns":8475875}
PERF {"pid":83467,"phase":"git:rev-parse","start_ns":1789219465055877000,"ns":9552541}
PERF {"pid":83467,"phase":"git:rev-parse","start_ns":1789219465065506000,"ns":9338291}
PERF {"pid":83467,"phase":"git:rev-parse","start_ns":1789219465074875000,"ns":9056875}
PERF {"pid":83467,"phase":"git:rev-parse","start_ns":1789219465083968000,"ns":7121250}
PERF {"pid":83467,"phase":"git:rev-parse","start_ns":1789219465091121000,"ns":8293291}
PERF {"pid":83467,"phase":"git:rev-parse","start_ns":1789219465099493000,"ns":7744875}
PERF {"pid":83467,"phase":"git:rev-parse","start_ns":1789219465107361000,"ns":7462750}
PERF {"pid":83467,"phase":"git:rev-parse","start_ns":1789219465114861000,"ns":7606667}
PERF {"pid":83467,"phase":"git:rev-parse","start_ns":1789219465122508000,"ns":8190250}
PERF {"pid":83467,"phase":"git:rev-parse","start_ns":1789219465130735000,"ns":7650333}
PERF {"pid":83467,"phase":"git:rev-parse","start_ns":1789219465138432000,"ns":7979334}
PERF {"pid":83467,"phase":"git:rev-parse","start_ns":1789219465146449000,"ns":8056291}
PERF {"pid":83467,"phase":"git:rev-parse","start_ns":1789219465154547000,"ns":7698708}
PERF {"pid":83467,"phase":"git:rev-parse","start_ns":1789219465162284000,"ns":7191709}
PERF {"pid":83467,"phase":"git:rev-parse","start_ns":1789219465169514000,"ns":7743041}
PERF {"pid":83467,"phase":"git:rev-parse","start_ns":1789219465177296000,"ns":6853166}
PERF {"pid":83467,"phase":"git:rev-parse","start_ns":1789219465184196000,"ns":6398750}
PERF {"pid":83467,"phase":"git:rev-parse","start_ns":1789219465190663000,"ns":7035833}
PERF {"pid":83467,"phase":"git:rev-parse","start_ns":1789219465197732000,"ns":7716416}
PERF {"pid":83467,"phase":"git:rev-parse","start_ns":1789219465205507000,"ns":7792666}
PERF {"pid":83467,"phase":"git:rev-parse","start_ns":1789219465213336000,"ns":7242541}
PERF {"pid":83467,"phase":"git:rev-parse","start_ns":1789219465220615000,"ns":7578375}
PERF {"pid":83467,"phase":"git:rev-parse","start_ns":1789219465228229000,"ns":7146333}
PERF {"pid":83467,"phase":"git:for-each-ref","start_ns":1789219465235434000,"ns":10974334}
PERF {"pid":83467,"phase":"pins","start_ns":1789219464455476000,"ns":791042500}
PERF {"pid":83467,"phase":"git:hash-object","start_ns":1789219465246541000,"ns":14349084}
PERF {"pid":83467,"phase":"git:mktree","start_ns":1789219465260947000,"ns":7838209}
PERF {"pid":83467,"phase":"git:commit-tree","start_ns":1789219465268837000,"ns":11776125}
PERF {"pid":83467,"phase":"git:update-ref","start_ns":1789219465280795000,"ns":42752375}
PERF {"pid":83467,"phase":"lock-held","start_ns":1789219464421313000,"ns":902256667}
PERF {"pid":83467,"phase":"lock-wait","start_ns":1789219465323865000,"ns":50875}
PERF {"pid":83467,"phase":"git:for-each-ref","start_ns":1789219465323943000,"ns":7289208}
PERF {"pid":83467,"phase":"git:cat-file","start_ns":1789219465331282000,"ns":7336083}
PERF {"pid":83467,"phase":"git:ls-tree","start_ns":1789219465338654000,"ns":7227666}
PERF {"pid":83467,"phase":"git:cat-file","start_ns":1789219465345957000,"ns":7604291}
PERF {"pid":83467,"phase":"read","start_ns":1789219465323942000,"ns":31649000}
PERF {"pid":83467,"phase":"encode-before","start_ns":1789219465355618000,"ns":901666}
PERF {"pid":83467,"phase":"encode-after","start_ns":1789219465356537000,"ns":552500}
PERF {"pid":83467,"phase":"git:cat-file","start_ns":1789219465357231000,"ns":7662167}
PERF {"pid":83467,"phase":"git:rev-parse","start_ns":1789219465364952000,"ns":7856292}
PERF {"pid":83467,"phase":"git:rev-parse","start_ns":1789219465372838000,"ns":7585291}
PERF {"pid":83467,"phase":"git:rev-parse","start_ns":1789219465380455000,"ns":7783583}
PERF {"pid":83467,"phase":"git:rev-parse","start_ns":1789219465388276000,"ns":7744666}
PERF {"pid":83467,"phase":"git:rev-parse","start_ns":1789219465396089000,"ns":7479583}
PERF {"pid":83467,"phase":"git:rev-parse","start_ns":1789219465403639000,"ns":7752791}
PERF {"pid":83467,"phase":"git:rev-parse","start_ns":1789219465411448000,"ns":7597875}
PERF {"pid":83467,"phase":"git:rev-parse","start_ns":1789219465419114000,"ns":8214417}
PERF {"pid":83467,"phase":"git:rev-parse","start_ns":1789219465427365000,"ns":7084625}
PERF {"pid":83467,"phase":"git:rev-parse","start_ns":1789219465434517000,"ns":6306500}
PERF {"pid":83467,"phase":"git:rev-parse","start_ns":1789219465440863000,"ns":9031167}
PERF {"pid":83467,"phase":"git:rev-parse","start_ns":1789219465449970000,"ns":8004292}
PERF {"pid":83467,"phase":"git:rev-parse","start_ns":1789219465458139000,"ns":7456583}
PERF {"pid":83467,"phase":"git:rev-parse","start_ns":1789219465465670000,"ns":7609417}
PERF {"pid":83467,"phase":"git:rev-parse","start_ns":1789219465473332000,"ns":7510375}
PERF {"pid":83467,"phase":"git:rev-parse","start_ns":1789219465480900000,"ns":6819375}
PERF {"pid":83467,"phase":"git:rev-parse","start_ns":1789219465487752000,"ns":7148583}
PERF {"pid":83467,"phase":"git:rev-parse","start_ns":1789219465494971000,"ns":6951083}
PERF {"pid":83467,"phase":"git:rev-parse","start_ns":1789219465501996000,"ns":7148791}
PERF {"pid":83467,"phase":"git:rev-parse","start_ns":1789219465509192000,"ns":7041084}
PERF {"pid":83467,"phase":"git:rev-parse","start_ns":1789219465516307000,"ns":7139834}
PERF {"pid":83467,"phase":"git:rev-parse","start_ns":1789219465523496000,"ns":7657583}
PERF {"pid":83467,"phase":"git:rev-parse","start_ns":1789219465531183000,"ns":7151750}
PERF {"pid":83467,"phase":"git:rev-parse","start_ns":1789219465538364000,"ns":7503916}
PERF {"pid":83467,"phase":"git:rev-parse","start_ns":1789219465545902000,"ns":7084584}
PERF {"pid":83467,"phase":"git:rev-parse","start_ns":1789219465553019000,"ns":6584292}
PERF {"pid":83467,"phase":"git:rev-parse","start_ns":1789219465559678000,"ns":7461792}
PERF {"pid":83467,"phase":"git:rev-parse","start_ns":1789219465567196000,"ns":6434708}
PERF {"pid":83467,"phase":"git:rev-parse","start_ns":1789219465573670000,"ns":7531792}
PERF {"pid":83467,"phase":"git:rev-parse","start_ns":1789219465581237000,"ns":7539708}
PERF {"pid":83467,"phase":"git:rev-parse","start_ns":1789219465588810000,"ns":7739167}
PERF {"pid":83467,"phase":"git:rev-parse","start_ns":1789219465596633000,"ns":7128333}
PERF {"pid":83467,"phase":"git:rev-parse","start_ns":1789219465603797000,"ns":6850875}
PERF {"pid":83467,"phase":"git:rev-parse","start_ns":1789219465610684000,"ns":7666875}
PERF {"pid":83467,"phase":"git:rev-parse","start_ns":1789219465618420000,"ns":6497542}
PERF {"pid":83467,"phase":"git:rev-parse","start_ns":1789219465624953000,"ns":7213375}
PERF {"pid":83467,"phase":"git:rev-parse","start_ns":1789219465632285000,"ns":7029375}
PERF {"pid":83467,"phase":"git:rev-parse","start_ns":1789219465639347000,"ns":7248125}
PERF {"pid":83467,"phase":"git:rev-parse","start_ns":1789219465646628000,"ns":7480625}
PERF {"pid":83467,"phase":"git:rev-parse","start_ns":1789219465654143000,"ns":7754917}
PERF {"pid":83467,"phase":"git:rev-parse","start_ns":1789219465661967000,"ns":7625083}
PERF {"pid":83467,"phase":"git:rev-parse","start_ns":1789219465669635000,"ns":6430834}
PERF {"pid":83467,"phase":"git:rev-parse","start_ns":1789219465676148000,"ns":6465666}
PERF {"pid":83467,"phase":"git:rev-parse","start_ns":1789219465682645000,"ns":7186000}
PERF {"pid":83467,"phase":"git:rev-parse","start_ns":1789219465689860000,"ns":6155583}
PERF {"pid":83467,"phase":"git:rev-parse","start_ns":1789219465696051000,"ns":6350000}
PERF {"pid":83467,"phase":"git:rev-parse","start_ns":1789219465702434000,"ns":7028042}
PERF {"pid":83467,"phase":"git:rev-parse","start_ns":1789219465709497000,"ns":7252708}
PERF {"pid":83467,"phase":"git:rev-parse","start_ns":1789219465716812000,"ns":7037458}
PERF {"pid":83467,"phase":"git:rev-parse","start_ns":1789219465723882000,"ns":5819292}
PERF {"pid":83467,"phase":"git:rev-parse","start_ns":1789219465729756000,"ns":6900750}
PERF {"pid":83467,"phase":"git:rev-parse","start_ns":1789219465736699000,"ns":6894292}
PERF {"pid":83467,"phase":"git:rev-parse","start_ns":1789219465743618000,"ns":6815209}
PERF {"pid":83467,"phase":"git:rev-parse","start_ns":1789219465750462000,"ns":7300250}
PERF {"pid":83467,"phase":"git:rev-parse","start_ns":1789219465757796000,"ns":6836292}
PERF {"pid":83467,"phase":"git:rev-parse","start_ns":1789219465764694000,"ns":6311291}
PERF {"pid":83467,"phase":"git:rev-parse","start_ns":1789219465771037000,"ns":7368708}
PERF {"pid":83467,"phase":"git:rev-parse","start_ns":1789219465778439000,"ns":7063459}
PERF {"pid":83467,"phase":"git:rev-parse","start_ns":1789219465785552000,"ns":7621666}
PERF {"pid":83467,"phase":"git:rev-parse","start_ns":1789219465793204000,"ns":7146125}
PERF {"pid":83467,"phase":"git:rev-parse","start_ns":1789219465800407000,"ns":6997583}
PERF {"pid":83467,"phase":"git:rev-parse","start_ns":1789219465807462000,"ns":7425917}
PERF {"pid":83467,"phase":"git:rev-parse","start_ns":1789219465814927000,"ns":7339917}
PERF {"pid":83467,"phase":"git:rev-parse","start_ns":1789219465822303000,"ns":7551625}
PERF {"pid":83467,"phase":"git:rev-parse","start_ns":1789219465830003000,"ns":7408208}
PERF {"pid":83467,"phase":"git:rev-parse","start_ns":1789219465837440000,"ns":7196292}
PERF {"pid":83467,"phase":"git:rev-parse","start_ns":1789219465844682000,"ns":6775250}
PERF {"pid":83467,"phase":"git:rev-parse","start_ns":1789219465851511000,"ns":6437416}
PERF {"pid":83467,"phase":"git:rev-parse","start_ns":1789219465857985000,"ns":7312542}
PERF {"pid":83467,"phase":"git:rev-parse","start_ns":1789219465865329000,"ns":7119500}
PERF {"pid":83467,"phase":"git:rev-parse","start_ns":1789219465872504000,"ns":7524708}
PERF {"pid":83467,"phase":"git:rev-parse","start_ns":1789219465880084000,"ns":7732958}
PERF {"pid":83467,"phase":"git:rev-parse","start_ns":1789219465887852000,"ns":7234375}
PERF {"pid":83467,"phase":"git:rev-parse","start_ns":1789219465895157000,"ns":7127166}
PERF {"pid":83467,"phase":"git:rev-parse","start_ns":1789219465902324000,"ns":6972292}
PERF {"pid":83467,"phase":"git:rev-parse","start_ns":1789219465909363000,"ns":6912584}
PERF {"pid":83467,"phase":"git:rev-parse","start_ns":1789219465916365000,"ns":6693209}
PERF {"pid":83467,"phase":"git:rev-parse","start_ns":1789219465923085000,"ns":7896083}
PERF {"pid":83467,"phase":"git:rev-parse","start_ns":1789219465931004000,"ns":7274542}
PERF {"pid":83467,"phase":"git:rev-parse","start_ns":1789219465938310000,"ns":7822167}
PERF {"pid":83467,"phase":"git:rev-parse","start_ns":1789219465946209000,"ns":7153500}
PERF {"pid":83467,"phase":"git:rev-parse","start_ns":1789219465953400000,"ns":7005834}
PERF {"pid":83467,"phase":"git:rev-parse","start_ns":1789219465960451000,"ns":6651500}
PERF {"pid":83467,"phase":"git:rev-parse","start_ns":1789219465967162000,"ns":6625292}
PERF {"pid":83467,"phase":"git:rev-parse","start_ns":1789219465973875000,"ns":6834750}
PERF {"pid":83467,"phase":"git:rev-parse","start_ns":1789219465980740000,"ns":7259375}
PERF {"pid":83467,"phase":"git:rev-parse","start_ns":1789219465988031000,"ns":7855208}
PERF {"pid":83467,"phase":"git:rev-parse","start_ns":1789219465995918000,"ns":7704209}
PERF {"pid":83467,"phase":"git:rev-parse","start_ns":1789219466003661000,"ns":7037708}
PERF {"pid":83467,"phase":"git:rev-parse","start_ns":1789219466010739000,"ns":7311875}
PERF {"pid":83467,"phase":"git:rev-parse","start_ns":1789219466018088000,"ns":7472250}
PERF {"pid":83467,"phase":"git:rev-parse","start_ns":1789219466025593000,"ns":6939541}
PERF {"pid":83467,"phase":"git:rev-parse","start_ns":1789219466032585000,"ns":6883959}
PERF {"pid":83467,"phase":"git:rev-parse","start_ns":1789219466039500000,"ns":7657375}
PERF {"pid":83467,"phase":"git:rev-parse","start_ns":1789219466047187000,"ns":7033833}
PERF {"pid":83467,"phase":"git:rev-parse","start_ns":1789219466054253000,"ns":7320459}
PERF {"pid":83467,"phase":"git:rev-parse","start_ns":1789219466061619000,"ns":7238875}
PERF {"pid":83467,"phase":"git:rev-parse","start_ns":1789219466068900000,"ns":7731208}
PERF {"pid":83467,"phase":"git:rev-parse","start_ns":1789219466076674000,"ns":9175959}
PERF {"pid":83467,"phase":"git:rev-parse","start_ns":1789219466085889000,"ns":7505417}
PERF {"pid":83467,"phase":"git:for-each-ref","start_ns":1789219466093444000,"ns":11903083}
PERF {"pid":83467,"phase":"pins","start_ns":1789219465357096000,"ns":748444333}
PERF {"pid":83467,"phase":"git:hash-object","start_ns":1789219466105560000,"ns":14348834}
PERF {"pid":83467,"phase":"git:mktree","start_ns":1789219466119952000,"ns":7252333}
PERF {"pid":83467,"phase":"git:commit-tree","start_ns":1789219466127259000,"ns":11568791}
PERF {"pid":83467,"phase":"git:update-ref","start_ns":1789219466138988000,"ns":40213167}
PERF {"pid":83467,"phase":"lock-held","start_ns":1789219465323942000,"ns":855284708}
PERF {"pid":83453,"phase":"lock-wait","start_ns":1789219463802287000,"ns":2400406500}
PERF {"pid":83453,"phase":"git:for-each-ref","start_ns":1789219466202775000,"ns":7832333}
PERF {"pid":83453,"phase":"git:cat-file","start_ns":1789219466210669000,"ns":6739209}
PERF {"pid":83453,"phase":"git:ls-tree","start_ns":1789219466217460000,"ns":7067541}
PERF {"pid":83453,"phase":"git:cat-file","start_ns":1789219466224627000,"ns":7724583}
PERF {"pid":83453,"phase":"read","start_ns":1789219466202773000,"ns":31978000}
PERF {"pid":83453,"phase":"encode-before","start_ns":1789219466234816000,"ns":1056584}
PERF {"pid":83453,"phase":"encode-after","start_ns":1789219466235908000,"ns":578250}
PERF {"pid":83453,"phase":"git:cat-file","start_ns":1789219466236649000,"ns":7879083}
PERF {"pid":83453,"phase":"git:rev-parse","start_ns":1789219466244605000,"ns":7332625}
PERF {"pid":83453,"phase":"git:rev-parse","start_ns":1789219466252009000,"ns":7878958}
PERF {"pid":83453,"phase":"git:rev-parse","start_ns":1789219466259959000,"ns":7678958}
PERF {"pid":83453,"phase":"git:rev-parse","start_ns":1789219466267694000,"ns":6230166}
PERF {"pid":83453,"phase":"git:rev-parse","start_ns":1789219466274009000,"ns":7099500}
PERF {"pid":83453,"phase":"git:rev-parse","start_ns":1789219466281150000,"ns":7097709}
PERF {"pid":83453,"phase":"git:rev-parse","start_ns":1789219466288284000,"ns":7742083}
PERF {"pid":83453,"phase":"git:rev-parse","start_ns":1789219466296068000,"ns":7440042}
PERF {"pid":83453,"phase":"git:rev-parse","start_ns":1789219466303544000,"ns":7182958}
PERF {"pid":83453,"phase":"git:rev-parse","start_ns":1789219466310756000,"ns":7608083}
PERF {"pid":83453,"phase":"git:rev-parse","start_ns":1789219466318433000,"ns":8577416}
PERF {"pid":83453,"phase":"git:rev-parse","start_ns":1789219466327043000,"ns":7383459}
PERF {"pid":83453,"phase":"git:rev-parse","start_ns":1789219466334464000,"ns":7126542}
PERF {"pid":83453,"phase":"git:rev-parse","start_ns":1789219466341639000,"ns":7115042}
PERF {"pid":83453,"phase":"git:rev-parse","start_ns":1789219466348812000,"ns":7497042}
PERF {"pid":83453,"phase":"git:rev-parse","start_ns":1789219466356360000,"ns":6420083}
PERF {"pid":83453,"phase":"git:rev-parse","start_ns":1789219466362818000,"ns":6504083}
PERF {"pid":83453,"phase":"git:rev-parse","start_ns":1789219466369354000,"ns":7345209}
PERF {"pid":83453,"phase":"git:rev-parse","start_ns":1789219466376730000,"ns":7660625}
PERF {"pid":83453,"phase":"git:rev-parse","start_ns":1789219466384435000,"ns":7324250}
PERF {"pid":83453,"phase":"git:rev-parse","start_ns":1789219466391799000,"ns":6779750}
PERF {"pid":83453,"phase":"git:rev-parse","start_ns":1789219466398644000,"ns":6683875}
PERF {"pid":83453,"phase":"git:rev-parse","start_ns":1789219466405383000,"ns":6172333}
PERF {"pid":83453,"phase":"git:rev-parse","start_ns":1789219466411593000,"ns":6621667}
PERF {"pid":83453,"phase":"git:rev-parse","start_ns":1789219466418247000,"ns":7247292}
PERF {"pid":83453,"phase":"git:rev-parse","start_ns":1789219466425610000,"ns":7110875}
PERF {"pid":83453,"phase":"git:rev-parse","start_ns":1789219466432763000,"ns":6910250}
PERF {"pid":83453,"phase":"git:rev-parse","start_ns":1789219466439740000,"ns":6338625}
PERF {"pid":83453,"phase":"git:rev-parse","start_ns":1789219466446116000,"ns":6755042}
PERF {"pid":83453,"phase":"git:rev-parse","start_ns":1789219466452900000,"ns":7301833}
PERF {"pid":83453,"phase":"git:rev-parse","start_ns":1789219466460230000,"ns":7542417}
PERF {"pid":83453,"phase":"git:rev-parse","start_ns":1789219466467865000,"ns":6961250}
PERF {"pid":83453,"phase":"git:rev-parse","start_ns":1789219466474862000,"ns":7191625}
PERF {"pid":83453,"phase":"git:rev-parse","start_ns":1789219466482108000,"ns":7521625}
PERF {"pid":83453,"phase":"git:rev-parse","start_ns":1789219466489672000,"ns":6658166}
PERF {"pid":83453,"phase":"git:rev-parse","start_ns":1789219466496364000,"ns":6355917}
PERF {"pid":83453,"phase":"git:rev-parse","start_ns":1789219466502791000,"ns":7139167}
PERF {"pid":83453,"phase":"git:rev-parse","start_ns":1789219466509969000,"ns":7397208}
PERF {"pid":83453,"phase":"git:rev-parse","start_ns":1789219466517401000,"ns":7087750}
PERF {"pid":83453,"phase":"git:rev-parse","start_ns":1789219466524523000,"ns":7059750}
PERF {"pid":83453,"phase":"git:rev-parse","start_ns":1789219466531625000,"ns":7699792}
PERF {"pid":83453,"phase":"git:rev-parse","start_ns":1789219466539424000,"ns":6409500}
PERF {"pid":83453,"phase":"git:rev-parse","start_ns":1789219466545917000,"ns":6606417}
PERF {"pid":83453,"phase":"git:rev-parse","start_ns":1789219466552620000,"ns":6951042}
PERF {"pid":83453,"phase":"git:rev-parse","start_ns":1789219466559605000,"ns":7523625}
PERF {"pid":83453,"phase":"git:rev-parse","start_ns":1789219466567169000,"ns":7362875}
PERF {"pid":83453,"phase":"git:rev-parse","start_ns":1789219466574568000,"ns":7139834}
PERF {"pid":83453,"phase":"git:rev-parse","start_ns":1789219466581754000,"ns":8008833}
PERF {"pid":83453,"phase":"git:rev-parse","start_ns":1789219466589820000,"ns":6535041}
PERF {"pid":83453,"phase":"git:rev-parse","start_ns":1789219466596478000,"ns":6825042}
PERF {"pid":83453,"phase":"git:rev-parse","start_ns":1789219466603353000,"ns":6604417}
PERF {"pid":83453,"phase":"git:rev-parse","start_ns":1789219466609993000,"ns":6760208}
PERF {"pid":83453,"phase":"git:rev-parse","start_ns":1789219466616788000,"ns":7290250}
PERF {"pid":83453,"phase":"git:rev-parse","start_ns":1789219466624126000,"ns":7154375}
PERF {"pid":83453,"phase":"git:rev-parse","start_ns":1789219466631312000,"ns":6780334}
PERF {"pid":83453,"phase":"git:rev-parse","start_ns":1789219466638136000,"ns":6282791}
PERF {"pid":83453,"phase":"git:rev-parse","start_ns":1789219466644451000,"ns":7940833}
PERF {"pid":83453,"phase":"git:rev-parse","start_ns":1789219466652439000,"ns":6868375}
PERF {"pid":83453,"phase":"git:rev-parse","start_ns":1789219466659390000,"ns":7252291}
PERF {"pid":83453,"phase":"git:rev-parse","start_ns":1789219466666675000,"ns":7345167}
PERF {"pid":83453,"phase":"git:rev-parse","start_ns":1789219466674053000,"ns":6539666}
PERF {"pid":83453,"phase":"git:rev-parse","start_ns":1789219466680636000,"ns":6333667}
PERF {"pid":83453,"phase":"git:rev-parse","start_ns":1789219466687039000,"ns":6937334}
PERF {"pid":83453,"phase":"git:rev-parse","start_ns":1789219466694009000,"ns":7899000}
PERF {"pid":83453,"phase":"git:rev-parse","start_ns":1789219466701940000,"ns":7326250}
PERF {"pid":83453,"phase":"git:rev-parse","start_ns":1789219466709302000,"ns":7389042}
PERF {"pid":83453,"phase":"git:rev-parse","start_ns":1789219466716725000,"ns":7611708}
PERF {"pid":83453,"phase":"git:rev-parse","start_ns":1789219466724376000,"ns":7933167}
PERF {"pid":83453,"phase":"git:rev-parse","start_ns":1789219466732346000,"ns":7261708}
PERF {"pid":83453,"phase":"git:rev-parse","start_ns":1789219466739659000,"ns":6741792}
PERF {"pid":83453,"phase":"git:rev-parse","start_ns":1789219466746481000,"ns":7386542}
PERF {"pid":83453,"phase":"git:rev-parse","start_ns":1789219466753911000,"ns":8065834}
PERF {"pid":83453,"phase":"git:rev-parse","start_ns":1789219466762033000,"ns":7050000}
PERF {"pid":83453,"phase":"git:rev-parse","start_ns":1789219466769123000,"ns":7662833}
PERF {"pid":83453,"phase":"git:rev-parse","start_ns":1789219466776818000,"ns":7377834}
PERF {"pid":83453,"phase":"git:rev-parse","start_ns":1789219466784231000,"ns":7334875}
PERF {"pid":83453,"phase":"git:rev-parse","start_ns":1789219466791593000,"ns":7152875}
PERF {"pid":83453,"phase":"git:rev-parse","start_ns":1789219466798825000,"ns":7696459}
PERF {"pid":83453,"phase":"git:rev-parse","start_ns":1789219466806584000,"ns":6494583}
PERF {"pid":83453,"phase":"git:rev-parse","start_ns":1789219466813127000,"ns":6588416}
PERF {"pid":83453,"phase":"git:rev-parse","start_ns":1789219466819781000,"ns":7404959}
PERF {"pid":83453,"phase":"git:rev-parse","start_ns":1789219466827221000,"ns":7536208}
PERF {"pid":83453,"phase":"git:rev-parse","start_ns":1789219466834792000,"ns":7851166}
PERF {"pid":83453,"phase":"git:rev-parse","start_ns":1789219466842675000,"ns":7672667}
PERF {"pid":83453,"phase":"git:rev-parse","start_ns":1789219466850385000,"ns":7842917}
PERF {"pid":83453,"phase":"git:rev-parse","start_ns":1789219466858263000,"ns":7289041}
PERF {"pid":83453,"phase":"git:rev-parse","start_ns":1789219466865592000,"ns":7754917}
PERF {"pid":83453,"phase":"git:rev-parse","start_ns":1789219466873386000,"ns":6461500}
PERF {"pid":83453,"phase":"git:rev-parse","start_ns":1789219466879897000,"ns":6986083}
PERF {"pid":83453,"phase":"git:rev-parse","start_ns":1789219466886924000,"ns":6710291}
PERF {"pid":83453,"phase":"git:rev-parse","start_ns":1789219466893669000,"ns":7102208}
PERF {"pid":83453,"phase":"git:rev-parse","start_ns":1789219466900806000,"ns":7233791}
PERF {"pid":83453,"phase":"git:rev-parse","start_ns":1789219466908071000,"ns":7089458}
PERF {"pid":83453,"phase":"git:rev-parse","start_ns":1789219466915225000,"ns":7878291}
PERF {"pid":83453,"phase":"git:rev-parse","start_ns":1789219466923167000,"ns":7715375}
PERF {"pid":83453,"phase":"git:rev-parse","start_ns":1789219466930929000,"ns":7584500}
PERF {"pid":83453,"phase":"git:rev-parse","start_ns":1789219466938586000,"ns":7049917}
PERF {"pid":83453,"phase":"git:rev-parse","start_ns":1789219466945674000,"ns":6776542}
PERF {"pid":83453,"phase":"git:rev-parse","start_ns":1789219466952496000,"ns":7547125}
PERF {"pid":83453,"phase":"git:rev-parse","start_ns":1789219466960084000,"ns":7116333}
PERF {"pid":83453,"phase":"git:for-each-ref","start_ns":1789219466967246000,"ns":10021958}
PERF {"pid":83453,"phase":"pins","start_ns":1789219466236502000,"ns":740930291}
PERF {"pid":83453,"phase":"git:hash-object","start_ns":1789219466977456000,"ns":15228083}
PERF {"pid":83453,"phase":"git:mktree","start_ns":1789219466992724000,"ns":7992584}
PERF {"pid":83453,"phase":"git:commit-tree","start_ns":1789219467000779000,"ns":12460333}
PERF {"pid":83453,"phase":"git:update-ref","start_ns":1789219467014018000,"ns":40139125}
PERF {"pid":83453,"phase":"lock-held","start_ns":1789219466202773000,"ns":851405500}
PERF {"pid":83453,"phase":"lock-wait","start_ns":1789219467054426000,"ns":49375}
PERF {"pid":83453,"phase":"git:for-each-ref","start_ns":1789219467054483000,"ns":6742292}
PERF {"pid":83453,"phase":"git:cat-file","start_ns":1789219467061366000,"ns":6828166}
PERF {"pid":83453,"phase":"git:ls-tree","start_ns":1789219467068220000,"ns":8093125}
PERF {"pid":83453,"phase":"git:cat-file","start_ns":1789219467076351000,"ns":7458834}
PERF {"pid":83453,"phase":"read","start_ns":1789219467054482000,"ns":30959042}
PERF {"pid":83453,"phase":"encode-before","start_ns":1789219467085467000,"ns":1249042}
PERF {"pid":83453,"phase":"encode-after","start_ns":1789219467086739000,"ns":780666}
PERF {"pid":83453,"phase":"git:cat-file","start_ns":1789219467087717000,"ns":7892791}
PERF {"pid":83453,"phase":"git:rev-parse","start_ns":1789219467095668000,"ns":8695083}
PERF {"pid":83453,"phase":"git:rev-parse","start_ns":1789219467104433000,"ns":7493792}
PERF {"pid":83453,"phase":"git:rev-parse","start_ns":1789219467112059000,"ns":8602834}
PERF {"pid":83453,"phase":"git:rev-parse","start_ns":1789219467120701000,"ns":7329667}
PERF {"pid":83453,"phase":"git:rev-parse","start_ns":1789219467128074000,"ns":7339083}
PERF {"pid":83453,"phase":"git:rev-parse","start_ns":1789219467135474000,"ns":6970333}
PERF {"pid":83453,"phase":"git:rev-parse","start_ns":1789219467142496000,"ns":6444959}
PERF {"pid":83453,"phase":"git:rev-parse","start_ns":1789219467148977000,"ns":7058708}
PERF {"pid":83453,"phase":"git:rev-parse","start_ns":1789219467156065000,"ns":8008250}
PERF {"pid":83453,"phase":"git:rev-parse","start_ns":1789219467164107000,"ns":7122375}
PERF {"pid":83453,"phase":"git:rev-parse","start_ns":1789219467171266000,"ns":6956625}
PERF {"pid":83453,"phase":"git:rev-parse","start_ns":1789219467178256000,"ns":6959416}
PERF {"pid":83453,"phase":"git:rev-parse","start_ns":1789219467185279000,"ns":7623917}
PERF {"pid":83453,"phase":"git:rev-parse","start_ns":1789219467192944000,"ns":6043542}
PERF {"pid":83453,"phase":"git:rev-parse","start_ns":1789219467199091000,"ns":7259792}
PERF {"pid":83453,"phase":"git:rev-parse","start_ns":1789219467206386000,"ns":7387500}
PERF {"pid":83453,"phase":"git:rev-parse","start_ns":1789219467213807000,"ns":7805667}
PERF {"pid":83453,"phase":"git:rev-parse","start_ns":1789219467221651000,"ns":7555833}
PERF {"pid":83453,"phase":"git:rev-parse","start_ns":1789219467229248000,"ns":7497583}
PERF {"pid":83453,"phase":"git:rev-parse","start_ns":1789219467236792000,"ns":7284459}
PERF {"pid":83453,"phase":"git:rev-parse","start_ns":1789219467244119000,"ns":8410292}
PERF {"pid":83453,"phase":"git:rev-parse","start_ns":1789219467252647000,"ns":7793500}
PERF {"pid":83453,"phase":"git:rev-parse","start_ns":1789219467260504000,"ns":8505542}
PERF {"pid":83453,"phase":"git:rev-parse","start_ns":1789219467269056000,"ns":6610750}
PERF {"pid":83453,"phase":"git:rev-parse","start_ns":1789219467275703000,"ns":8125208}
PERF {"pid":83453,"phase":"git:rev-parse","start_ns":1789219467283871000,"ns":6161542}
PERF {"pid":83453,"phase":"git:rev-parse","start_ns":1789219467290076000,"ns":7759667}
PERF {"pid":83453,"phase":"git:rev-parse","start_ns":1789219467297867000,"ns":7938542}
PERF {"pid":83453,"phase":"git:rev-parse","start_ns":1789219467305842000,"ns":7543542}
PERF {"pid":83453,"phase":"git:rev-parse","start_ns":1789219467313421000,"ns":7552250}
PERF {"pid":83453,"phase":"git:rev-parse","start_ns":1789219467321014000,"ns":7349625}
PERF {"pid":83453,"phase":"git:rev-parse","start_ns":1789219467328413000,"ns":7231208}
PERF {"pid":83453,"phase":"git:rev-parse","start_ns":1789219467335708000,"ns":7329542}
PERF {"pid":83453,"phase":"git:rev-parse","start_ns":1789219467343078000,"ns":6902250}
PERF {"pid":83453,"phase":"git:rev-parse","start_ns":1789219467350046000,"ns":6581500}
PERF {"pid":83453,"phase":"git:rev-parse","start_ns":1789219467356659000,"ns":7134250}
PERF {"pid":83453,"phase":"git:rev-parse","start_ns":1789219467363837000,"ns":7103875}
PERF {"pid":83453,"phase":"git:rev-parse","start_ns":1789219467370972000,"ns":7077375}
PERF {"pid":83453,"phase":"git:rev-parse","start_ns":1789219467378090000,"ns":8139125}
PERF {"pid":83453,"phase":"git:rev-parse","start_ns":1789219467386275000,"ns":6621250}
PERF {"pid":83453,"phase":"git:rev-parse","start_ns":1789219467392932000,"ns":7531334}
PERF {"pid":83453,"phase":"git:rev-parse","start_ns":1789219467400500000,"ns":7536333}
PERF {"pid":83453,"phase":"git:rev-parse","start_ns":1789219467408085000,"ns":6792042}
PERF {"pid":83453,"phase":"git:rev-parse","start_ns":1789219467414924000,"ns":7509000}
PERF {"pid":83453,"phase":"git:rev-parse","start_ns":1789219467422469000,"ns":7726959}
PERF {"pid":83453,"phase":"git:rev-parse","start_ns":1789219467430231000,"ns":7687666}
PERF {"pid":83453,"phase":"git:rev-parse","start_ns":1789219467437955000,"ns":6849416}
PERF {"pid":83453,"phase":"git:rev-parse","start_ns":1789219467444840000,"ns":6993375}
PERF {"pid":83453,"phase":"git:rev-parse","start_ns":1789219467451874000,"ns":6513625}
PERF {"pid":83453,"phase":"git:rev-parse","start_ns":1789219467458423000,"ns":6826791}
PERF {"pid":83453,"phase":"git:rev-parse","start_ns":1789219467465341000,"ns":6982291}
PERF {"pid":83453,"phase":"git:rev-parse","start_ns":1789219467472381000,"ns":7588250}
PERF {"pid":83453,"phase":"git:rev-parse","start_ns":1789219467480020000,"ns":7110792}
PERF {"pid":83453,"phase":"git:rev-parse","start_ns":1789219467487168000,"ns":7720291}
PERF {"pid":83453,"phase":"git:rev-parse","start_ns":1789219467494956000,"ns":7196667}
PERF {"pid":83453,"phase":"git:rev-parse","start_ns":1789219467502198000,"ns":6801959}
PERF {"pid":83453,"phase":"git:rev-parse","start_ns":1789219467509050000,"ns":7305833}
PERF {"pid":83453,"phase":"git:rev-parse","start_ns":1789219467516403000,"ns":6828083}
PERF {"pid":83453,"phase":"git:rev-parse","start_ns":1789219467523268000,"ns":7380333}
PERF {"pid":83453,"phase":"git:rev-parse","start_ns":1789219467530679000,"ns":6985583}
PERF {"pid":83453,"phase":"git:rev-parse","start_ns":1789219467537697000,"ns":7328875}
PERF {"pid":83453,"phase":"git:rev-parse","start_ns":1789219467545058000,"ns":7083334}
PERF {"pid":83453,"phase":"git:rev-parse","start_ns":1789219467552218000,"ns":7398916}
PERF {"pid":83453,"phase":"git:rev-parse","start_ns":1789219467559686000,"ns":7031417}
PERF {"pid":83453,"phase":"git:rev-parse","start_ns":1789219467566784000,"ns":6483667}
PERF {"pid":83453,"phase":"git:rev-parse","start_ns":1789219467573325000,"ns":7214708}
PERF {"pid":83453,"phase":"git:rev-parse","start_ns":1789219467580583000,"ns":7258834}
PERF {"pid":83453,"phase":"git:rev-parse","start_ns":1789219467587883000,"ns":7113583}
PERF {"pid":83453,"phase":"git:rev-parse","start_ns":1789219467595041000,"ns":6849708}
PERF {"pid":83453,"phase":"git:rev-parse","start_ns":1789219467601953000,"ns":6857833}
PERF {"pid":83453,"phase":"git:rev-parse","start_ns":1789219467608856000,"ns":6571917}
PERF {"pid":83453,"phase":"git:rev-parse","start_ns":1789219467615458000,"ns":7261125}
PERF {"pid":83453,"phase":"git:rev-parse","start_ns":1789219467622752000,"ns":7716375}
PERF {"pid":83453,"phase":"git:rev-parse","start_ns":1789219467630499000,"ns":7841875}
PERF {"pid":83453,"phase":"git:rev-parse","start_ns":1789219467638381000,"ns":7410750}
PERF {"pid":83453,"phase":"git:rev-parse","start_ns":1789219467645824000,"ns":7084875}
PERF {"pid":83453,"phase":"git:rev-parse","start_ns":1789219467652950000,"ns":7219958}
PERF {"pid":83453,"phase":"git:rev-parse","start_ns":1789219467660213000,"ns":6941792}
PERF {"pid":83453,"phase":"git:rev-parse","start_ns":1789219467667198000,"ns":6312750}
PERF {"pid":83453,"phase":"git:rev-parse","start_ns":1789219467673544000,"ns":7383167}
PERF {"pid":83453,"phase":"git:rev-parse","start_ns":1789219467680960000,"ns":7570375}
PERF {"pid":83453,"phase":"git:rev-parse","start_ns":1789219467688560000,"ns":7437500}
PERF {"pid":83453,"phase":"git:rev-parse","start_ns":1789219467696036000,"ns":7131375}
PERF {"pid":83453,"phase":"git:rev-parse","start_ns":1789219467703201000,"ns":7117666}
PERF {"pid":83453,"phase":"git:rev-parse","start_ns":1789219467710375000,"ns":7272834}
PERF {"pid":83453,"phase":"git:rev-parse","start_ns":1789219467717687000,"ns":6623083}
PERF {"pid":83453,"phase":"git:rev-parse","start_ns":1789219467724367000,"ns":7384792}
PERF {"pid":83453,"phase":"git:rev-parse","start_ns":1789219467731827000,"ns":7130917}
PERF {"pid":83453,"phase":"git:rev-parse","start_ns":1789219467738992000,"ns":7898083}
PERF {"pid":83453,"phase":"git:rev-parse","start_ns":1789219467746925000,"ns":7387208}
PERF {"pid":83453,"phase":"git:rev-parse","start_ns":1789219467754349000,"ns":7917792}
PERF {"pid":83453,"phase":"git:rev-parse","start_ns":1789219467762309000,"ns":7168416}
PERF {"pid":83453,"phase":"git:rev-parse","start_ns":1789219467769515000,"ns":6427875}
PERF {"pid":83453,"phase":"git:rev-parse","start_ns":1789219467776025000,"ns":7193917}
PERF {"pid":83453,"phase":"git:rev-parse","start_ns":1789219467783248000,"ns":6473208}
PERF {"pid":83453,"phase":"git:rev-parse","start_ns":1789219467789754000,"ns":7730667}
PERF {"pid":83453,"phase":"git:rev-parse","start_ns":1789219467797535000,"ns":7596166}
PERF {"pid":83453,"phase":"git:rev-parse","start_ns":1789219467805167000,"ns":7931459}
PERF {"pid":83453,"phase":"git:rev-parse","start_ns":1789219467813130000,"ns":7839334}
PERF {"pid":83453,"phase":"git:rev-parse","start_ns":1789219467821006000,"ns":7098833}
PERF {"pid":83453,"phase":"git:for-each-ref","start_ns":1789219467828141000,"ns":10644584}
PERF {"pid":83453,"phase":"pins","start_ns":1789219467087550000,"ns":751350709}
PERF {"pid":83453,"phase":"git:hash-object","start_ns":1789219467838923000,"ns":14860125}
PERF {"pid":83453,"phase":"git:mktree","start_ns":1789219467853837000,"ns":7610458}
PERF {"pid":83453,"phase":"git:commit-tree","start_ns":1789219467861487000,"ns":11941292}
PERF {"pid":83453,"phase":"git:update-ref","start_ns":1789219467873954000,"ns":41579583}
PERF {"pid":83453,"phase":"lock-held","start_ns":1789219467054482000,"ns":861093833}
PERF {"pid":83453,"phase":"lock-wait","start_ns":1789219467916129000,"ns":148709}
PERF {"pid":83453,"phase":"git:for-each-ref","start_ns":1789219467916353000,"ns":8107375}
PERF {"pid":83453,"phase":"git:cat-file","start_ns":1789219467924516000,"ns":7159208}
PERF {"pid":83453,"phase":"git:ls-tree","start_ns":1789219467931731000,"ns":7752833}
PERF {"pid":83453,"phase":"git:cat-file","start_ns":1789219467939520000,"ns":7894500}
PERF {"pid":83453,"phase":"read","start_ns":1789219467916350000,"ns":33347375}
PERF {"pid":83453,"phase":"encode-before","start_ns":1789219467949753000,"ns":1316875}
PERF {"pid":83453,"phase":"encode-after","start_ns":1789219467951119000,"ns":733042}
PERF {"pid":83453,"phase":"git:cat-file","start_ns":1789219467952018000,"ns":7179417}
PERF {"pid":83453,"phase":"git:rev-parse","start_ns":1789219467959431000,"ns":6746000}
PERF {"pid":83453,"phase":"git:rev-parse","start_ns":1789219467966202000,"ns":6852375}
PERF {"pid":83453,"phase":"git:rev-parse","start_ns":1789219467973100000,"ns":7436375}
PERF {"pid":83453,"phase":"git:rev-parse","start_ns":1789219467980572000,"ns":7854167}
PERF {"pid":83453,"phase":"git:rev-parse","start_ns":1789219467988463000,"ns":7931750}
PERF {"pid":83453,"phase":"git:rev-parse","start_ns":1789219467996432000,"ns":7686875}
PERF {"pid":83453,"phase":"git:rev-parse","start_ns":1789219468004185000,"ns":7467208}
PERF {"pid":83453,"phase":"git:rev-parse","start_ns":1789219468011692000,"ns":7652917}
PERF {"pid":83453,"phase":"git:rev-parse","start_ns":1789219468019402000,"ns":6233667}
PERF {"pid":83453,"phase":"git:rev-parse","start_ns":1789219468025678000,"ns":6628792}
PERF {"pid":83453,"phase":"git:rev-parse","start_ns":1789219468032400000,"ns":7096375}
PERF {"pid":83453,"phase":"git:rev-parse","start_ns":1789219468039522000,"ns":7387000}
PERF {"pid":83453,"phase":"git:rev-parse","start_ns":1789219468046942000,"ns":7661792}
PERF {"pid":83453,"phase":"git:rev-parse","start_ns":1789219468054635000,"ns":7517917}
PERF {"pid":83453,"phase":"git:rev-parse","start_ns":1789219468062208000,"ns":7440292}
PERF {"pid":83453,"phase":"git:rev-parse","start_ns":1789219468069683000,"ns":7538000}
PERF {"pid":83453,"phase":"git:rev-parse","start_ns":1789219468077301000,"ns":7352000}
PERF {"pid":83453,"phase":"git:rev-parse","start_ns":1789219468084703000,"ns":6296583}
PERF {"pid":83453,"phase":"git:rev-parse","start_ns":1789219468091139000,"ns":6862583}
PERF {"pid":83453,"phase":"git:rev-parse","start_ns":1789219468098032000,"ns":6988167}
PERF {"pid":83453,"phase":"git:rev-parse","start_ns":1789219468105054000,"ns":7217666}
PERF {"pid":83453,"phase":"git:rev-parse","start_ns":1789219468112328000,"ns":7206584}
PERF {"pid":83453,"phase":"git:rev-parse","start_ns":1789219468119608000,"ns":7972791}
PERF {"pid":83453,"phase":"git:rev-parse","start_ns":1789219468127652000,"ns":8307125}
PERF {"pid":83453,"phase":"git:rev-parse","start_ns":1789219468136012000,"ns":8054709}
PERF {"pid":83453,"phase":"git:rev-parse","start_ns":1789219468144104000,"ns":6555125}
PERF {"pid":83453,"phase":"git:rev-parse","start_ns":1789219468150699000,"ns":7604584}
PERF {"pid":83453,"phase":"git:rev-parse","start_ns":1789219468158340000,"ns":6935875}
PERF {"pid":83453,"phase":"git:rev-parse","start_ns":1789219468165306000,"ns":7166084}
PERF {"pid":83453,"phase":"git:rev-parse","start_ns":1789219468172506000,"ns":6928417}
PERF {"pid":83453,"phase":"git:rev-parse","start_ns":1789219468179464000,"ns":7369875}
PERF {"pid":83453,"phase":"git:rev-parse","start_ns":1789219468186876000,"ns":7594083}
PERF {"pid":83453,"phase":"git:rev-parse","start_ns":1789219468194532000,"ns":7137333}
PERF {"pid":83453,"phase":"git:rev-parse","start_ns":1789219468201697000,"ns":6966625}
PERF {"pid":83453,"phase":"git:rev-parse","start_ns":1789219468208714000,"ns":7593917}
PERF {"pid":83453,"phase":"git:rev-parse","start_ns":1789219468216342000,"ns":6997417}
PERF {"pid":83453,"phase":"git:rev-parse","start_ns":1789219468223375000,"ns":7947834}
PERF {"pid":83453,"phase":"git:rev-parse","start_ns":1789219468231363000,"ns":6728083}
PERF {"pid":83453,"phase":"git:rev-parse","start_ns":1789219468238131000,"ns":6759792}
PERF {"pid":83453,"phase":"git:rev-parse","start_ns":1789219468244928000,"ns":6905166}
PERF {"pid":83453,"phase":"git:rev-parse","start_ns":1789219468251863000,"ns":7482292}
PERF {"pid":83453,"phase":"git:rev-parse","start_ns":1789219468259380000,"ns":7667583}
PERF {"pid":83453,"phase":"git:rev-parse","start_ns":1789219468267072000,"ns":7541958}
PERF {"pid":83453,"phase":"git:rev-parse","start_ns":1789219468274658000,"ns":7083417}
PERF {"pid":83453,"phase":"git:rev-parse","start_ns":1789219468281786000,"ns":6718208}
PERF {"pid":83453,"phase":"git:rev-parse","start_ns":1789219468288551000,"ns":7551250}
PERF {"pid":83453,"phase":"git:rev-parse","start_ns":1789219468296142000,"ns":6780208}
PERF {"pid":83453,"phase":"git:rev-parse","start_ns":1789219468302984000,"ns":6942792}
PERF {"pid":83453,"phase":"git:rev-parse","start_ns":1789219468309952000,"ns":7554375}
PERF {"pid":83453,"phase":"git:rev-parse","start_ns":1789219468317535000,"ns":7661750}
PERF {"pid":83453,"phase":"git:rev-parse","start_ns":1789219468325231000,"ns":7904000}
PERF {"pid":83453,"phase":"git:rev-parse","start_ns":1789219468333209000,"ns":6971459}
PERF {"pid":83453,"phase":"git:rev-parse","start_ns":1789219468340219000,"ns":7415750}
PERF {"pid":83453,"phase":"git:rev-parse","start_ns":1789219468347675000,"ns":5666000}
PERF {"pid":83453,"phase":"git:rev-parse","start_ns":1789219468353369000,"ns":6991584}
PERF {"pid":83453,"phase":"git:rev-parse","start_ns":1789219468360390000,"ns":7381500}
PERF {"pid":83453,"phase":"git:rev-parse","start_ns":1789219468367801000,"ns":7053291}
PERF {"pid":83453,"phase":"git:rev-parse","start_ns":1789219468374885000,"ns":6727708}
PERF {"pid":83453,"phase":"git:rev-parse","start_ns":1789219468381655000,"ns":6851333}
PERF {"pid":83453,"phase":"git:rev-parse","start_ns":1789219468388553000,"ns":5878583}
PERF {"pid":83453,"phase":"git:rev-parse","start_ns":1789219468394456000,"ns":7035875}
PERF {"pid":83453,"phase":"git:rev-parse","start_ns":1789219468401527000,"ns":6825083}
PERF {"pid":83453,"phase":"git:rev-parse","start_ns":1789219468408399000,"ns":6252166}
PERF {"pid":83453,"phase":"git:rev-parse","start_ns":1789219468414691000,"ns":6873250}
PERF {"pid":83453,"phase":"git:rev-parse","start_ns":1789219468421602000,"ns":7225458}
PERF {"pid":83453,"phase":"git:rev-parse","start_ns":1789219468428853000,"ns":6832042}
PERF {"pid":83453,"phase":"git:rev-parse","start_ns":1789219468435714000,"ns":6915041}
PERF {"pid":83453,"phase":"git:rev-parse","start_ns":1789219468442668000,"ns":6624500}
PERF {"pid":83453,"phase":"git:rev-parse","start_ns":1789219468449652000,"ns":7283959}
PERF {"pid":83453,"phase":"git:rev-parse","start_ns":1789219468456999000,"ns":7261250}
PERF {"pid":83453,"phase":"git:rev-parse","start_ns":1789219468464291000,"ns":7241167}
PERF {"pid":83453,"phase":"git:rev-parse","start_ns":1789219468471600000,"ns":7382625}
PERF {"pid":83453,"phase":"git:rev-parse","start_ns":1789219468479019000,"ns":7311333}
PERF {"pid":83453,"phase":"git:rev-parse","start_ns":1789219468486381000,"ns":7154958}
PERF {"pid":83453,"phase":"git:rev-parse","start_ns":1789219468493618000,"ns":6780208}
PERF {"pid":83453,"phase":"git:rev-parse","start_ns":1789219468500462000,"ns":6807000}
PERF {"pid":83453,"phase":"git:rev-parse","start_ns":1789219468507313000,"ns":6798500}
PERF {"pid":83453,"phase":"git:rev-parse","start_ns":1789219468514143000,"ns":8843125}
PERF {"pid":83453,"phase":"git:rev-parse","start_ns":1789219468523051000,"ns":7696250}
PERF {"pid":83453,"phase":"git:rev-parse","start_ns":1789219468530785000,"ns":7120417}
PERF {"pid":83453,"phase":"git:rev-parse","start_ns":1789219468537939000,"ns":7191041}
PERF {"pid":83453,"phase":"git:rev-parse","start_ns":1789219468545163000,"ns":6785250}
PERF {"pid":83453,"phase":"git:rev-parse","start_ns":1789219468552006000,"ns":8206500}
PERF {"pid":83453,"phase":"git:rev-parse","start_ns":1789219468560271000,"ns":6125583}
PERF {"pid":83453,"phase":"git:rev-parse","start_ns":1789219468566476000,"ns":6826834}
PERF {"pid":83453,"phase":"git:rev-parse","start_ns":1789219468573336000,"ns":7290875}
PERF {"pid":83453,"phase":"git:rev-parse","start_ns":1789219468580664000,"ns":7303208}
PERF {"pid":83453,"phase":"git:rev-parse","start_ns":1789219468588004000,"ns":7433041}
PERF {"pid":83453,"phase":"git:rev-parse","start_ns":1789219468595476000,"ns":7051625}
PERF {"pid":83453,"phase":"git:rev-parse","start_ns":1789219468602559000,"ns":7345042}
PERF {"pid":83453,"phase":"git:rev-parse","start_ns":1789219468609964000,"ns":6279917}
PERF {"pid":83453,"phase":"git:rev-parse","start_ns":1789219468616300000,"ns":7324166}
PERF {"pid":83453,"phase":"git:rev-parse","start_ns":1789219468623677000,"ns":7108833}
PERF {"pid":83453,"phase":"git:rev-parse","start_ns":1789219468630814000,"ns":7513333}
PERF {"pid":83453,"phase":"git:rev-parse","start_ns":1789219468638361000,"ns":7312666}
PERF {"pid":83453,"phase":"git:rev-parse","start_ns":1789219468645705000,"ns":6833625}
PERF {"pid":83453,"phase":"git:rev-parse","start_ns":1789219468652584000,"ns":7180625}
PERF {"pid":83453,"phase":"git:rev-parse","start_ns":1789219468659807000,"ns":6235542}
PERF {"pid":83453,"phase":"git:rev-parse","start_ns":1789219468666219000,"ns":6866208}
PERF {"pid":83453,"phase":"git:rev-parse","start_ns":1789219468673116000,"ns":7427375}
PERF {"pid":83453,"phase":"git:for-each-ref","start_ns":1789219468680584000,"ns":10455458}
PERF {"pid":83453,"phase":"pins","start_ns":1789219467951878000,"ns":739443500}
PERF {"pid":83453,"phase":"git:hash-object","start_ns":1789219468691360000,"ns":14397125}
PERF {"pid":83453,"phase":"git:mktree","start_ns":1789219468705791000,"ns":8070291}
PERF {"pid":83453,"phase":"git:commit-tree","start_ns":1789219468713901000,"ns":11984667}
PERF {"pid":83453,"phase":"git:update-ref","start_ns":1789219468726422000,"ns":41340042}
PERF {"pid":83453,"phase":"lock-held","start_ns":1789219467916350000,"ns":851449667}
